umap_1;umap_2;label
9.855789;10.68004;Basophil
8.884729;10.25447;Basophil
-2.6402357;18.336985;Basophil
9.082062;9.480013;Basophil
8.96448;9.877175;Basophil
8.607369;9.802216;Basophil
8.818997;9.606244;Basophil
9.374439;10.224627;Basophil
9.276315;9.518166;Basophil
8.6469345;10.375666;Basophil
8.749746;10.355581;Basophil
8.780019;10.063987;Basophil
9.234115;9.108329;Basophil
9.899341;11.114602;Basophil
9.349342;9.970223;Basophil
9.172515;10.159019;Basophil
8.661712;9.584998;Basophil
8.456366;10.102212;Basophil
9.797219;10.657693;Basophil
9.088208;9.072531;Basophil
9.65949;9.766064;Basophil
9.880611;10.988554;Basophil
9.402445;9.983682;Basophil
8.784506;9.5568285;Basophil
8.990241;9.503838;Basophil
9.604635;10.285602;Basophil
8.628947;10.263411;Basophil
9.213452;9.916734;Basophil
-2.6260624;18.383793;Basophil
9.422833;9.557326;Basophil
9.488118;9.964653;Basophil
9.542003;9.843252;Basophil
9.564848;10.531842;Basophil
9.313835;9.70936;Basophil
8.293812;9.306977;Basophil
9.4876995;10.3225765;Basophil
9.934735;10.813049;Basophil
8.274092;9.721181;Basophil
8.468004;9.248588;Basophil
9.7168255;10.116736;Basophil
9.374623;9.663472;Basophil
9.823117;10.576574;Basophil
9.576953;9.693133;Basophil
8.706946;10.161528;Basophil
-2.6083598;18.334038;Basophil
-2.625993;18.314514;Basophil
8.528412;10.329564;Basophil
8.983001;10.185564;Basophil
9.253118;9.85368;Basophil
8.843019;9.295219;Basophil
8.76695;10.451212;Basophil
9.573718;10.9254465;Basophil
9.490694;10.275527;Basophil
8.535495;10.201201;Basophil
8.674838;10.232164;Basophil
8.794677;10.095087;Basophil
8.872594;9.887694;Basophil
8.941521;9.722268;Basophil
9.046609;10.500678;Basophil
8.800405;10.242819;Basophil
9.8359785;11.028156;Basophil
9.557879;10.355771;Basophil
9.0390835;9.633108;Basophil
9.600619;9.75369;Basophil
8.870584;9.51163;Basophil
9.931839;11.185764;Basophil
8.628446;10.257336;Basophil
9.17177;10.0729475;Basophil
9.523265;10.606405;Basophil
9.572565;10.347105;Basophil
9.147412;9.117642;Basophil
9.323811;9.884364;Basophil
9.27788;10.104053;Basophil
8.156698;9.600484;Basophil
9.22035;10.249046;Basophil
8.811202;10.1897;Basophil
-2.692353;18.638092;Basophil
8.717109;10.350376;Basophil
-2.5476198;18.497105;Basophil
9.863563;10.692043;Basophil
9.5654745;10.311817;Basophil
9.388214;9.822448;Basophil
9.866363;10.739978;Basophil
9.261055;9.7081785;Basophil
8.521175;10.292984;Basophil
9.752849;11.0523615;Basophil
8.468158;10.225869;Basophil
8.54683;9.533771;Basophil
9.041937;10.384671;Basophil
8.876628;9.680956;Basophil
-2.6415749;18.34093;Basophil
8.512116;10.238807;Basophil
9.024892;8.971012;Basophil
9.197254;10.517083;Basophil
-2.6263673;18.326212;Basophil
8.685012;9.971307;Basophil
9.813904;10.151279;Basophil
-2.5830362;18.423927;Basophil
8.957581;9.858914;Basophil
9.623346;9.682429;Basophil
9.66149;11.003196;Basophil
8.741418;9.981507;Basophil
2.66091;12.125603;Basophil
9.91791;11.208955;Basophil
8.686304;9.943413;Basophil
-2.646777;18.544086;Basophil
8.685224;10.118647;Basophil
9.604347;9.777428;Basophil
9.641433;9.9665165;Basophil
-2.5761466;18.493011;Basophil
8.549791;10.395079;Basophil
9.835271;11.074798;Basophil
9.801546;11.146915;Basophil
7.887083;9.159735;Basophil
9.088294;9.5779705;Basophil
9.473254;9.456649;Basophil
8.618007;9.479328;Basophil
9.527164;10.095651;Basophil
9.454124;9.296328;Basophil
9.942906;11.229374;Basophil
9.422282;9.4355955;Basophil
9.930083;11.051791;Basophil
8.9375305;9.759097;Basophil
9.107741;9.392253;Basophil
-2.4139745;18.44219;Basophil
8.9026985;8.984162;Basophil
8.464796;10.221249;Basophil
8.468701;9.355834;Basophil
9.246239;9.581298;Basophil
8.619136;10.069108;Basophil
8.8212385;10.125278;Basophil
8.674782;10.155357;Basophil
9.564227;9.812321;Basophil
9.655216;10.739931;Basophil
8.734573;10.158212;Basophil
9.089587;10.440721;Basophil
8.676047;9.642573;Basophil
8.7985115;10.287726;Basophil
9.851607;10.683966;Basophil
9.5982485;9.937576;Basophil
9.363049;10.085695;Basophil
8.553513;10.348878;Basophil
9.879315;10.710558;Basophil
8.441218;9.336215;Basophil
8.593595;10.351297;Basophil
9.6374035;10.622179;Basophil
9.939192;11.210502;Basophil
9.302257;9.557225;Basophil
9.298069;10.254167;Basophil
9.886847;11.074173;Basophil
9.758478;10.160163;Basophil
9.072021;10.151338;Basophil
8.734408;9.8044615;Basophil
9.816145;10.784079;Basophil
8.411962;8.606093;Basophil
8.884292;10.002139;Basophil
9.108537;10.266474;Basophil
8.348238;9.853039;Basophil
9.615423;10.048295;Basophil
9.150967;9.671853;Basophil
9.799226;10.715597;Basophil
8.549871;9.463137;Basophil
8.494069;10.266507;Basophil
9.106349;9.477611;Basophil
9.062241;10.493268;Basophil
8.396036;9.684758;Basophil
9.861917;10.6038265;Basophil
8.494047;10.17351;Basophil
8.653147;9.646738;Basophil
8.884103;10.278791;Basophil
9.9546175;11.145543;Basophil
8.899156;9.926046;Basophil
9.162214;9.726269;Basophil
9.850852;11.071636;Basophil
8.822123;10.4069195;Basophil
9.833586;10.894552;Basophil
9.6676035;10.84343;Basophil
8.513605;10.101898;Basophil
8.73753;9.264531;Basophil
-2.5780218;18.351583;Basophil
9.2469;9.465476;Basophil
8.918762;9.461385;Basophil
9.516778;9.768903;Basophil
8.812233;9.3099375;Basophil
8.11922;9.736314;Basophil
7.8494296;9.334431;Basophil
9.214054;9.679756;Basophil
8.6937475;10.086024;Basophil
9.514626;9.762203;Basophil
9.727634;10.102168;Basophil
9.8802805;11.169817;Basophil
8.851456;10.360238;Basophil
9.765638;10.990474;Basophil
6.598109;8.619463;Basophil
8.447248;9.080092;Basophil
9.337569;9.9718075;Basophil
9.619533;10.677101;Basophil
-2.6372986;18.324661;Basophil
8.5947485;9.392186;Basophil
9.540566;10.591277;Basophil
9.259774;10.203916;Basophil
8.330179;9.887789;Basophil
-2.3797731;18.717155;Basophil
9.326501;9.585673;Basophil
8.736462;10.384357;Basophil
8.688045;9.178376;Basophil
8.779602;9.973597;Basophil
9.047009;9.639055;Basophil
9.379137;9.640591;Basophil
9.271613;9.520155;Basophil
9.642311;10.805966;Basophil
9.223922;10.06245;Basophil
9.775297;10.021655;Basophil
8.522378;9.728735;Basophil
8.6152315;10.312081;Basophil
9.831665;11.039454;Basophil
8.786373;10.157887;Basophil
9.045449;9.304536;Basophil
9.719794;10.805772;Basophil
9.750168;10.871386;Basophil
9.29074;9.146167;Basophil
9.140409;9.261888;Basophil
8.838042;10.314468;Basophil
9.627673;10.85053;Basophil
9.814681;11.057588;Basophil
9.815682;11.142144;Basophil
9.103339;9.183839;Basophil
9.8746805;11.116775;Basophil
9.4624405;10.613629;Basophil
9.367994;10.062141;Basophil
9.826947;10.6507845;Basophil
-2.6067607;18.369778;Basophil
-2.6019824;18.309948;Basophil
9.638439;10.520516;Basophil
8.627302;9.444477;Basophil
9.168643;10.312779;Basophil
-2.635124;18.340334;Basophil
9.531998;10.273038;Basophil
9.744901;10.552906;Basophil
8.6329;10.165544;Basophil
8.74263;9.963005;Basophil
9.709245;10.767008;Basophil
9.190341;9.661245;Basophil
8.678425;10.287198;Basophil
9.545354;10.446821;Basophil
9.18101;9.258161;Basophil
9.19201;9.581602;Basophil
9.154967;10.715519;Basophil
9.151882;9.642013;Basophil
8.549321;9.987755;Basophil
9.137755;9.827852;Basophil
9.332727;9.821423;Basophil
9.319192;9.333325;Basophil
9.84237;10.786872;Basophil
9.864832;11.0824585;Basophil
9.185488;10.265072;Basophil
9.768074;10.650744;Basophil
8.517762;10.115908;Basophil
8.759431;10.005917;Basophil
8.947012;10.213077;Basophil
8.880314;10.247403;Basophil
8.901689;9.810203;Basophil
8.74325;10.430974;Basophil
6.0999136;9.503758;Basophil
9.650485;10.036494;Basophil
8.696087;9.885775;Basophil
8.605161;9.976983;Basophil
9.888219;11.159111;Basophil
9.797175;10.6288395;Basophil
8.969258;10.268655;Basophil
8.858661;9.132584;Basophil
9.802223;10.909744;Basophil
9.43336;9.660831;Basophil
8.74411;9.215201;Basophil
9.944061;11.151184;Basophil
9.521744;9.566459;Basophil
9.220235;9.572087;Basophil
9.095497;9.984306;Basophil
9.540839;10.818162;Basophil
9.648543;10.5088215;Basophil
9.520754;9.906038;Basophil
9.018605;9.754451;Basophil
9.2534485;9.753314;Basophil
9.369468;9.627705;Basophil
9.068152;10.097564;Basophil
8.841914;10.08111;Basophil
9.874119;11.063174;Basophil
9.016083;10.088278;Basophil
9.059198;9.441058;Basophil
9.661254;10.481178;Basophil
8.722733;9.981929;Basophil
-2.6359148;18.3751;Basophil
9.301805;10.516627;Basophil
8.888766;10.118785;Basophil
7.081802;9.24155;Basophil
9.409281;10.64489;Basophil
9.83871;10.80087;Basophil
9.6846285;10.937255;Basophil
8.612875;10.4007225;Basophil
9.712967;11.14811;Basophil
9.233986;9.742462;Basophil
8.674035;10.295419;Basophil
8.574589;10.351609;Basophil
8.847746;10.293982;Basophil
8.555121;9.730203;Basophil
8.673348;9.318292;Basophil
8.962882;10.224729;Basophil
9.703532;9.967571;Basophil
9.103513;9.34178;Basophil
9.428097;9.535565;Basophil
9.169846;9.86854;Basophil
8.96746;10.055395;Basophil
9.3579035;10.520345;Basophil
8.677433;9.934197;Basophil
8.929447;9.815229;Basophil
-2.657218;18.317228;Basophil
9.020492;10.018915;Basophil
9.750856;11.02985;Basophil
9.968697;11.164305;Basophil
9.683518;10.291485;Basophil
9.462215;10.826483;Basophil
9.390251;9.358824;Basophil
8.836979;9.3209715;Basophil
8.639943;9.803102;Basophil
9.354926;10.766092;Basophil
8.576887;10.216667;Basophil
9.572908;10.0241995;Basophil
9.599705;10.769284;Basophil
9.403162;10.789489;Basophil
8.819816;10.032216;Basophil
8.975797;9.030162;Basophil
9.279653;10.10562;Basophil
9.495413;9.492538;Basophil
9.364088;9.648323;Basophil
9.541825;9.982952;Basophil
8.59989;10.350591;Basophil
8.553205;10.233394;Basophil
-2.0644982;18.123848;Basophil
9.147404;9.952391;Basophil
9.495308;9.57785;Basophil
8.663919;9.805719;Basophil
8.478224;9.993613;Basophil
8.563071;10.312871;Basophil
9.706271;10.517766;Basophil
9.46317;9.889514;Basophil
9.712584;10.9721;Basophil
8.912244;9.733622;Basophil
9.483932;9.521311;Basophil
8.9306;9.6260605;Basophil
8.537196;10.295504;Basophil
9.6100855;9.915752;Basophil
8.829399;10.334993;Basophil
9.3615;9.674826;Basophil
8.701619;9.318823;Basophil
-2.6356897;18.374195;Basophil
9.687213;10.239868;Basophil
9.568473;10.484382;Basophil
8.792362;10.076065;Basophil
8.698461;9.708967;Basophil
9.856519;10.730434;Basophil
8.737827;10.222358;Basophil
8.348968;10.07502;Basophil
8.671438;10.383501;Basophil
-2.6663013;18.420431;Basophil
8.882038;10.070317;Basophil
7.7353683;8.152286;Basophil
9.119858;10.192534;Basophil
9.182928;10.060078;Basophil
9.6069;9.652807;Basophil
9.566555;9.94774;Basophil
8.781815;9.447712;Basophil
8.848276;10.0535755;Basophil
-2.6598184;18.32491;Basophil
9.857358;10.942559;Basophil
8.677232;10.07538;Basophil
9.396264;9.910099;Basophil
8.591392;9.960775;Basophil
9.9347315;11.197801;Basophil
8.513996;10.194098;Basophil
9.29884;9.841382;Basophil
9.811232;10.957167;Basophil
9.437136;9.686354;Basophil
9.79848;10.802289;Basophil
9.550786;10.514144;Basophil
8.485163;10.148307;Basophil
9.206181;10.191587;Basophil
9.379737;9.612183;Basophil
-2.599612;18.406906;Basophil
9.052885;9.812983;Basophil
9.787472;10.7304735;Basophil
8.469105;10.152091;Basophil
8.590692;8.876285;Basophil
9.442816;9.84897;Basophil
8.362332;10.0890465;Basophil
-2.661596;18.341885;Basophil
9.042844;10.297375;Basophil
8.745931;10.073208;Basophil
9.840067;11.043568;Basophil
9.170501;9.790551;Basophil
8.879975;10.201145;Basophil
9.541463;9.6458435;Basophil
9.208452;9.847897;Basophil
9.115713;9.690108;Basophil
9.19087;9.571303;Basophil
9.258917;10.336755;Basophil
9.189049;10.052899;Basophil
9.824969;11.007576;Basophil
9.455529;9.681172;Basophil
9.894748;11.192451;Basophil
9.539683;10.136488;Basophil
9.165317;9.871569;Basophil
9.518326;9.917933;Basophil
9.706173;10.994498;Basophil
9.431692;9.76782;Basophil
8.461059;10.264887;Basophil
8.8399515;9.538923;Basophil
9.772349;10.971275;Basophil
-2.630537;18.353008;Basophil
8.586478;10.077719;Basophil
-2.6155562;18.40727;Basophil
9.342956;9.808403;Basophil
8.729432;5.6899834;Basophil
9.312789;9.283007;Basophil
9.785282;11.116439;Basophil
8.746085;10.173014;Basophil
9.355806;10.846977;Basophil
9.398379;10.448677;Basophil
9.195661;9.580285;Basophil
8.765892;10.138619;Basophil
9.7978115;10.34884;Basophil
9.367003;9.494323;Basophil
8.743109;9.376037;Basophil
9.651149;10.926467;Basophil
9.831721;11.0520525;Basophil
9.526194;9.777454;Basophil
9.345299;9.889847;Basophil
9.912077;11.223151;Basophil
9.553644;10.031378;Basophil
9.225233;10.267849;Basophil
9.389277;10.444384;Basophil
8.897631;9.83747;Basophil
9.618296;9.822305;Basophil
8.715938;10.154145;Basophil
9.618126;10.247491;Basophil
9.834835;10.58444;Basophil
8.520888;9.199096;Basophil
9.62272;10.559878;Basophil
8.893886;9.773187;Basophil
9.422608;10.030644;Basophil
9.151766;10.285292;Basophil
9.751772;10.974491;Basophil
6.9163904;9.002557;Basophil
8.632799;9.440178;Basophil
8.903525;10.198244;Basophil
8.987492;10.025206;Basophil
9.359482;9.290947;Basophil
9.357778;10.318526;Basophil
8.900958;9.799291;Basophil
9.041483;9.60604;Basophil
8.877844;10.343437;Basophil
9.275623;9.781683;Basophil
8.583129;10.275111;Basophil
9.837093;10.5269985;Basophil
8.678982;10.122445;Basophil
9.856608;10.616547;Basophil
9.737258;10.989555;Basophil
9.820595;11.0213785;Basophil
8.750441;9.665603;Basophil
9.186244;9.153836;Basophil
8.505592;10.103552;Basophil
9.751133;10.933178;Basophil
9.540102;10.664194;Basophil
9.145311;9.5878725;Basophil
9.242979;10.144956;Basophil
9.558423;9.480907;Basophil
9.488443;9.893408;Basophil
8.681491;8.91694;Basophil
-2.4550006;18.739607;Basophil
8.902975;9.433229;Basophil
8.492204;10.218276;Basophil
9.156083;9.710322;Basophil
9.34369;10.115745;Basophil
9.896076;10.65671;Basophil
9.645294;10.204064;Basophil
9.872871;10.715182;Basophil
8.769869;10.461361;Basophil
9.675572;10.758048;Basophil
9.079068;10.453962;Basophil
8.7233305;9.693532;Basophil
9.860728;10.18321;Basophil
8.828999;10.3023205;Basophil
8.678826;10.165873;Basophil
9.85125;11.18815;Basophil
8.719165;9.89506;Basophil
9.557286;10.660144;Basophil
9.6380005;9.843401;Basophil
8.999024;10.415203;Basophil
8.907057;9.536546;Basophil
9.49751;9.681853;Basophil
8.802564;9.96869;Basophil
8.84503;10.205932;Basophil
8.787335;9.1403265;Basophil
9.313321;9.909355;Basophil
9.344003;9.831944;Basophil
9.340214;9.417574;Basophil
8.595671;9.805425;Basophil
9.905332;11.13954;Basophil
9.047723;10.168425;Basophil
9.006043;9.615674;Basophil
9.590967;10.651693;Basophil
9.309028;9.684785;Basophil
9.413152;10.878765;Basophil
8.994434;9.527668;Basophil
8.529075;10.011552;Basophil
8.710446;10.02716;Basophil
8.8664255;9.803566;Basophil
8.473497;10.113296;Basophil
9.454076;9.978447;Basophil
9.436164;9.91747;Basophil
8.765506;9.857411;Basophil
9.887104;11.144005;Basophil
9.175244;9.717665;Basophil
8.817771;9.526248;Basophil
9.212727;9.831438;Basophil
9.067843;9.956493;Basophil
9.976076;11.165707;Basophil
9.790408;10.752681;Basophil
8.566371;9.019446;Basophil
8.148058;9.633978;Basophil
8.896631;10.258924;Basophil
8.624793;10.379872;Basophil
9.02241;9.370301;Basophil
8.93607;10.579261;Basophil
8.685905;10.215882;Basophil
8.427511;9.041529;Basophil
9.900071;10.952969;Basophil
9.8211975;11.061106;Basophil
9.81726;10.61851;Basophil
9.222914;10.115134;Basophil
8.480675;10.175694;Basophil
9.613954;10.613606;Basophil
6.9807777;8.64338;Basophil
8.597698;10.29869;Basophil
9.605238;9.757175;Basophil
9.1674595;9.772022;Basophil
8.616419;9.565573;Basophil
8.871926;10.034562;Basophil
9.120973;9.977573;Basophil
8.424136;9.314733;Basophil
9.446718;9.511568;Basophil
8.96868;9.958043;Basophil
9.142513;10.227703;Basophil
9.308545;10.26853;Basophil
8.894454;9.495502;Basophil
9.833169;11.211135;Basophil
9.52534;10.207721;Basophil
8.964177;9.897567;Basophil
9.406707;9.969727;Basophil
9.834576;10.77281;Basophil
9.398059;10.290543;Basophil
8.851649;9.879036;Basophil
9.048311;10.2596655;Basophil
9.400785;9.368859;Basophil
8.517945;10.120534;Basophil
8.773333;10.233089;Basophil
9.653081;9.812148;Basophil
9.184945;9.808824;Basophil
8.674413;9.512868;Basophil
9.821612;10.710978;Basophil
9.305655;9.293718;Basophil
8.818057;10.417615;Basophil
9.777501;10.625361;Basophil
8.766624;9.2523155;Basophil
9.22426;9.914128;Basophil
10.016858;11.125565;Basophil
9.205449;9.748146;Basophil
9.916714;11.073227;Basophil
9.352862;10.680822;Basophil
8.424355;10.151473;Basophil
9.892577;11.048236;Basophil
9.2020445;9.724846;Basophil
8.548045;10.271409;Basophil
8.766181;9.778842;Basophil
8.875282;9.40874;Basophil
8.778591;9.892884;Basophil
9.803959;10.669678;Basophil
8.8400345;9.900825;Basophil
8.966938;9.610026;Basophil
8.507522;10.10448;Basophil
8.545449;9.260369;Basophil
9.612483;10.897513;Basophil
8.927281;8.983732;Basophil
9.514045;10.273147;Basophil
8.946318;10.460938;Basophil
9.80681;11.06933;Basophil
2.9678524;11.869593;Basophil
8.7384615;9.888718;Basophil
9.330945;9.997302;Basophil
9.320095;9.973674;Basophil
9.642978;9.850516;Basophil
9.20266;9.126632;Basophil
9.574687;9.84095;Basophil
8.949996;9.492676;Basophil
8.87504;9.638144;Basophil
9.694482;9.784952;Basophil
9.395271;9.810589;Basophil
8.521109;10.264432;Basophil
9.1201105;10.200371;Basophil
8.612357;9.603424;Basophil
9.637677;11.009651;Basophil
8.952671;9.308335;Basophil
8.983955;9.883454;Basophil
8.556812;10.147389;Basophil
9.239114;10.193893;Basophil
9.203751;9.799513;Basophil
9.125981;9.153683;Basophil
9.294503;10.196988;Basophil
8.621745;9.891832;Basophil
11.186818;4.6677804;Basophil
8.39032;9.855526;Basophil
8.737826;9.944743;Basophil
9.431614;9.54374;Basophil
9.65389;10.93405;Basophil
9.499064;9.7391205;Basophil
9.295085;9.254039;Basophil
8.462661;9.529101;Basophil
9.2303705;10.326451;Basophil
8.866602;9.71585;Basophil
9.817251;10.95333;Basophil
8.9302225;10.252477;Basophil
9.593302;9.668468;Basophil
8.779324;10.357687;Basophil
8.616975;10.273362;Basophil
9.088193;9.654965;Basophil
9.543141;9.577318;Basophil
8.353488;9.379289;Basophil
9.7622175;10.605739;Basophil
9.613621;9.867776;Basophil
9.588122;10.304248;Basophil
9.832821;10.753601;Basophil
8.506915;9.9919405;Basophil
8.746886;9.567369;Basophil
8.60656;9.832783;Basophil
8.91598;9.951831;Basophil
8.639382;10.016879;Basophil
8.732614;10.402038;Basophil
9.938943;11.174224;Basophil
9.047783;9.529583;Basophil
8.57228;10.303826;Basophil
8.55881;9.976048;Basophil
7.9117517;8.135607;Basophil
9.126502;9.401271;Basophil
8.741521;9.931758;Basophil
9.629525;10.804447;Basophil
9.536216;10.464076;Basophil
-2.6442792;18.330975;Basophil
9.223452;9.041797;Basophil
9.799818;10.8369;Basophil
8.9804535;9.859073;Basophil
8.751393;10.189284;Basophil
9.235593;9.273897;Basophil
9.923442;11.056844;Basophil
9.054412;9.492019;Basophil
8.468644;9.977366;Basophil
9.7546215;10.975779;Basophil
9.521938;9.795612;Basophil
8.033026;9.022669;Basophil
9.35157;9.612823;Basophil
9.26293;10.056691;Basophil
9.102177;9.586021;Basophil
9.707257;10.33882;Basophil
8.95833;10.401866;Basophil
9.912081;11.16468;Basophil
9.198702;10.252044;Basophil
8.261153;9.463388;Basophil
9.178965;9.697111;Basophil
9.709312;10.895729;Basophil
9.662721;9.841647;Basophil
9.390491;10.023497;Basophil
8.45555;10.2159195;Basophil
8.680037;9.915795;Basophil
9.011474;10.132315;Basophil
9.252884;10.214399;Basophil
9.888144;11.075326;Basophil
9.210204;9.497474;Basophil
9.305507;10.222972;Basophil
-2.4209735;18.472733;Basophil
9.528309;10.090992;Basophil
9.385505;9.46845;Basophil
8.871782;9.988482;Basophil
9.816458;11.108489;Basophil
8.8323965;10.135405;Basophil
8.701647;9.576554;Basophil
9.034145;10.063099;Basophil
8.521992;9.48771;Basophil
9.076709;9.272096;Basophil
9.89797;11.172595;Basophil
9.551412;10.328016;Basophil
8.768677;8.719406;Basophil
-2.4906876;18.609306;Basophil
9.084922;9.830588;Basophil
9.955488;10.828301;Basophil
6.276468;9.125035;Basophil
9.927814;11.200446;Basophil
9.213376;10.326112;Basophil
9.827439;10.664284;Basophil
8.756086;9.269872;Basophil
9.841173;10.990689;Basophil
9.748863;11.033951;Basophil
9.850542;11.07996;Basophil
8.591761;10.347924;Basophil
8.52074;10.366669;Basophil
8.326318;9.278245;Basophil
9.301711;9.865545;Basophil
-2.5998213;18.42327;Basophil
8.509762;10.092883;Basophil
9.841654;10.958812;Basophil
8.971557;9.141985;Basophil
9.813268;11.12241;Basophil
9.457123;9.947243;Basophil
9.257129;10.163471;Basophil
8.576572;10.127636;Basophil
8.966585;9.500037;Basophil
9.713758;10.479617;Basophil
9.9060545;11.025927;Basophil
8.625951;10.1784315;Basophil
8.981261;9.263326;Basophil
9.556075;10.229346;Basophil
8.877399;10.269461;Basophil
8.942919;9.949571;Basophil
9.198875;9.199719;Basophil
9.030988;9.730573;Basophil
9.214886;9.641086;Basophil
9.273682;9.711939;Basophil
9.545998;9.464685;Basophil
9.64603;10.506285;Basophil
9.524289;10.008055;Basophil
9.270521;9.0997305;Basophil
8.960583;9.394299;Basophil
8.455649;10.010098;Basophil
-1.843795;18.808899;Basophil
9.324759;10.065866;Basophil
8.682439;9.902556;Basophil
9.144881;10.683546;Basophil
9.009048;9.099475;Basophil
9.290543;9.158038;Basophil
8.913276;9.533487;Basophil
7.977842;9.31835;Basophil
9.877702;10.743649;Basophil
9.106267;10.26628;Basophil
9.117015;9.344936;Basophil
9.471003;10.40637;Basophil
8.628941;10.209321;Basophil
8.690657;9.960867;Basophil
6.3634005;8.74838;Basophil
8.55619;9.952858;Basophil
9.388678;9.92159;Basophil
9.177804;10.2918825;Basophil
9.516;9.255306;Basophil
9.416312;9.91358;Basophil
9.9236965;11.215997;Basophil
8.66355;10.038845;Basophil
9.08164;9.9149;Basophil
9.671268;10.27037;Basophil
8.821126;10.33605;Basophil
9.690742;10.545565;Basophil
9.521175;9.999916;Basophil
8.90101;10.259066;Basophil
8.763745;10.556715;Basophil
9.517764;9.951569;Basophil
5.7737784;8.004724;Basophil
8.829411;9.941069;Basophil
8.668643;10.227495;Basophil
9.236198;9.149099;Basophil
9.912531;10.87656;Basophil
8.631204;9.829589;Basophil
9.853242;10.913178;Basophil
9.520921;10.206689;Basophil
9.261464;9.670577;Basophil
8.938731;9.734486;Basophil
8.756595;9.6991;Basophil
9.564275;9.702294;Basophil
9.056833;10.034257;Basophil
9.7991295;10.616417;Basophil
9.427347;10.136119;Basophil
9.172525;9.763759;Basophil
9.284956;10.019606;Basophil
8.876536;9.985443;Basophil
9.315123;9.772899;Basophil
9.856405;11.146088;Basophil
9.9634905;11.222113;Basophil
9.127191;9.801176;Basophil
9.338458;10.708941;Basophil
9.488346;10.143137;Basophil
9.180014;10.326885;Basophil
9.499531;10.406531;Basophil
9.317521;9.745087;Basophil
9.053022;10.273439;Basophil
9.855768;11.168761;Basophil
9.411096;10.362518;Basophil
9.208647;10.002779;Basophil
-2.5834684;18.308004;Basophil
9.804694;11.142898;Basophil
8.675212;10.120279;Basophil
-2.4297996;18.322617;Basophil
9.815648;10.527015;Basophil
8.768662;9.958675;Basophil
-2.6441298;18.344053;Basophil
9.72015;10.576178;Basophil
9.769449;11.016039;Basophil
9.593437;9.701873;Basophil
8.80497;10.39049;Basophil
8.516524;9.972023;Basophil
8.791569;10.306224;Basophil
9.688772;9.736496;Basophil
9.0786085;9.450639;Basophil
9.651216;9.957001;Basophil
9.572596;9.546975;Basophil
8.796933;10.1926985;Basophil
8.534761;10.114773;Basophil
6.7843904;8.165736;Basophil
9.164204;10.682134;Basophil
8.486644;10.165482;Basophil
9.03819;10.277461;Basophil
9.677638;10.0040455;Basophil
9.459513;9.884552;Basophil
9.133335;9.64001;Basophil
7.2581606;7.8134017;Basophil
8.917355;9.670847;Basophil
9.156507;9.734685;Basophil
9.104819;9.766848;Basophil
-2.681648;18.29455;Basophil
9.033042;9.619992;Basophil
9.276368;9.210158;Basophil
8.794907;9.82242;Basophil
9.655172;10.545518;Basophil
9.500422;9.779967;Basophil
9.639883;9.826929;Basophil
9.200535;10.089242;Basophil
8.582679;9.989232;Basophil
8.772037;9.083181;Basophil
8.832123;9.382509;Basophil
8.555199;10.331974;Basophil
9.732625;10.37251;Basophil
8.622444;10.249261;Basophil
9.585505;9.775832;Basophil
9.237691;9.562559;Basophil
9.173408;9.866141;Basophil
8.928958;10.012609;Basophil
9.485355;10.384024;Basophil
-2.6498656;18.332432;Basophil
8.585854;10.1068;Basophil
9.475786;9.777435;Basophil
9.041598;10.311584;Basophil
8.638386;10.3370075;Basophil
8.595698;9.458387;Basophil
8.981543;9.798128;Basophil
8.300767;9.116755;Basophil
8.789547;10.169522;Basophil
8.382569;9.972672;Basophil
8.751422;8.988507;Basophil
-2.3858457;18.42112;Basophil
8.520985;10.105606;Basophil
9.15452;9.691048;Basophil
-2.5241642;18.44851;Basophil
9.82106;10.627059;Basophil
9.118607;9.734297;Basophil
8.391371;9.988244;Basophil
8.933726;10.350619;Basophil
8.748177;10.331304;Basophil
9.475215;9.971676;Basophil
8.669191;9.945856;Basophil
9.852883;10.673475;Basophil
6.617843;8.71642;Basophil
9.510245;10.304292;Basophil
8.883151;9.554386;Basophil
9.078355;10.270185;Basophil
9.054252;10.216993;Basophil
9.798856;10.720732;Basophil
7.8041987;8.24225;Basophil
9.67021;10.049502;Basophil
9.638123;9.752583;Basophil
8.533386;10.047314;Basophil
9.832461;11.0457325;Basophil
9.5713825;10.801551;Basophil
8.852439;10.282603;Basophil
9.814827;11.082341;Basophil
9.107675;9.76682;Basophil
-2.4536164;18.636383;Basophil
9.706363;10.168651;Basophil
9.155876;9.871749;Basophil
8.879819;10.277525;Basophil
9.697445;10.952778;Basophil
9.080178;10.181897;Basophil
9.130554;10.22217;Basophil
9.063031;10.002366;Basophil
9.22672;10.175505;Basophil
8.708944;9.907441;Basophil
9.325962;9.304927;Basophil
8.703179;10.317367;Basophil
9.4169;9.178402;Basophil
8.466539;10.189484;Basophil
9.342971;9.412212;Basophil
8.52106;10.359306;Basophil
9.180452;10.171846;Basophil
9.715588;10.7922735;Basophil
9.066722;9.902047;Basophil
8.638154;10.179274;Basophil
9.589769;9.840213;Basophil
8.137801;9.392885;Basophil
9.14587;9.896865;Basophil
9.347208;9.482997;Basophil
8.6848545;9.64958;Basophil
8.609216;10.3435135;Basophil
9.662431;10.490855;Basophil
8.485609;10.062103;Basophil
9.801498;10.809588;Basophil
8.5461235;10.242836;Basophil
8.667982;9.899736;Basophil
-1.7816426;18.402632;Basophil
8.705028;9.254191;Basophil
8.775649;10.265481;Basophil
9.584875;9.590198;Basophil
9.958161;11.210849;Basophil
8.59815;9.722842;Basophil
9.820371;10.952007;Basophil
9.316082;10.08743;Basophil
9.986663;11.216533;Basophil
8.400297;10.10013;Basophil
9.886884;11.098205;Basophil
8.702789;9.297364;Basophil
9.199323;9.639832;Basophil
6.1806173;8.650606;Basophil
9.64209;10.525406;Basophil
8.542593;9.760064;Basophil
9.290992;10.690886;Basophil
8.604319;9.5724535;Basophil
9.57142;9.940501;Basophil
8.743312;9.025238;Basophil
9.393232;10.673835;Basophil
9.102251;10.543291;Basophil
8.855232;9.004601;Basophil
8.928569;10.284327;Basophil
9.8557005;10.6380825;Basophil
8.541169;10.039011;Basophil
8.408053;10.153724;Basophil
9.568915;10.792408;Basophil
9.431297;9.33962;Basophil
9.365489;9.496564;Basophil
9.272245;10.130082;Basophil
8.877474;9.89748;Basophil
9.380497;9.955128;Basophil
9.622129;9.952656;Basophil
9.038681;9.600432;Basophil
9.370165;10.364718;Basophil
9.416532;9.710977;Basophil
9.803273;10.031749;Basophil
8.158957;9.943051;Basophil
8.88764;10.464837;Basophil
9.078112;9.907847;Basophil
9.291078;9.588084;Basophil
9.549844;9.592547;Basophil
9.34586;10.130884;Basophil
8.692325;10.441418;Basophil
6.528008;8.422123;Basophil
9.051313;9.011769;Basophil
9.6146;9.684911;Basophil
9.259116;10.462591;Basophil
7.9809413;9.237429;Basophil
8.885646;9.571219;Basophil
-2.1798658;18.552044;Basophil
8.878588;9.987938;Basophil
9.335709;10.078742;Basophil
9.787428;10.624426;Basophil
8.430836;10.145564;Basophil
8.589783;9.983077;Basophil
-2.5309534;18.607355;Basophil
8.544493;10.128763;Basophil
9.331521;9.427095;Basophil
9.354794;9.704333;Basophil
-2.6026983;18.291609;Basophil
8.636301;9.791576;Basophil
8.2654915;9.122389;Basophil
9.725143;11.131109;Basophil
8.268299;9.185452;Basophil
9.740041;10.96235;Basophil
9.207382;9.39779;Basophil
9.666745;10.11603;Basophil
9.351824;9.512597;Basophil
8.605823;10.387066;Basophil
9.809136;11.01756;Basophil
9.112289;9.42331;Basophil
8.462112;10.285949;Basophil
9.082325;10.160318;Basophil
9.815722;10.646946;Basophil
9.63802;9.919875;Basophil
9.281826;9.620917;Basophil
8.571488;10.312761;Basophil
9.861849;10.876155;Basophil
9.058938;9.522257;Basophil
8.624715;10.227885;Basophil
9.476625;9.473774;Basophil
8.627652;10.22534;Basophil
9.26415;10.655369;Basophil
9.756149;10.874412;Basophil
9.820945;10.65034;Basophil
9.576763;9.818558;Basophil
9.621289;9.87937;Basophil
9.761105;10.722098;Basophil
8.489416;10.083148;Basophil
8.567601;9.58586;Basophil
9.117751;10.065178;Basophil
9.456613;9.365361;Basophil
9.208481;10.3996;Basophil
8.5950165;10.350764;Basophil
9.026893;9.065243;Basophil
8.829384;10.445198;Basophil
8.711643;10.025054;Basophil
9.851822;10.554122;Basophil
8.914041;9.260711;Basophil
9.6614485;9.848879;Basophil
9.571743;9.849337;Basophil
8.900843;10.434894;Basophil
9.513583;9.814836;Basophil
9.183298;9.709701;Basophil
9.89808;11.1074095;Basophil
8.445844;10.342087;Basophil
9.685811;9.9316225;Basophil
9.776217;11.009122;Basophil
7.5482817;8.382716;Basophil
9.255996;9.117722;Basophil
9.41971;10.206086;Basophil
9.051755;9.436739;Basophil
9.008649;9.749405;Basophil
9.6460085;10.476266;Basophil
9.521157;9.421777;Basophil
9.143428;9.556687;Basophil
8.90519;10.190553;Basophil
8.539355;10.127415;Basophil
9.491805;9.853553;Basophil
8.457434;9.196803;Basophil
9.467912;9.592272;Basophil
8.636987;9.372432;Basophil
9.0047;10.523107;Basophil
9.238151;9.982625;Basophil
9.276303;9.106959;Basophil
9.204369;9.626341;Basophil
9.557046;9.621915;Basophil
9.440741;9.402675;Basophil
9.151421;9.325486;Basophil
8.54447;9.917306;Basophil
9.244859;9.718358;Basophil
8.661643;9.767866;Basophil
-2.6209774;18.383816;Basophil
9.956917;10.809215;Basophil
8.780889;10.3630905;Basophil
9.620423;9.997909;Basophil
9.407429;10.139764;Basophil
8.5516205;10.35377;Basophil
8.749154;10.383985;Basophil
9.191854;9.122577;Basophil
9.224249;9.652764;Basophil
9.64736;10.082836;Basophil
9.926188;11.083025;Basophil
-2.6420054;18.359741;Basophil
9.739333;10.886236;Basophil
9.275624;10.769294;Basophil
9.0342865;10.086672;Basophil
9.096436;9.008392;Basophil
9.7249565;9.7467165;Basophil
9.814797;10.677048;Basophil
9.128511;9.529254;Basophil
9.019725;10.307087;Basophil
9.156825;9.752027;Basophil
9.375969;9.587913;Basophil
8.8021755;9.926134;Basophil
8.703179;9.319934;Basophil
8.970405;10.344575;Basophil
8.866259;9.877106;Basophil
8.574932;10.2671175;Basophil
9.507552;9.651935;Basophil
8.573787;10.231354;Basophil
9.234498;9.528703;Basophil
9.826561;10.663115;Basophil
9.669574;10.431036;Basophil
8.562365;9.473634;Basophil
7.2082143;8.803633;Basophil
9.575441;9.602388;Basophil
9.676244;9.803097;Basophil
8.703267;9.592259;Basophil
8.753915;10.364401;Basophil
9.489448;10.043833;Basophil
8.554059;10.077065;Basophil
9.469956;9.96674;Basophil
9.712951;10.686083;Basophil
8.6578;10.414721;Basophil
9.815901;11.134206;Basophil
9.58377;9.647864;Basophil
9.046559;9.791576;Basophil
9.215935;10.478058;Basophil
9.840496;10.7427025;Basophil
9.452867;9.862093;Basophil
9.920147;11.096042;Basophil
9.840461;10.994126;Basophil
9.141971;9.659904;Basophil
9.975142;11.180193;Basophil
9.03896;9.678735;Basophil
8.340867;9.767659;Basophil
8.581382;9.713192;Basophil
8.780089;9.829956;Basophil
9.604918;9.696449;Basophil
8.520161;10.059676;Basophil
9.834756;11.044536;Basophil
8.699339;9.888696;Basophil
9.903764;10.818724;Basophil
9.777759;11.055697;Basophil
9.074363;9.700878;Basophil
8.5181875;10.211322;Basophil
9.474947;9.736816;Basophil
9.371793;10.234575;Basophil
9.697281;10.454161;Basophil
9.53557;10.375341;Basophil
9.375596;10.100452;Basophil
9.692396;10.568233;Basophil
8.645529;9.763496;Basophil
9.089745;10.391265;Basophil
8.597026;9.413943;Basophil
9.645372;9.665992;Basophil
9.560156;10.298025;Basophil
6.531957;9.342961;Basophil
8.358007;9.448832;Basophil
9.003018;10.345538;Basophil
9.626703;9.76612;Basophil
8.487431;9.959812;Basophil
8.974836;9.931114;Basophil
9.064159;9.909885;Basophil
9.309751;10.647539;Basophil
9.302406;9.857633;Basophil
9.365602;9.471299;Basophil
8.2685175;9.79668;Basophil
8.53603;10.261331;Basophil
6.2409077;8.733593;Basophil
9.225056;9.812614;Basophil
8.533616;10.363021;Basophil
7.6549077;8.309219;Basophil
7.841446;9.195179;Basophil
9.846685;10.676494;Basophil
9.113303;10.72838;Basophil
9.277026;9.26605;Basophil
9.790025;10.5321865;Basophil
9.038243;9.056959;Basophil
8.623719;10.392659;Basophil
9.752721;10.860131;Basophil
8.839328;10.391429;Basophil
8.556407;10.030444;Basophil
-2.6342678;18.326363;Basophil
9.200264;9.584805;Basophil
9.165044;9.731391;Basophil
9.480969;9.9451685;Basophil
9.06263;9.583264;Basophil
9.864479;11.214368;Basophil
8.942333;10.144451;Basophil
9.366991;9.928327;Basophil
9.166858;10.068993;Basophil
9.373117;9.577883;Basophil
9.8292265;10.707711;Basophil
9.928674;11.121762;Basophil
9.049494;9.923047;Basophil
9.269277;10.103214;Basophil
9.760615;10.649136;Basophil
-2.622239;18.323812;Basophil
9.258761;10.269011;Basophil
9.598505;10.073628;Basophil
8.355667;10.118399;Basophil
9.3633375;9.528001;Basophil
8.554148;10.146971;Basophil
9.215546;9.238004;Basophil
8.913888;10.241621;Basophil
8.640252;10.136623;Basophil
9.739496;10.027531;Basophil
8.755006;10.075817;Basophil
9.49493;10.153547;Basophil
9.960671;11.232575;Basophil
3.1713161;11.661798;Basophil
8.986734;10.234875;Basophil
8.442776;10.190742;Basophil
9.439432;9.331658;Basophil
9.067053;9.927833;Basophil
8.864601;8.911438;Basophil
8.904665;9.515425;Basophil
9.478767;9.828049;Basophil
8.710677;10.208293;Basophil
9.614884;10.128031;Basophil
8.448527;9.2332325;Basophil
8.230224;9.757401;Basophil
9.190704;9.139902;Basophil
8.513924;10.114503;Basophil
8.845679;10.342493;Basophil
8.725365;9.797509;Basophil
8.909151;9.828801;Basophil
9.62187;10.562522;Basophil
8.8686075;10.277267;Basophil
8.990576;9.743404;Basophil
7.9504285;9.282684;Basophil
8.962919;9.000793;Basophil
8.955073;10.052711;Basophil
8.643826;10.33117;Basophil
8.378579;9.8895445;Basophil
9.078088;10.230097;Basophil
8.411928;9.489028;Basophil
8.648703;10.463013;Basophil
9.0449915;10.217019;Basophil
1.3826076;10.571035;Neutrophil
2.1120057;10.9399;Neutrophil
4.3135724;8.32329;Neutrophil
3.247597;10.185907;Neutrophil
2.0050359;11.742753;Neutrophil
3.0021217;12.152581;Neutrophil
1.434083;10.841482;Neutrophil
1.0082625;10.519845;Neutrophil
1.6916498;10.880174;Neutrophil
0.84572536;11.627142;Neutrophil
1.9926348;10.9600725;Neutrophil
0.8015383;11.468565;Neutrophil
2.8223836;11.137782;Neutrophil
3.2974286;11.375715;Neutrophil
4.9179826;10.362346;Neutrophil
2.3073542;10.311124;Neutrophil
1.2991202;11.043341;Neutrophil
2.4946475;11.580982;Neutrophil
3.2548773;10.86688;Neutrophil
3.7085028;11.101837;Neutrophil
3.3337789;10.476368;Neutrophil
5.009877;10.359356;Neutrophil
3.259177;10.9690485;Neutrophil
4.0955997;11.644959;Neutrophil
3.2363005;11.915269;Neutrophil
1.9937363;10.90659;Neutrophil
3.2981336;11.380921;Neutrophil
3.686779;11.290985;Neutrophil
3.1379828;10.086188;Neutrophil
2.563815;10.5327215;Neutrophil
2.426464;10.69668;Neutrophil
2.3483832;11.494174;Neutrophil
4.2156177;11.134198;Neutrophil
1.941966;11.672932;Neutrophil
3.179236;10.458204;Neutrophil
2.0183609;11.278112;Neutrophil
2.249685;10.658868;Neutrophil
0.74446887;11.428637;Neutrophil
4.8239975;13.275067;Neutrophil
2.3006623;11.699873;Neutrophil
1.432877;11.477067;Neutrophil
2.7607539;10.381365;Neutrophil
2.574114;10.365465;Neutrophil
1.1961321;11.72181;Neutrophil
2.7925646;10.400803;Neutrophil
0.96796465;11.239301;Neutrophil
2.3874624;12.104722;Neutrophil
2.2589366;11.324029;Neutrophil
2.0612342;11.126385;Neutrophil
-2.0518296;17.76278;Neutrophil
3.0922544;10.464708;Neutrophil
2.5911655;11.676695;Neutrophil
2.412984;11.247982;Neutrophil
3.20497;11.388144;Neutrophil
3.56924;12.055367;Neutrophil
2.8303154;10.88566;Neutrophil
3.1499946;10.321328;Neutrophil
2.4712942;11.950024;Neutrophil
3.528556;12.017976;Neutrophil
4.054881;10.489752;Neutrophil
1.2867571;10.964284;Neutrophil
1.1815304;10.365029;Neutrophil
2.5726051;10.636139;Neutrophil
5.4836187;9.369634;Neutrophil
2.4924338;11.832864;Neutrophil
3.5831287;11.771403;Neutrophil
4.041263;10.797679;Neutrophil
1.2683586;11.354612;Neutrophil
2.4931414;10.775135;Neutrophil
3.3151202;10.439928;Neutrophil
2.7829516;10.686822;Neutrophil
3.1507704;11.830684;Neutrophil
4.9120235;13.325611;Neutrophil
0.87950337;11.525933;Neutrophil
2.2302244;11.640866;Neutrophil
2.330939;11.306109;Neutrophil
2.982189;12.022703;Neutrophil
0.8506908;10.644108;Neutrophil
2.8087623;11.742156;Neutrophil
3.5694225;10.418677;Neutrophil
1.0535629;10.772251;Neutrophil
1.5918257;11.86622;Neutrophil
3.7027357;12.201385;Neutrophil
3.0307713;11.851885;Neutrophil
3.4316638;11.927878;Neutrophil
4.1060185;11.019402;Neutrophil
3.4842439;10.309562;Neutrophil
1.4991508;10.73389;Neutrophil
2.0708573;12.006292;Neutrophil
1.995281;10.998916;Neutrophil
3.0643945;11.864645;Neutrophil
3.0732462;11.9192915;Neutrophil
4.0918455;11.441405;Neutrophil
3.8577926;10.136431;Neutrophil
2.9842224;11.338074;Neutrophil
1.4559084;11.694109;Neutrophil
2.1332102;11.447539;Neutrophil
4.920283;13.263426;Neutrophil
1.0226828;10.795201;Neutrophil
4.362088;10.822018;Neutrophil
0.79452455;11.580243;Neutrophil
4.8602815;13.299822;Neutrophil
4.286925;11.047911;Neutrophil
3.0460618;11.593527;Neutrophil
1.4847038;10.745944;Neutrophil
1.6143732;11.097274;Neutrophil
3.843793;11.388203;Neutrophil
1.097334;10.53079;Neutrophil
0.8347847;10.870538;Neutrophil
1.2028992;11.41962;Neutrophil
0.9371562;11.267014;Neutrophil
2.0030587;11.521796;Neutrophil
0.7888635;11.466395;Neutrophil
4.391791;10.394847;Neutrophil
2.4167635;11.397683;Neutrophil
3.5784428;10.736394;Neutrophil
3.98525;11.4032955;Neutrophil
2.9040432;10.934384;Neutrophil
1.0016578;10.626352;Neutrophil
3.310428;10.314359;Neutrophil
2.3077476;11.90653;Neutrophil
3.0749733;12.032695;Neutrophil
1.1701972;11.526202;Neutrophil
2.218458;10.837735;Neutrophil
4.588258;10.783286;Neutrophil
0.9009469;11.627165;Neutrophil
3.5746267;10.73795;Neutrophil
3.1601202;11.206408;Neutrophil
1.7271897;10.286289;Neutrophil
0.7489591;11.602887;Neutrophil
2.0756092;11.731963;Neutrophil
2.0413163;11.8329115;Neutrophil
1.662665;10.727816;Neutrophil
1.5885962;11.205566;Neutrophil
1.8492545;10.630553;Neutrophil
3.478596;11.059134;Neutrophil
3.6126235;12.050314;Neutrophil
4.6431694;10.273891;Neutrophil
4.4296694;10.916417;Neutrophil
3.968935;10.432772;Neutrophil
1.7928983;10.595001;Neutrophil
1.5955044;10.9316435;Neutrophil
3.968876;12.046448;Neutrophil
1.1683761;10.675902;Neutrophil
-2.0623195;17.77868;Neutrophil
0.9413208;10.815119;Neutrophil
1.6802868;10.171683;Neutrophil
3.3013945;11.552437;Neutrophil
2.2403586;10.624382;Neutrophil
3.216343;12.30233;Neutrophil
1.1104063;10.920594;Neutrophil
0.97725266;11.518467;Neutrophil
1.4163569;10.442876;Neutrophil
1.8765193;11.188731;Neutrophil
4.0610924;11.543549;Neutrophil
2.844611;11.257059;Neutrophil
-2.0995085;17.830645;Neutrophil
1.2698956;10.436896;Neutrophil
4.8416924;13.276471;Neutrophil
3.1409125;11.601259;Neutrophil
2.6281025;12.110409;Neutrophil
3.474028;10.557211;Neutrophil
3.3384066;12.35152;Neutrophil
3.0414317;11.618854;Neutrophil
3.3965838;10.3875675;Neutrophil
3.567623;10.343064;Neutrophil
2.033558;11.071647;Neutrophil
2.0366957;10.673922;Neutrophil
1.5239967;10.728174;Neutrophil
3.3502936;11.790058;Neutrophil
1.2003514;10.327893;Neutrophil
0.93606013;11.242606;Neutrophil
1.9687712;10.28601;Neutrophil
1.8753967;10.380177;Neutrophil
4.121826;11.444759;Neutrophil
4.992572;9.865029;Neutrophil
0.77813613;10.856511;Neutrophil
2.8224306;10.946629;Neutrophil
2.3750703;10.387462;Neutrophil
2.373849;11.215693;Neutrophil
3.776802;11.3771;Neutrophil
6.9243116;9.589303;Neutrophil
2.1902769;11.3873005;Neutrophil
3.9149375;10.74509;Neutrophil
3.6250784;10.8717165;Neutrophil
3.220455;12.212438;Neutrophil
3.5217788;12.200373;Neutrophil
2.1640882;10.919794;Neutrophil
2.8306532;10.336522;Neutrophil
2.6421988;12.006147;Neutrophil
1.4799032;10.76716;Neutrophil
4.9006357;13.307864;Neutrophil
1.7292391;11.06802;Neutrophil
1.0801833;10.7563925;Neutrophil
0.76385856;11.435655;Neutrophil
2.6750748;11.878967;Neutrophil
2.4585617;10.468141;Neutrophil
1.4426738;11.220285;Neutrophil
1.8146698;11.735142;Neutrophil
2.891813;10.628065;Neutrophil
3.5388803;11.891063;Neutrophil
-2.0669935;17.776058;Neutrophil
2.2917569;10.845162;Neutrophil
2.902025;11.365713;Neutrophil
3.1571627;12.006475;Neutrophil
3.2734995;11.114954;Neutrophil
1.8679701;10.700278;Neutrophil
0.84119594;10.674644;Neutrophil
1.1418587;11.167081;Neutrophil
3.5973268;11.087955;Neutrophil
2.0787673;10.938837;Neutrophil
2.072382;10.38351;Neutrophil
1.3291565;10.576781;Neutrophil
-2.0679247;17.762342;Neutrophil
3.3828921;12.077148;Neutrophil
1.8493152;11.499772;Neutrophil
1.3564584;10.60154;Neutrophil
2.3951566;11.744502;Neutrophil
3.0426068;12.016823;Neutrophil
1.3747407;11.212302;Neutrophil
0.93330634;11.46834;Neutrophil
2.7067618;11.275359;Neutrophil
2.6917198;11.31763;Neutrophil
4.175126;11.574136;Neutrophil
3.6220994;11.769155;Neutrophil
0.8326779;11.621053;Neutrophil
0.9899683;11.18946;Neutrophil
2.4632418;11.256737;Neutrophil
2.0386884;11.949985;Neutrophil
1.9035506;11.357635;Neutrophil
4.8083367;13.250707;Neutrophil
4.118171;10.780508;Neutrophil
4.6554413;10.58771;Neutrophil
1.4944588;11.337332;Neutrophil
3.095886;10.870571;Neutrophil
2.7545109;11.907455;Neutrophil
2.9432693;11.732374;Neutrophil
2.7379558;11.011403;Neutrophil
1.086133;10.6492605;Neutrophil
1.4750429;10.824377;Neutrophil
2.8658845;11.539473;Neutrophil
3.3209608;11.663655;Neutrophil
2.9625173;11.101869;Neutrophil
2.0781288;10.936152;Neutrophil
6.9633994;9.429754;Neutrophil
1.7434125;10.889818;Neutrophil
3.1976986;12.160692;Neutrophil
1.8529359;11.488921;Neutrophil
1.1010168;10.683591;Neutrophil
2.5596814;10.245574;Neutrophil
3.0376487;11.841113;Neutrophil
1.2207574;11.561869;Neutrophil
1.570723;10.662967;Neutrophil
1.8627937;10.744159;Neutrophil
1.2715235;10.890718;Neutrophil
3.1034064;11.948123;Neutrophil
2.9379814;11.326695;Neutrophil
2.3376973;11.993967;Neutrophil
3.6254482;11.768611;Neutrophil
2.343049;10.684734;Neutrophil
-2.0469005;17.787725;Neutrophil
2.3481145;11.382021;Neutrophil
3.3237057;10.283393;Neutrophil
3.1251075;11.191214;Neutrophil
1.7292085;11.205076;Neutrophil
2.7240756;11.851566;Neutrophil
3.5529296;11.026119;Neutrophil
0.71508574;11.0835285;Neutrophil
4.1885233;11.550217;Neutrophil
1.0734197;11.158;Neutrophil
1.1389184;11.261593;Neutrophil
2.8980136;10.988506;Neutrophil
2.2156262;12.051567;Neutrophil
3.3999538;11.451182;Neutrophil
3.379247;11.302533;Neutrophil
3.624881;11.93921;Neutrophil
2.2129645;11.844454;Neutrophil
2.4501474;11.375279;Neutrophil
2.968444;11.182034;Neutrophil
1.8229865;11.266055;Neutrophil
5.236016;10.523137;Neutrophil
3.177469;11.112269;Neutrophil
1.0412221;10.440325;Neutrophil
4.363736;10.816904;Neutrophil
4.2031174;11.18231;Neutrophil
2.3395298;11.559515;Neutrophil
3.3474407;12.019774;Neutrophil
1.5326399;11.624915;Neutrophil
3.2223399;10.837088;Neutrophil
3.4438925;11.477538;Neutrophil
1.8623464;10.531688;Neutrophil
1.3344992;10.35062;Neutrophil
2.9475343;10.153946;Neutrophil
2.5905676;11.9122925;Neutrophil
1.8591228;10.412689;Neutrophil
-2.0766983;17.796038;Neutrophil
1.2198741;10.318166;Neutrophil
1.7546679;11.128064;Neutrophil
2.391197;10.221925;Neutrophil
2.809576;10.764649;Neutrophil
4.3792086;10.229875;Neutrophil
5.308963;9.158988;Neutrophil
3.318803;10.341107;Neutrophil
1.901698;10.976336;Neutrophil
2.20636;10.846385;Neutrophil
1.3713574;10.761012;Neutrophil
4.646581;10.644494;Neutrophil
2.912199;11.652473;Neutrophil
2.8039877;11.401252;Neutrophil
1.0303807;10.852671;Neutrophil
0.96078795;10.885756;Neutrophil
2.7981675;11.823572;Neutrophil
1.9072865;10.409349;Neutrophil
1.1090907;11.18464;Neutrophil
2.3413894;11.209561;Neutrophil
2.778084;11.346503;Neutrophil
0.9919469;10.945544;Neutrophil
2.5135884;10.815553;Neutrophil
1.9366945;10.122757;Neutrophil
3.2937217;12.049821;Neutrophil
3.533654;11.5158205;Neutrophil
2.960481;12.063081;Neutrophil
1.5969462;11.868332;Neutrophil
2.2289708;11.033925;Neutrophil
-2.0748863;17.792051;Neutrophil
2.5307498;11.992168;Neutrophil
3.3524978;10.199853;Neutrophil
1.8947316;11.367412;Neutrophil
1.4870405;10.633554;Neutrophil
0.88710773;10.6987915;Neutrophil
2.0084531;11.232217;Neutrophil
2.450301;11.173086;Neutrophil
0.9221225;10.578921;Neutrophil
2.8498137;11.222136;Neutrophil
3.181861;12.100069;Neutrophil
3.6476943;10.271207;Neutrophil
1.5593812;10.957377;Neutrophil
2.112136;10.663225;Neutrophil
4.4566584;8.259381;Neutrophil
0.8437911;11.0710745;Neutrophil
3.0533478;9.956456;Neutrophil
0.9313753;10.435971;Neutrophil
2.268998;11.395943;Neutrophil
1.6064155;10.794807;Neutrophil
0.9936493;10.652023;Neutrophil
2.6126628;11.384408;Neutrophil
2.946548;10.935968;Neutrophil
1.2895008;11.187216;Neutrophil
1.5283124;10.621281;Neutrophil
2.0793595;11.979397;Neutrophil
3.9744618;11.125422;Neutrophil
1.1838439;11.653869;Neutrophil
-2.0451212;17.758204;Neutrophil
3.5825183;10.934343;Neutrophil
1.073276;11.002113;Neutrophil
2.7173476;12.188863;Neutrophil
4.7396374;10.736749;Neutrophil
3.118703;11.592535;Neutrophil
2.9814053;11.056293;Neutrophil
3.8203945;11.337044;Neutrophil
2.3387341;11.419135;Neutrophil
2.9002502;11.508891;Neutrophil
3.150413;11.674457;Neutrophil
0.9154949;11.288318;Neutrophil
1.8093312;10.45;Neutrophil
2.1278179;10.876061;Neutrophil
4.3627524;10.326893;Neutrophil
2.11165;11.500188;Neutrophil
2.0288625;11.465997;Neutrophil
1.3981568;11.18133;Neutrophil
3.483526;11.481811;Neutrophil
3.0597606;10.213588;Neutrophil
2.3878028;10.329593;Neutrophil
1.3001688;10.291535;Neutrophil
3.8655477;9.694975;Neutrophil
1.4506959;10.743936;Neutrophil
1.0100546;10.667822;Neutrophil
2.500859;11.853831;Neutrophil
1.7866133;11.12443;Neutrophil
1.861094;10.636568;Neutrophil
2.4838834;10.273028;Neutrophil
1.1929213;10.806635;Neutrophil
3.0054097;11.211071;Neutrophil
4.8107924;13.27687;Neutrophil
3.583376;10.365397;Neutrophil
1.142591;10.922415;Neutrophil
3.455449;10.46529;Neutrophil
2.1659997;11.080023;Neutrophil
2.083403;10.519204;Neutrophil
3.2187104;11.268578;Neutrophil
2.395219;11.824948;Neutrophil
-2.1035001;17.80205;Neutrophil
4.7935004;13.190194;Neutrophil
3.0990741;11.852918;Neutrophil
4.047451;10.695593;Neutrophil
4.1820865;10.903881;Neutrophil
1.0601294;11.604957;Neutrophil
1.0876744;11.239383;Neutrophil
2.7420673;11.688096;Neutrophil
1.3574829;11.297022;Neutrophil
1.8963476;10.636999;Neutrophil
2.4761975;10.538585;Neutrophil
2.3096893;12.09999;Neutrophil
1.3632933;10.821784;Neutrophil
2.0809464;11.160497;Neutrophil
0.8986003;11.133325;Neutrophil
1.979099;10.471638;Neutrophil
4.801808;9.480136;Neutrophil
3.9869525;11.165362;Neutrophil
2.1572688;10.13421;Neutrophil
4.8669944;9.345402;Neutrophil
2.8539257;11.466008;Neutrophil
1.810805;11.497847;Neutrophil
1.45565;11.303542;Neutrophil
7.0169272;9.322048;Neutrophil
2.6109521;10.704304;Neutrophil
2.059843;10.355366;Neutrophil
2.3425713;10.640516;Neutrophil
2.4186742;11.844131;Neutrophil
2.9546785;10.78011;Neutrophil
2.9633896;10.7888365;Neutrophil
2.9709702;10.4602375;Neutrophil
2.77199;10.992359;Neutrophil
3.7539568;11.369963;Neutrophil
4.13112;8.701405;Neutrophil
2.494715;11.006288;Neutrophil
2.8850605;10.380528;Neutrophil
2.541614;10.877827;Neutrophil
3.0712185;11.881956;Neutrophil
1.5132471;11.137812;Neutrophil
2.0459623;10.744148;Neutrophil
3.4426923;12.368038;Neutrophil
1.8476536;11.565794;Neutrophil
0.99790084;10.605141;Neutrophil
3.2580426;10.536474;Neutrophil
2.6536605;10.24426;Neutrophil
3.9571388;12.02538;Neutrophil
2.301034;10.826153;Neutrophil
5.155376;9.441353;Neutrophil
-2.0646887;17.784454;Neutrophil
2.148457;10.948633;Neutrophil
2.4414864;10.971545;Neutrophil
2.7746537;10.14035;Neutrophil
0.7700285;11.124058;Neutrophil
3.6625307;11.0810175;Neutrophil
1.2660464;10.728267;Neutrophil
2.6263158;11.080611;Neutrophil
2.210147;10.567198;Neutrophil
2.6124737;11.380987;Neutrophil
2.977952;10.536603;Neutrophil
0.85877883;11.035143;Neutrophil
1.383513;11.182212;Neutrophil
1.9833382;12.0024;Neutrophil
3.3327398;10.231244;Neutrophil
1.4753978;10.222942;Neutrophil
3.528901;10.46459;Neutrophil
1.4798367;11.136954;Neutrophil
3.4387815;10.209406;Neutrophil
1.5265336;11.176188;Neutrophil
4.216988;11.625475;Neutrophil
3.0168016;10.204313;Neutrophil
3.9085813;9.896971;Neutrophil
3.1326096;11.868476;Neutrophil
1.4438715;10.201154;Neutrophil
-2.1110957;17.859106;Neutrophil
3.5581532;11.213738;Neutrophil
3.7446828;11.360551;Neutrophil
2.0215104;11.620093;Neutrophil
1.6959103;11.652085;Neutrophil
1.4140831;11.091806;Neutrophil
2.9481852;10.168347;Neutrophil
1.0080141;10.399488;Neutrophil
2.0038242;11.384375;Neutrophil
1.0845535;10.653092;Neutrophil
2.208033;11.4725685;Neutrophil
3.065142;12.111196;Neutrophil
2.9087338;11.530151;Neutrophil
1.9913764;11.187843;Neutrophil
1.8960569;11.08167;Neutrophil
2.9451842;12.160795;Neutrophil
3.0682664;10.620459;Neutrophil
0.79129314;11.315169;Neutrophil
6.9233017;9.207759;Neutrophil
2.484944;11.620032;Neutrophil
2.8749852;11.595167;Neutrophil
3.5956197;11.35272;Neutrophil
2.609014;10.215068;Neutrophil
3.983264;10.558139;Neutrophil
3.7735515;11.330974;Neutrophil
3.4366834;11.418147;Neutrophil
1.8877892;10.491787;Neutrophil
4.1077676;11.160646;Neutrophil
2.4297361;10.257961;Neutrophil
1.7714838;10.942275;Neutrophil
1.2225907;11.298538;Neutrophil
3.6935475;12.045296;Neutrophil
0.93456477;10.448778;Neutrophil
2.5626433;10.790963;Neutrophil
2.1207895;10.324469;Neutrophil
1.7057962;11.054799;Neutrophil
2.0231273;10.595296;Neutrophil
3.538746;11.880494;Neutrophil
1.622893;11.106235;Neutrophil
3.0252867;10.568339;Neutrophil
1.149738;10.754227;Neutrophil
0.8738643;10.5053835;Neutrophil
4.859926;13.294055;Neutrophil
3.483439;12.205072;Neutrophil
3.7955446;11.197622;Neutrophil
2.8775897;11.119367;Neutrophil
2.8804424;10.657327;Neutrophil
2.3612318;10.689581;Neutrophil
3.8967931;11.382225;Neutrophil
4.182948;11.421909;Neutrophil
1.7454497;11.630832;Neutrophil
2.9883897;11.552483;Neutrophil
2.3652155;11.947359;Neutrophil
1.0919149;10.644118;Neutrophil
1.398423;10.1958065;Neutrophil
4.8738656;13.283535;Neutrophil
0.98130935;11.244938;Neutrophil
2.2945883;11.155362;Neutrophil
3.3166885;12.0765915;Neutrophil
1.2435492;10.375154;Neutrophil
2.4210594;12.066425;Neutrophil
1.3393394;10.461239;Neutrophil
2.4332173;12.020756;Neutrophil
1.9037566;11.921366;Neutrophil
2.615479;11.114635;Neutrophil
1.3338848;10.913491;Neutrophil
2.422921;11.695312;Neutrophil
3.9756641;11.481634;Neutrophil
4.895571;13.333876;Neutrophil
0.8028467;11.267203;Neutrophil
4.856096;13.29477;Neutrophil
2.803946;11.747579;Neutrophil
3.2242024;11.007119;Neutrophil
3.1796806;11.115602;Neutrophil
1.8120699;11.379286;Neutrophil
3.7578583;10.416072;Neutrophil
2.4057014;10.266084;Neutrophil
2.8821056;10.890317;Neutrophil
3.6512651;11.372827;Neutrophil
7.2606173;9.127247;Neutrophil
2.1179388;10.188808;Neutrophil
2.0395703;11.648393;Neutrophil
1.1686866;11.074331;Neutrophil
4.2856917;10.801036;Neutrophil
1.6017939;10.75263;Neutrophil
1.3626028;10.484145;Neutrophil
3.5511253;10.759334;Neutrophil
1.2725012;11.023998;Neutrophil
3.5011802;12.066579;Neutrophil
3.1862204;11.114008;Neutrophil
2.9988575;10.904295;Neutrophil
1.8909152;10.732295;Neutrophil
0.91552025;11.378728;Neutrophil
1.2447547;10.925107;Neutrophil
2.457782;11.748186;Neutrophil
0.7594901;11.248737;Neutrophil
4.4768105;10.937661;Neutrophil
1.8205642;10.651588;Neutrophil
1.7617528;11.541362;Neutrophil
1.7533296;10.55729;Neutrophil
3.4232016;11.3584585;Neutrophil
4.867656;13.293286;Neutrophil
2.84271;11.435837;Neutrophil
2.568256;10.930569;Neutrophil
2.7405908;11.692219;Neutrophil
3.5130618;10.109971;Neutrophil
0.8661244;11.558566;Neutrophil
0.8813449;11.511532;Neutrophil
1.3232424;11.070087;Neutrophil
4.474161;11.069824;Neutrophil
1.4000543;10.819651;Neutrophil
0.6817064;11.43493;Neutrophil
0.7889656;11.184287;Neutrophil
4.337084;10.917523;Neutrophil
2.8117874;11.131473;Neutrophil
3.9315946;11.088737;Neutrophil
2.8918767;11.497015;Neutrophil
2.7284489;11.656525;Neutrophil
2.621157;11.763461;Neutrophil
1.1551785;10.810839;Neutrophil
1.3566405;10.287729;Neutrophil
2.7926261;10.418202;Neutrophil
4.342372;10.926379;Neutrophil
6.4901624;9.233795;Neutrophil
3.7498648;11.1911545;Neutrophil
2.067738;11.031023;Neutrophil
3.2938986;11.4974785;Neutrophil
1.2629143;10.394626;Neutrophil
1.8170618;10.824606;Neutrophil
2.6866536;10.938454;Neutrophil
2.886448;11.957632;Neutrophil
5.203991;10.0808735;Neutrophil
2.3305564;11.35052;Neutrophil
4.4907827;7.6930485;Neutrophil
3.380976;12.147844;Neutrophil
2.1732671;10.826242;Neutrophil
2.90479;11.032096;Neutrophil
2.556546;11.68957;Neutrophil
2.6418085;10.142814;Neutrophil
1.7382292;10.386967;Neutrophil
2.5834346;11.636576;Neutrophil
3.3208194;11.54636;Neutrophil
2.793954;11.327177;Neutrophil
3.0808547;10.5831785;Neutrophil
2.4557526;10.401791;Neutrophil
2.231822;11.496683;Neutrophil
1.8372283;11.363021;Neutrophil
1.5816964;11.238263;Neutrophil
4.1921678;10.482494;Neutrophil
1.2279742;11.289277;Neutrophil
2.8568597;11.552536;Neutrophil
3.8730023;10.988827;Neutrophil
0.90455467;10.655195;Neutrophil
0.9685972;11.666169;Neutrophil
4.2555413;8.624314;Neutrophil
1.1114106;11.147246;Neutrophil
4.883559;13.310708;Neutrophil
3.0195556;10.825021;Neutrophil
4.7859755;13.250579;Neutrophil
2.1791382;10.905902;Neutrophil
1.4634727;10.98754;Neutrophil
1.3054576;10.167077;Neutrophil
2.7481384;10.187914;Neutrophil
0.9057803;10.578872;Neutrophil
4.2887874;10.906101;Neutrophil
2.1244586;11.959479;Neutrophil
1.1747235;10.374306;Neutrophil
3.807613;10.886482;Neutrophil
1.0670825;11.547309;Neutrophil
3.6126294;10.222252;Neutrophil
1.3712009;10.97589;Neutrophil
2.4389703;10.695139;Neutrophil
4.3582373;11.112325;Neutrophil
3.1526427;10.233532;Neutrophil
5.034995;9.2739315;Neutrophil
1.5175349;11.072931;Neutrophil
1.5252072;10.92268;Neutrophil
3.5201645;11.332068;Neutrophil
1.349725;11.737718;Neutrophil
2.6136894;11.926086;Neutrophil
2.3320534;11.888291;Neutrophil
1.7322521;10.482354;Neutrophil
1.9144307;10.371507;Neutrophil
2.8915422;11.2524395;Neutrophil
1.2863487;10.442511;Neutrophil
1.2505649;11.187737;Neutrophil
0.93535644;10.92832;Neutrophil
2.3333662;10.624858;Neutrophil
2.8366094;11.952688;Neutrophil
1.5943475;11.569624;Neutrophil
2.7336113;10.918126;Neutrophil
1.082582;11.192245;Neutrophil
2.201445;11.2381;Neutrophil
4.691092;13.235115;Neutrophil
3.269291;10.365041;Neutrophil
3.4129002;11.29257;Neutrophil
5.887225;9.440065;Neutrophil
1.1523108;10.519346;Neutrophil
1.7471292;10.385245;Neutrophil
2.4331067;11.158767;Neutrophil
1.496853;11.263855;Neutrophil
-2.0511198;17.78566;Neutrophil
3.5638971;10.147536;Neutrophil
2.923709;10.472988;Neutrophil
1.3368148;10.364837;Neutrophil
1.0087764;10.583891;Neutrophil
1.7691877;11.216658;Neutrophil
2.9060369;10.991605;Neutrophil
2.5060217;11.988887;Neutrophil
2.1024601;10.461909;Neutrophil
4.021786;11.671268;Neutrophil
2.8872771;10.235969;Neutrophil
-2.0278273;17.802612;Neutrophil
1.774891;11.037718;Neutrophil
0.8134252;11.47064;Neutrophil
1.322962;10.270322;Neutrophil
1.3948464;10.738177;Neutrophil
1.4223294;11.251412;Neutrophil
0.8334836;11.182714;Neutrophil
1.5460833;11.518543;Neutrophil
2.3919806;11.18131;Neutrophil
3.1656556;12.061313;Neutrophil
2.136873;11.549762;Neutrophil
3.8566573;11.752361;Neutrophil
1.0307004;10.675222;Neutrophil
1.8040895;10.35808;Neutrophil
4.148291;11.158745;Neutrophil
2.733175;10.242057;Neutrophil
2.2511115;11.48131;Neutrophil
4.209019;10.723027;Neutrophil
2.3339765;10.93406;Neutrophil
2.7243617;10.371048;Neutrophil
1.3797183;10.802105;Neutrophil
1.3260568;10.463661;Neutrophil
1.6776766;10.846097;Neutrophil
1.0397208;10.425588;Neutrophil
1.6883428;10.391109;Neutrophil
3.7824564;11.021349;Neutrophil
3.5459423;10.823575;Neutrophil
2.5796554;11.709299;Neutrophil
2.661605;11.376862;Neutrophil
2.2729552;11.866662;Neutrophil
3.2960923;11.150484;Neutrophil
4.869263;13.290304;Neutrophil
3.5694103;10.471344;Neutrophil
1.2088575;11.507418;Neutrophil
2.7050495;10.291584;Neutrophil
3.4785488;10.329114;Neutrophil
3.251673;10.938975;Neutrophil
3.4769733;10.572276;Neutrophil
3.1501749;11.391274;Neutrophil
1.4947519;11.672706;Neutrophil
-2.0558865;17.77546;Neutrophil
-2.0040915;17.703678;Neutrophil
2.6632576;11.495834;Neutrophil
2.6875477;11.62475;Neutrophil
4.899603;13.30747;Neutrophil
2.79399;11.03471;Neutrophil
1.8429557;11.873107;Neutrophil
2.067821;11.260362;Neutrophil
2.7191207;10.2206745;Neutrophil
3.1615102;11.907381;Neutrophil
1.5861244;10.572462;Neutrophil
1.7653304;10.595703;Neutrophil
2.3846807;11.528877;Neutrophil
1.1310519;11.486901;Neutrophil
1.3789407;11.424135;Neutrophil
2.2095282;11.951276;Neutrophil
2.2466881;10.350052;Neutrophil
3.9698176;10.736621;Neutrophil
3.2066352;11.744377;Neutrophil
2.3642833;10.243851;Neutrophil
3.1086347;11.362728;Neutrophil
1.9218321;10.953241;Neutrophil
4.9583154;13.390041;Neutrophil
3.1485536;12.019279;Neutrophil
3.6546876;11.491771;Neutrophil
1.1126727;10.635546;Neutrophil
1.0847816;11.482062;Neutrophil
4.150823;11.489539;Neutrophil
2.8002658;11.929977;Neutrophil
2.4333901;12.120562;Neutrophil
4.1335793;10.864446;Neutrophil
0.89601874;11.504508;Neutrophil
5.121951;8.7526045;Neutrophil
2.974557;11.037027;Neutrophil
4.447058;8.324009;Neutrophil
3.6368904;10.350301;Neutrophil
1.8685391;11.173038;Neutrophil
4.7018137;9.417089;Neutrophil
1.5096263;11.376641;Neutrophil
3.1388285;11.832085;Neutrophil
1.323479;10.956688;Neutrophil
1.9903493;11.990887;Neutrophil
6.0597696;7.66634;Neutrophil
1.5649357;11.636361;Neutrophil
3.4305627;12.308507;Neutrophil
2.3373394;12.01317;Neutrophil
2.4587388;11.47158;Neutrophil
1.0853676;11.459211;Neutrophil
1.1464976;11.423085;Neutrophil
1.0332568;11.68135;Neutrophil
3.7337275;11.324527;Neutrophil
2.9504673;12.1143;Neutrophil
1.9580148;10.652712;Neutrophil
3.1791232;10.478169;Neutrophil
3.8929348;12.029066;Neutrophil
1.5616508;11.711806;Neutrophil
3.5373378;10.802977;Neutrophil
3.2057757;11.585483;Neutrophil
3.6463864;10.221863;Neutrophil
1.235981;10.365178;Neutrophil
0.9225622;11.4435;Neutrophil
1.5648553;11.295202;Neutrophil
2.538004;11.91275;Neutrophil
2.6292171;10.613211;Neutrophil
2.288998;10.333481;Neutrophil
3.9820673;11.505462;Neutrophil
4.800886;13.235859;Neutrophil
3.564437;11.957797;Neutrophil
2.2228475;10.407056;Neutrophil
2.3260713;10.553526;Neutrophil
3.0085225;12.047817;Neutrophil
2.5304484;10.23031;Neutrophil
2.0627098;11.842817;Neutrophil
2.820881;11.493525;Neutrophil
0.8914389;10.838621;Neutrophil
2.1636562;10.912666;Neutrophil
4.8520904;13.335201;Neutrophil
2.6080282;10.428475;Neutrophil
3.858897;11.88406;Neutrophil
2.0752628;10.556803;Neutrophil
2.7218442;11.621721;Neutrophil
2.2072213;11.897768;Neutrophil
1.2197239;10.635456;Neutrophil
1.1740974;11.328612;Neutrophil
1.3764683;11.388362;Neutrophil
1.3554081;11.135815;Neutrophil
4.377583;11.001005;Neutrophil
2.283248;10.381456;Neutrophil
0.94973046;11.189517;Neutrophil
2.2658463;10.450644;Neutrophil
1.8456715;10.815821;Neutrophil
1.6599826;11.685716;Neutrophil
1.2854462;11.279899;Neutrophil
2.5050554;10.519434;Neutrophil
2.372634;11.159059;Neutrophil
0.88990456;11.168109;Neutrophil
2.5603852;11.575141;Neutrophil
1.0100669;10.793647;Neutrophil
2.003408;10.76185;Neutrophil
1.2141325;11.676028;Neutrophil
2.8110082;10.797019;Neutrophil
4.2822185;10.776813;Neutrophil
3.4277916;10.735453;Neutrophil
2.0480728;10.968732;Neutrophil
1.8145862;11.823034;Neutrophil
1.0910479;11.257528;Neutrophil
1.1353055;11.509822;Neutrophil
3.6590214;10.207252;Neutrophil
1.9161569;10.702568;Neutrophil
3.1217105;10.639969;Neutrophil
2.289601;10.959797;Neutrophil
1.7538062;11.076247;Neutrophil
1.6099027;10.376776;Neutrophil
3.0505176;10.157225;Neutrophil
3.2572727;11.579728;Neutrophil
4.1591997;9.3602915;Neutrophil
3.3280885;10.972822;Neutrophil
4.6136937;10.792663;Neutrophil
5.4177823;9.794335;Neutrophil
1.016643;10.6265335;Neutrophil
2.7096872;11.152395;Neutrophil
2.4911447;10.512206;Neutrophil
1.6699075;11.270708;Neutrophil
3.0482275;11.484329;Neutrophil
3.6864383;11.924724;Neutrophil
2.0473235;11.860452;Neutrophil
2.473588;10.8440695;Neutrophil
3.2814577;10.954837;Neutrophil
2.591724;10.555998;Neutrophil
2.5252268;10.222293;Neutrophil
2.0034716;11.765135;Neutrophil
1.2887472;11.493896;Neutrophil
1.8726963;10.923276;Neutrophil
1.6125221;10.417548;Neutrophil
3.6381137;10.806892;Neutrophil
1.976536;11.5380535;Neutrophil
3.751947;11.4032345;Neutrophil
2.3355312;11.552107;Neutrophil
3.8200114;11.164074;Neutrophil
1.8187271;10.534553;Neutrophil
4.05121;11.373798;Neutrophil
3.23753;11.819694;Neutrophil
1.1795914;10.530934;Neutrophil
-2.0580432;17.770021;Neutrophil
3.8784447;11.45395;Neutrophil
1.5233063;10.91128;Neutrophil
4.369361;11.000992;Neutrophil
2.9421895;11.9999;Neutrophil
3.679311;10.651607;Neutrophil
4.160559;11.671997;Neutrophil
3.298255;11.706083;Neutrophil
4.315964;11.252373;Neutrophil
4.372737;10.839286;Neutrophil
-2.071152;17.76899;Neutrophil
1.3836833;11.201587;Neutrophil
1.375542;11.402684;Neutrophil
3.2783768;10.370495;Neutrophil
2.731765;12.117575;Neutrophil
4.417196;10.978618;Neutrophil
2.4402754;10.41973;Neutrophil
1.3449113;10.33459;Neutrophil
2.4671578;10.688665;Neutrophil
3.5114737;10.357765;Neutrophil
2.5363438;10.329824;Neutrophil
4.347028;10.846526;Neutrophil
2.702498;10.313331;Neutrophil
1.36705;11.14852;Neutrophil
2.297512;11.386872;Neutrophil
2.9748056;10.239984;Neutrophil
2.8002744;11.758379;Neutrophil
2.3921146;11.4753475;Neutrophil
2.028272;10.709995;Neutrophil
1.337744;11.273699;Neutrophil
2.8386772;10.395951;Neutrophil
1.1468773;11.547773;Neutrophil
1.9876295;10.790009;Neutrophil
2.0235136;11.922211;Neutrophil
2.1706383;11.421185;Neutrophil
3.2363768;11.82595;Neutrophil
3.0311565;11.9986315;Neutrophil
3.993333;10.185361;Neutrophil
2.75381;11.120973;Neutrophil
1.0874127;11.308114;Neutrophil
3.614085;12.204025;Neutrophil
0.67383695;11.23451;Neutrophil
-2.0897694;17.730537;Neutrophil
2.6587858;11.9602995;Neutrophil
2.6810057;11.824722;Neutrophil
0.8701572;10.979114;Neutrophil
2.3063412;10.8853035;Neutrophil
2.6058373;11.862021;Neutrophil
2.0328584;11.361466;Neutrophil
2.7515476;10.835017;Neutrophil
2.3064134;10.175131;Neutrophil
3.2804737;12.369905;Neutrophil
3.8546164;10.468608;Neutrophil
1.7158391;10.644888;Neutrophil
1.6573673;10.70943;Neutrophil
2.2524552;10.397678;Neutrophil
4.8055778;13.264151;Neutrophil
1.2448423;10.578045;Neutrophil
3.9718812;10.974773;Neutrophil
2.1395767;12.085331;Neutrophil
3.2646124;10.94274;Neutrophil
2.0072925;11.291788;Neutrophil
5.231187;10.309245;Neutrophil
2.0917974;11.12386;Neutrophil
4.7225842;9.246795;Neutrophil
1.4780582;10.572853;Neutrophil
3.295241;11.400158;Neutrophil
1.5996401;11.2212;Neutrophil
3.2596583;11.949389;Neutrophil
2.9057958;11.965914;Neutrophil
2.0413816;11.3670635;Neutrophil
2.9865997;12.017687;Neutrophil
0.93103844;11.712162;Neutrophil
-2.046252;17.807468;Neutrophil
2.5841527;11.529472;Neutrophil
1.7743517;10.330045;Neutrophil
0.9950147;10.658162;Neutrophil
0.82978284;11.29254;Neutrophil
1.031681;10.617321;Neutrophil
5.1458807;8.614444;Neutrophil
2.9019914;9.9334545;Neutrophil
2.1411152;12.084515;Neutrophil
1.9118648;11.092999;Neutrophil
2.7978768;10.878521;Neutrophil
1.6262004;11.706279;Neutrophil
4.202013;11.567778;Neutrophil
4.490206;8.199954;Neutrophil
2.6749063;10.149173;Neutrophil
3.4817266;10.934656;Neutrophil
3.5828886;11.629777;Neutrophil
4.730772;13.241997;Neutrophil
3.4475646;11.62318;Neutrophil
3.3977368;11.584992;Neutrophil
4.856819;13.296397;Neutrophil
3.2611434;10.73305;Neutrophil
2.5043247;11.35562;Neutrophil
3.3787022;10.780721;Neutrophil
1.6134863;10.344675;Neutrophil
1.2203715;10.338784;Neutrophil
2.6435125;10.406369;Neutrophil
3.3054256;11.418607;Neutrophil
1.061357;11.104441;Neutrophil
3.037774;10.745503;Neutrophil
3.377965;10.695722;Neutrophil
1.387388;10.20012;Neutrophil
3.5440724;12.206629;Neutrophil
1.0620656;11.499062;Neutrophil
3.0681744;10.665801;Neutrophil
3.734465;11.055086;Neutrophil
3.2179022;10.661963;Neutrophil
3.381622;11.056765;Neutrophil
2.391486;11.212109;Neutrophil
1.73477;11.895461;Neutrophil
1.042972;11.600641;Neutrophil
2.6791515;11.746089;Neutrophil
2.7175553;11.270905;Neutrophil
2.3094084;10.183542;Neutrophil
2.2975035;10.661005;Neutrophil
4.708314;13.209671;Neutrophil
4.06088;9.7217865;Neutrophil
3.5374832;11.964329;Neutrophil
1.6447926;11.290226;Neutrophil
3.281858;11.70069;Neutrophil
6.9981723;9.2581835;Neutrophil
4.913564;13.21527;Neutrophil
4.8483024;13.276256;Neutrophil
2.4415948;11.53608;Neutrophil
4.22913;9.597396;Neutrophil
3.6354382;11.850683;Neutrophil
1.7998426;10.9592285;Neutrophil
1.7339638;11.853298;Neutrophil
1.2379103;10.33857;Neutrophil
1.7063116;10.556865;Neutrophil
0.83807033;11.511575;Neutrophil
4.1101913;11.705424;Neutrophil
1.0373518;11.304817;Neutrophil
1.6041267;11.72454;Neutrophil
1.1816789;11.526214;Neutrophil
4.2013445;8.648753;Neutrophil
0.90749705;11.66984;Neutrophil
1.0960702;10.906733;Neutrophil
2.2285736;12.055631;Neutrophil
1.9198185;10.694524;Neutrophil
3.412907;10.784634;Neutrophil
3.769792;11.863415;Neutrophil
3.0303688;10.529966;Neutrophil
3.1623263;11.668909;Neutrophil
2.4549599;10.171732;Neutrophil
3.076612;11.451171;Neutrophil
3.156467;11.588959;Neutrophil
2.7894275;11.184402;Neutrophil
2.0743623;11.6500225;Neutrophil
4.009074;10.836793;Neutrophil
4.209767;10.984889;Neutrophil
3.1868846;11.586947;Neutrophil
3.8158078;11.922752;Neutrophil
2.1959977;11.872498;Neutrophil
1.6511441;11.527408;Neutrophil
1.9272895;11.629628;Neutrophil
2.7304034;12.053816;Neutrophil
3.3533888;10.516992;Neutrophil
3.4529989;11.47919;Neutrophil
1.9874926;10.908794;Neutrophil
2.5775962;10.941445;Neutrophil
3.2190728;11.73077;Neutrophil
-2.1091566;17.863752;Neutrophil
2.4184623;11.029296;Neutrophil
1.5193975;10.703818;Neutrophil
2.3044598;10.262778;Neutrophil
3.0509286;10.926902;Neutrophil
0.83105826;10.828376;Neutrophil
3.749183;11.578356;Neutrophil
3.7401419;11.110576;Neutrophil
0.99625915;10.598618;Neutrophil
2.4516397;11.464144;Neutrophil
2.5757575;11.295305;Neutrophil
0.9581783;10.513962;Neutrophil
3.134488;10.31945;Neutrophil
4.178809;11.298455;Neutrophil
1.8617945;10.384312;Neutrophil
1.4221674;11.390157;Neutrophil
4.6602454;10.581255;Neutrophil
1.4251001;10.858492;Neutrophil
3.6806722;12.102413;Neutrophil
2.8380854;10.875214;Neutrophil
3.1958897;10.883466;Neutrophil
2.3827856;12.047242;Neutrophil
3.7818959;11.550265;Neutrophil
3.574297;11.220275;Neutrophil
6.644669;9.291272;Neutrophil
2.9685786;12.049301;Neutrophil
3.9541106;11.277718;Neutrophil
2.3559287;11.311661;Neutrophil
3.1003044;11.449699;Neutrophil
4.0386834;11.686469;Neutrophil
2.311304;11.142095;Neutrophil
3.2651496;10.726167;Neutrophil
3.8503692;9.810441;Neutrophil
4.039252;11.634559;Neutrophil
2.4618456;10.142765;Neutrophil
2.191855;10.971958;Neutrophil
2.1404157;10.613516;Neutrophil
3.5692492;12.090688;Neutrophil
2.836211;12.035053;Neutrophil
3.6150033;10.732152;Neutrophil
1.3254029;10.499274;Neutrophil
3.8160563;10.789577;Neutrophil
1.0710695;10.447856;Neutrophil
2.5315387;10.710639;Neutrophil
3.64601;10.282384;Neutrophil
2.4810412;10.713394;Neutrophil
2.9938672;10.360179;Neutrophil
2.671674;11.7453785;Neutrophil
6.014388;7.9920473;Neutrophil
3.664207;10.901523;Neutrophil
3.1848435;11.969474;Neutrophil
1.5058525;11.115285;Neutrophil
7.86269;9.270206;Neutrophil
2.6847866;11.503486;Neutrophil
3.7722762;11.978782;Neutrophil
3.460525;11.9089;Neutrophil
1.2634166;10.883076;Neutrophil
1.5543604;10.751865;Neutrophil
3.6082485;10.286288;Neutrophil
2.0302114;11.783524;Neutrophil
4.128316;11.232755;Neutrophil
2.820182;10.167532;Neutrophil
2.0260994;10.863797;Neutrophil
2.113489;10.970579;Neutrophil
1.9607964;11.0474415;Neutrophil
3.2498767;11.789151;Neutrophil
2.784233;11.647677;Neutrophil
-2.50676;18.300694;Neutrophil
4.000962;10.924044;Neutrophil
1.637706;10.852736;Neutrophil
1.4635836;11.092592;Neutrophil
2.624485;11.305604;Neutrophil
2.6141462;11.177937;Neutrophil
2.111421;11.997109;Neutrophil
1.4944538;11.129772;Neutrophil
2.3586695;10.502386;Neutrophil
3.519838;10.452216;Neutrophil
3.7976413;11.764467;Neutrophil
2.6101007;10.166223;Neutrophil
1.2739486;11.184692;Neutrophil
4.117601;10.928387;Neutrophil
3.0136857;10.042075;Neutrophil
3.4995608;10.828367;Neutrophil
3.696092;10.940619;Neutrophil
1.1461748;10.725119;Neutrophil
3.0698948;11.706074;Neutrophil
1.5719807;11.735062;Neutrophil
3.308871;11.181884;Neutrophil
4.8462753;13.298284;Neutrophil
4.1087837;11.780122;Neutrophil
1.9058682;11.000957;Neutrophil
3.0072029;11.983453;Neutrophil
2.3602762;10.985882;Neutrophil
2.8797581;10.596616;Neutrophil
2.9636002;11.626495;Neutrophil
0.7239162;11.506659;Neutrophil
3.864151;11.902315;Neutrophil
2.9939754;10.139724;Neutrophil
1.8161155;11.724942;Neutrophil
4.142865;11.599531;Neutrophil
1.6728133;10.817738;Neutrophil
3.0898921;12.15412;Neutrophil
2.7137136;10.164224;Neutrophil
1.3327494;11.75543;Neutrophil
2.8402386;10.777425;Neutrophil
3.0716562;11.0430975;Neutrophil
3.4665413;11.22089;Neutrophil
3.9995656;10.927661;Neutrophil
1.7181532;10.429416;Neutrophil
1.420355;11.217047;Neutrophil
2.6104722;11.158759;Neutrophil
1.8175681;11.488815;Neutrophil
4.191221;10.806257;Neutrophil
2.1831038;11.478885;Neutrophil
0.95462346;10.654737;Neutrophil
1.847257;11.582208;Neutrophil
1.5255347;11.6204605;Neutrophil
4.345728;10.756402;Neutrophil
2.0997403;12.0389;Neutrophil
2.2612376;12.05444;Neutrophil
2.9195569;12.069315;Neutrophil
4.816812;13.260569;Neutrophil
4.852798;9.495373;Neutrophil
2.313422;10.459632;Neutrophil
0.9603473;11.006874;Neutrophil
2.2565842;11.340337;Neutrophil
2.1778333;10.987412;Neutrophil
0.9857397;11.377174;Neutrophil
4.1514287;10.856592;Neutrophil
3.8818839;11.598284;Neutrophil
2.91587;10.619662;Neutrophil
4.03022;10.865098;Neutrophil
2.930553;10.681199;Neutrophil
3.0153217;11.445648;Neutrophil
-2.072352;17.780287;Neutrophil
4.8997984;13.208186;Neutrophil
2.9940543;11.938296;Neutrophil
4.3810596;11.193919;Neutrophil
2.9484773;12.120752;Neutrophil
3.784949;11.075205;Neutrophil
3.8114357;10.698679;Neutrophil
1.9144198;10.819422;Neutrophil
1.3174889;11.06841;Neutrophil
2.8298683;10.627069;Neutrophil
3.7717903;11.232504;Neutrophil
1.3310034;10.840487;Neutrophil
0.73860097;11.3194475;Neutrophil
3.38613;10.271615;Neutrophil
2.817072;11.706125;Neutrophil
2.0793855;10.587714;Neutrophil
3.84749;11.453641;Neutrophil
1.503507;10.79029;Neutrophil
5.647559;9.389945;Neutrophil
2.5272834;10.213415;Neutrophil
2.7936487;11.249705;Neutrophil
4.83183;13.28493;Neutrophil
4.2548947;8.508324;Neutrophil
2.6753514;11.563822;Neutrophil
2.426911;10.6291485;Neutrophil
-3.8906288;3.0244317;Neutrophil
1.7609415;11.499291;Neutrophil
0.997906;10.380361;Neutrophil
3.9255607;11.024593;Neutrophil
2.9170783;11.685733;Neutrophil
2.2368717;10.519941;Neutrophil
2.104538;11.844814;Neutrophil
4.702781;9.921809;Neutrophil
3.4944375;10.116658;Neutrophil
1.1727275;11.559894;Neutrophil
3.4562058;10.2418585;Neutrophil
3.4097815;10.364061;Neutrophil
4.0057564;10.981416;Neutrophil
2.8903232;11.645786;Neutrophil
2.8351772;11.622267;Neutrophil
3.8932421;10.328835;Neutrophil
0.69487166;11.545107;Neutrophil
1.4426919;11.68511;Neutrophil
3.922553;11.601429;Neutrophil
3.865848;11.623378;Neutrophil
2.9140325;10.785143;Neutrophil
2.9062855;11.056085;Neutrophil
2.6217995;10.9192295;Neutrophil
1.5081989;11.740212;Neutrophil
3.3092465;12.14481;Neutrophil
1.1825082;11.080053;Neutrophil
1.2106599;10.611333;Neutrophil
2.5002277;11.603064;Neutrophil
0.94710743;11.438934;Neutrophil
3.552802;11.928956;Neutrophil
1.5219675;11.861039;Neutrophil
1.8236816;11.69559;Neutrophil
0.7850768;11.024583;Neutrophil
2.6121726;10.193227;Neutrophil
3.2086678;11.94182;Neutrophil
2.078533;11.004619;Neutrophil
3.065926;10.956258;Neutrophil
4.4054213;10.9242735;Neutrophil
2.3682785;10.986005;Neutrophil
1.5625899;11.050527;Neutrophil
1.8973812;10.958205;Neutrophil
2.9257238;12.1981945;Neutrophil
4.1052675;11.695214;Neutrophil
1.5667166;10.51904;Neutrophil
2.754663;11.084482;Neutrophil
3.8074071;11.307896;Neutrophil
4.0812883;11.119353;Neutrophil
4.0987234;11.064011;Neutrophil
1.2222058;11.094997;Neutrophil
6.9157405;9.491205;Neutrophil
2.3066492;10.226623;Neutrophil
1.1071695;11.803261;Neutrophil
2.9970295;11.52561;Neutrophil
1.9294268;11.611185;Neutrophil
6.1094694;9.567379;Neutrophil
2.3719306;10.449435;Neutrophil
2.2509108;11.436789;Neutrophil
1.8015007;10.904931;Neutrophil
3.9438486;10.841875;Neutrophil
3.0687406;11.614972;Neutrophil
2.509387;10.469338;Neutrophil
4.914535;10.048532;Neutrophil
0.9049077;10.731815;Neutrophil
2.8867588;12.0704775;Neutrophil
1.5170046;11.29916;Neutrophil
1.1306243;10.820821;Neutrophil
3.6184516;10.539693;Neutrophil
1.5227096;10.90227;Neutrophil
1.9296087;11.094774;Neutrophil
4.8637896;13.307046;Neutrophil
3.0360007;12.189721;Neutrophil
2.927954;11.767872;Neutrophil
3.1084297;10.281311;Neutrophil
2.1141963;10.976324;Neutrophil
0.9907111;11.321787;Neutrophil
3.4319363;10.130112;Neutrophil
2.116452;11.479156;Neutrophil
1.7291056;11.697829;Neutrophil
1.1209081;10.996314;Neutrophil
2.3428512;11.65127;Neutrophil
1.0402125;11.081401;Neutrophil
3.2871368;11.660275;Neutrophil
2.9326954;10.479696;Neutrophil
0.83062;10.889163;Neutrophil
1.6422886;11.771027;Neutrophil
3.09577;10.142088;Neutrophil
2.990609;12.080512;Neutrophil
1.5232742;10.954998;Neutrophil
2.0411632;11.05234;Neutrophil
1.0701791;10.314975;Neutrophil
3.2362318;11.041416;Neutrophil
3.871753;10.808562;Neutrophil
4.3040676;11.509401;Neutrophil
4.122143;11.726798;Neutrophil
1.2419537;11.002382;Neutrophil
0.87879074;11.022401;Neutrophil
2.6331053;10.357671;Neutrophil
2.2823145;11.990951;Neutrophil
3.3180456;11.87059;Neutrophil
2.7632651;11.914517;Neutrophil
4.0422997;11.003415;Neutrophil
2.438918;11.582967;Neutrophil
3.9712188;10.642106;Neutrophil
1.1690834;10.520209;Neutrophil
4.8817143;13.305261;Neutrophil
2.987979;10.730889;Neutrophil
2.8785894;11.890951;Neutrophil
3.3363204;11.463002;Neutrophil
0.84645045;10.562427;Neutrophil
2.8310513;10.5395;Neutrophil
4.2237988;10.807294;Neutrophil
2.6982439;11.125057;Neutrophil
4.2297125;10.769184;Neutrophil
2.6011732;11.303586;Neutrophil
3.480329;10.7107935;Neutrophil
1.9367206;11.236434;Neutrophil
2.4071875;11.4764185;Neutrophil
3.6639295;10.484199;Neutrophil
1.6508439;11.747527;Neutrophil
1.1488699;10.365459;Neutrophil
3.432796;11.330794;Neutrophil
3.9661896;11.802469;Neutrophil
2.9185262;10.886295;Neutrophil
1.264811;10.64566;Neutrophil
2.2347991;12.097979;Neutrophil
3.559238;10.123411;Neutrophil
2.350635;11.259732;Neutrophil
2.944816;10.997496;Neutrophil
2.2888403;11.158443;Neutrophil
4.2902236;10.890675;Neutrophil
3.7555482;11.428072;Neutrophil
2.1729507;11.302653;Neutrophil
2.6650643;11.190267;Neutrophil
2.75071;11.584787;Neutrophil
2.4445817;11.183616;Neutrophil
4.5121107;8.084231;Neutrophil
2.063686;10.144155;Neutrophil
1.7562704;10.66071;Neutrophil
1.4214436;11.484523;Neutrophil
1.5273654;11.561013;Neutrophil
1.8495841;12.005095;Neutrophil
3.901467;10.977887;Neutrophil
1.0662705;10.57929;Neutrophil
0.8369394;11.461815;Neutrophil
2.4816384;10.941365;Neutrophil
3.6201162;10.18474;Neutrophil
2.154704;11.997022;Neutrophil
4.124661;10.967703;Neutrophil
2.0036445;10.766928;Neutrophil
2.2963312;10.73283;Neutrophil
2.998686;11.537486;Neutrophil
0.8866406;11.630188;Neutrophil
3.8874104;12.030428;Neutrophil
1.864315;11.871273;Neutrophil
3.09102;10.040549;Neutrophil
1.0356483;10.627766;Neutrophil
2.7091403;10.580559;Neutrophil
3.6060312;10.155794;Neutrophil
1.2961472;10.850148;Neutrophil
3.938932;11.577895;Neutrophil
2.7078638;11.754454;Neutrophil
1.150832;10.970977;Neutrophil
1.1281458;11.503886;Neutrophil
2.2980497;10.840213;Neutrophil
2.3582094;12.125186;Neutrophil
2.0430205;11.821315;Neutrophil
2.4271653;11.8351965;Neutrophil
2.0419002;11.824667;Neutrophil
4.850804;13.297837;Neutrophil
2.8211522;10.276124;Neutrophil
1.1367966;11.478498;Neutrophil
1.8624454;10.678959;Neutrophil
3.1448932;11.048127;Neutrophil
4.758213;13.223521;Neutrophil
0.86492056;11.595754;Neutrophil
1.0563277;10.600591;Neutrophil
2.6550078;11.975547;Neutrophil
3.092193;11.287831;Neutrophil
1.1879531;11.603781;Neutrophil
0.9055434;11.3048115;Neutrophil
2.4412324;10.629511;Neutrophil
2.2492142;11.414943;Neutrophil
2.2860196;10.573738;Neutrophil
1.8476796;11.51451;Neutrophil
1.1305357;10.695405;Neutrophil
4.413882;8.351824;Neutrophil
1.8601642;11.60364;Neutrophil
2.438129;11.0493145;Neutrophil
1.8435764;10.272173;Neutrophil
3.1214166;11.871898;Neutrophil
3.0435104;10.9131155;Neutrophil
1.7192582;10.334867;Neutrophil
2.3677707;10.977372;Neutrophil
2.6017804;11.496679;Neutrophil
3.09079;10.826974;Neutrophil
3.2960923;11.683673;Neutrophil
4.0613275;11.1581955;Neutrophil
1.4011922;11.256866;Neutrophil
0.8455678;10.711434;Neutrophil
1.5301292;11.501721;Neutrophil
4.779115;13.266476;Neutrophil
1.7601316;11.739792;Neutrophil
4.9064064;13.211574;Neutrophil
3.2665575;11.207424;Neutrophil
3.1778321;11.898804;Neutrophil
1.2442119;11.250616;Neutrophil
3.0400994;10.757463;Neutrophil
1.4455132;10.213545;Neutrophil
2.3000324;11.131031;Neutrophil
2.891092;10.75814;Neutrophil
4.291208;10.988126;Neutrophil
4.601964;9.763362;Neutrophil
3.3632674;11.133811;Neutrophil
2.1278574;10.946883;Neutrophil
3.4940886;10.185818;Neutrophil
2.809548;10.444693;Neutrophil
1.7103643;11.066834;Neutrophil
2.0513856;11.86692;Neutrophil
2.9261112;10.540006;Neutrophil
1.2125701;10.445422;Neutrophil
2.1979136;12.123031;Neutrophil
2.90058;11.301583;Neutrophil
2.880771;11.629722;Neutrophil
3.5638764;12.243475;Neutrophil
2.958687;10.295795;Neutrophil
2.6055043;11.307941;Neutrophil
3.4531298;11.755155;Neutrophil
1.3118143;10.86634;Neutrophil
1.5713997;11.704415;Neutrophil
1.2128462;11.503886;Neutrophil
1.9515771;11.281267;Neutrophil
1.6644123;10.656999;Neutrophil
2.4602854;10.229423;Neutrophil
0.81217974;11.334675;Neutrophil
3.3123248;10.7935915;Neutrophil
2.6827035;11.023902;Neutrophil
4.867084;13.271379;Neutrophil
3.1308012;10.1965275;Neutrophil
3.8188734;10.909372;Neutrophil
3.8819342;11.17291;Neutrophil
2.8944623;10.937672;Neutrophil
1.5302742;11.081759;Neutrophil
1.4655265;11.575891;Neutrophil
-2.0778406;17.775494;Neutrophil
1.4071785;10.226245;Neutrophil
3.419482;12.085741;Neutrophil
1.0293387;10.40308;Neutrophil
2.1418087;10.537397;Neutrophil
2.7684371;10.773888;Neutrophil
1.0174952;10.554885;Neutrophil
1.0290494;10.711044;Neutrophil
-2.134159;17.875225;Neutrophil
3.8363738;10.770507;Neutrophil
2.073293;11.551347;Neutrophil
1.5068111;11.412567;Neutrophil
2.204352;11.019274;Neutrophil
3.43277;11.478117;Neutrophil
1.8071222;11.135922;Neutrophil
2.8700416;10.864829;Neutrophil
3.1501434;10.738536;Neutrophil
3.321589;10.340366;Neutrophil
3.3364549;10.212605;Neutrophil
3.1728458;11.104976;Neutrophil
5.1609416;9.24336;Neutrophil
2.3021657;10.153248;Neutrophil
1.0048761;11.171484;Neutrophil
2.6461031;11.564165;Neutrophil
3.1144261;11.699571;Neutrophil
1.7127172;11.739369;Neutrophil
1.4628034;11.036923;Neutrophil
1.4150332;10.259619;Neutrophil
3.5838077;11.942256;Neutrophil
3.1954896;11.634376;Neutrophil
1.2939848;11.2743225;Neutrophil
5.2247252;9.984777;Neutrophil
4.1889787;10.75457;Neutrophil
2.8409615;11.271123;Neutrophil
2.0067134;11.965688;Neutrophil
3.6313896;10.842185;Neutrophil
-2.0585384;17.739065;Neutrophil
2.3995473;11.860979;Neutrophil
2.2422452;10.749357;Neutrophil
4.6437635;10.2867775;Neutrophil
3.1742113;10.488737;Neutrophil
1.3991208;10.783564;Neutrophil
2.1864645;12.102864;Neutrophil
3.9848373;10.821619;Neutrophil
2.7100434;10.615535;Neutrophil
2.852379;10.716935;Neutrophil
1.9585978;11.111894;Neutrophil
2.6511118;11.888587;Neutrophil
1.0940218;11.147241;Neutrophil
2.9435248;10.7501745;Neutrophil
2.860754;11.91297;Neutrophil
2.1030188;10.468993;Neutrophil
3.5755043;10.625503;Neutrophil
1.9600236;11.1398535;Neutrophil
2.1779914;10.532636;Neutrophil
3.07731;12.099381;Neutrophil
3.0891004;10.648635;Neutrophil
4.720391;13.211269;Neutrophil
4.812564;13.269072;Neutrophil
0.8967543;10.657121;Neutrophil
1.9017768;12.00157;Neutrophil
1.0874183;10.594041;Neutrophil
4.373166;8.5829115;Neutrophil
3.6441834;10.177222;Neutrophil
3.2026913;10.236482;Neutrophil
2.1735837;11.257923;Neutrophil
2.6050057;10.434536;Neutrophil
2.8108952;11.695832;Neutrophil
1.6512773;11.439322;Neutrophil
2.6090064;11.807066;Neutrophil
3.141852;10.372659;Neutrophil
1.4913403;11.007246;Neutrophil
2.2163057;11.01507;Neutrophil
1.127191;11.368342;Neutrophil
1.3655974;10.608316;Neutrophil
2.8814209;11.097388;Neutrophil
2.7105212;11.412494;Neutrophil
1.5891951;11.62133;Neutrophil
2.6707442;11.368708;Neutrophil
1.3013812;11.201077;Neutrophil
2.049324;11.250851;Neutrophil
0.86681944;11.401684;Neutrophil
-2.0643504;17.764828;Neutrophil
-2.066435;17.756363;Neutrophil
1.7127368;10.51313;Neutrophil
4.529815;9.017957;Neutrophil
2.095179;11.284061;Neutrophil
2.1690068;11.621205;Neutrophil
1.5644894;10.58953;Neutrophil
3.1972408;12.023855;Neutrophil
1.6960669;11.76658;Neutrophil
2.3758996;11.2739315;Neutrophil
0.9811842;11.279506;Neutrophil
3.69427;10.271804;Neutrophil
3.0376637;10.941951;Neutrophil
3.1801157;12.105316;Neutrophil
0.8710542;10.936408;Neutrophil
2.3763838;10.330118;Neutrophil
3.7311842;11.932467;Neutrophil
2.8397236;11.831161;Neutrophil
2.1944778;12.0222225;Neutrophil
4.8968716;13.137333;Neutrophil
3.5276666;11.203535;Neutrophil
2.9621158;10.466095;Neutrophil
2.5388;11.692137;Neutrophil
2.6781297;10.462005;Neutrophil
2.3334749;11.668119;Neutrophil
3.487146;11.382303;Neutrophil
1.3725885;10.336083;Neutrophil
0.9124865;10.831258;Neutrophil
4.2252626;11.40385;Neutrophil
2.8543444;10.236204;Neutrophil
1.0468591;10.68821;Neutrophil
5.998263;7.76621;Neutrophil
2.9573061;11.532387;Neutrophil
6.985828;9.261691;Neutrophil
0.9241722;10.915133;Neutrophil
2.2447019;11.411437;Neutrophil
2.806202;11.158102;Neutrophil
1.6556511;10.773106;Neutrophil
3.5508409;11.614762;Neutrophil
3.6390553;10.538311;Neutrophil
1.0438982;10.491961;Neutrophil
0.9802124;11.240914;Neutrophil
4.8344917;13.269393;Neutrophil
3.2089741;10.083756;Neutrophil
2.7824082;10.6764345;Neutrophil
1.9685984;10.110515;Neutrophil
4.063072;10.903822;Neutrophil
1.2107679;10.497888;Neutrophil
1.3413464;10.762683;Neutrophil
1.8062204;11.451179;Neutrophil
3.3999832;11.954497;Neutrophil
3.9642274;11.553362;Neutrophil
2.3547616;11.40924;Neutrophil
1.9500188;11.2633705;Neutrophil
1.2595655;10.747747;Neutrophil
2.4143472;10.199975;Neutrophil
4.203005;11.409793;Neutrophil
1.9322865;11.567805;Neutrophil
2.1328397;10.196361;Neutrophil
1.7806172;10.378526;Neutrophil
2.5049708;11.966518;Neutrophil
2.253262;10.719698;Neutrophil
4.237438;11.625285;Neutrophil
2.173198;10.078414;Neutrophil
2.781341;11.449544;Neutrophil
2.2667282;12.172118;Neutrophil
4.245454;11.078698;Neutrophil
4.0037913;11.673488;Neutrophil
3.2095292;11.6331005;Neutrophil
3.9282143;11.520892;Neutrophil
3.7826023;9.953127;Neutrophil
3.5459552;10.805025;Neutrophil
3.7550244;10.673703;Neutrophil
4.7367797;10.276634;Neutrophil
2.1307013;11.818862;Neutrophil
1.6610558;11.787171;Neutrophil
2.1644018;10.31905;Neutrophil
3.800631;12.001943;Neutrophil
4.751183;13.223697;Neutrophil
1.4928086;10.237825;Neutrophil
3.1241915;10.297668;Neutrophil
2.092264;11.171358;Neutrophil
1.2463508;11.543149;Neutrophil
2.1396956;10.575207;Neutrophil
1.5101058;11.630363;Neutrophil
1.2573943;11.750208;Neutrophil
3.2922506;11.196901;Neutrophil
2.9776738;11.503798;Neutrophil
3.0927577;11.616573;Neutrophil
2.2961342;11.453839;Neutrophil
1.9937414;10.971679;Neutrophil
2.8720865;11.613945;Neutrophil
1.881059;10.588205;Neutrophil
3.8713498;9.804105;Neutrophil
3.1563976;10.3277445;Neutrophil
2.6026328;12.112296;Neutrophil
3.6459124;12.138683;Neutrophil
1.7942004;11.658234;Neutrophil
1.0335759;10.325622;Neutrophil
3.3936012;12.300702;Neutrophil
0.9272014;10.760515;Neutrophil
2.1497047;10.435103;Neutrophil
3.4803581;12.332162;Neutrophil
1.2436286;10.692199;Neutrophil
1.6527622;11.047679;Neutrophil
4.1855097;10.770089;Neutrophil
0.9456386;11.378359;Neutrophil
2.3821504;11.846173;Neutrophil
2.2111576;11.403501;Neutrophil
1.5634844;11.394856;Neutrophil
2.1233613;11.192512;Neutrophil
2.8860402;11.627827;Neutrophil
3.546129;10.950956;Neutrophil
6.530673;8.439756;Neutrophil
5.7193017;7.513517;Neutrophil
2.4027238;11.626494;Neutrophil
4.8590574;13.29868;Neutrophil
3.622225;10.978436;Neutrophil
2.4853017;11.046372;Neutrophil
3.1142814;12.201661;Neutrophil
0.95056313;11.184645;Neutrophil
2.204276;12.10503;Neutrophil
4.804321;13.320691;Neutrophil
1.9725627;11.506621;Neutrophil
3.494576;10.662832;Neutrophil
1.3954291;10.809226;Neutrophil
3.4162843;11.045221;Neutrophil
-2.0414474;17.808914;Neutrophil
2.3991504;11.1813965;Neutrophil
3.3553238;11.235253;Neutrophil
2.9113166;11.01723;Neutrophil
4.5451;11.05601;Neutrophil
3.1631908;12.198911;Neutrophil
1.037196;11.4072695;Neutrophil
3.6516562;10.96291;Neutrophil
2.3912063;11.422956;Neutrophil
1.9429795;11.9416485;Neutrophil
2.154375;10.510608;Neutrophil
2.1084135;11.154492;Neutrophil
4.4756894;9.281668;Neutrophil
2.0837524;11.234694;Neutrophil
1.3743095;10.67166;Neutrophil
1.9634839;11.894914;Neutrophil
2.4159067;10.294701;Neutrophil
2.6110709;11.415289;Neutrophil
1.8610042;11.019352;Neutrophil
1.1710508;10.859966;Neutrophil
2.2464008;11.188838;Neutrophil
2.831388;11.970109;Neutrophil
0.91180944;10.943555;Neutrophil
2.7439601;12.031882;Neutrophil
1.6247035;10.473838;Neutrophil
4.1829877;10.86698;Neutrophil
1.2558628;11.844601;Neutrophil
3.021528;10.802847;Neutrophil
3.5515034;10.173833;Neutrophil
3.3206434;12.10583;Neutrophil
3.1590328;11.322773;Neutrophil
3.145397;11.631034;Neutrophil
4.0936084;10.600762;Neutrophil
2.4284847;10.660039;Neutrophil
2.9093568;12.104104;Neutrophil
1.6569172;11.506648;Neutrophil
2.2489526;11.871237;Neutrophil
1.9916385;10.986824;Neutrophil
1.2951635;11.081378;Neutrophil
3.907583;10.759133;Neutrophil
1.5866113;10.271385;Neutrophil
1.7654057;11.195878;Neutrophil
0.8758237;10.700037;Neutrophil
1.5677235;10.661326;Neutrophil
4.1025796;10.834955;Neutrophil
2.7544658;11.130101;Neutrophil
3.3539023;10.7456;Neutrophil
1.3637947;10.699306;Neutrophil
3.8660479;11.398421;Neutrophil
2.036062;12.156869;Neutrophil
2.4645655;11.944925;Neutrophil
3.182482;11.513517;Neutrophil
3.0347214;11.09793;Neutrophil
3.1505005;11.344332;Neutrophil
1.8583761;10.329602;Neutrophil
2.4547255;10.273792;Neutrophil
0.95895594;10.701188;Neutrophil
1.3057274;10.670439;Neutrophil
2.7831285;10.599521;Neutrophil
2.4159575;10.797873;Neutrophil
1.4347752;10.567437;Neutrophil
1.2602495;11.531932;Neutrophil
4.5181036;10.676844;Neutrophil
1.1607705;11.381269;Neutrophil
2.2024775;10.950579;Neutrophil
2.2500486;11.840155;Neutrophil
4.4070287;8.411498;Neutrophil
1.7116883;11.74174;Neutrophil
3.1240306;11.8913965;Neutrophil
2.1612713;11.056049;Neutrophil
1.1040716;11.461197;Neutrophil
3.2454891;12.046449;Neutrophil
2.7801826;10.468605;Neutrophil
1.4001266;11.6924715;Neutrophil
2.6680582;10.890764;Neutrophil
3.321442;12.015617;Neutrophil
0.9655491;10.633622;Neutrophil
3.3943317;12.358034;Neutrophil
2.1128035;11.961409;Neutrophil
3.2448347;11.681445;Neutrophil
4.400202;10.827149;Neutrophil
1.2552359;11.505169;Neutrophil
1.249427;11.279939;Neutrophil
1.7968646;11.803302;Neutrophil
2.0428522;12.080283;Neutrophil
3.133768;11.997068;Neutrophil
2.2034526;10.731547;Neutrophil
2.854655;10.649388;Neutrophil
1.9085319;11.362515;Neutrophil
1.5432636;11.143934;Neutrophil
3.3883114;11.120841;Neutrophil
1.8732215;10.663546;Neutrophil
2.5859582;10.72511;Neutrophil
3.6720366;10.364076;Neutrophil
4.938595;9.938693;Neutrophil
-2.0492377;17.76432;Neutrophil
1.2573003;10.694066;Neutrophil
1.3436145;11.232311;Neutrophil
4.1652265;11.580054;Neutrophil
1.1750008;10.626511;Neutrophil
3.2029939;11.644336;Neutrophil
4.423674;11.235218;Neutrophil
2.9615915;11.541454;Neutrophil
3.408992;11.43597;Neutrophil
2.7344768;11.047181;Neutrophil
4.54205;10.853395;Neutrophil
2.3166924;11.4333105;Neutrophil
1.1449474;11.543883;Neutrophil
1.7574852;12.0416765;Neutrophil
2.9998357;11.307507;Neutrophil
4.88868;13.296565;Neutrophil
2.1851935;10.926343;Neutrophil
2.2855966;12.124108;Neutrophil
3.3198378;11.022226;Neutrophil
3.3146613;11.615456;Neutrophil
4.99916;9.2269125;Neutrophil
2.3869328;10.808394;Neutrophil
4.026469;10.972858;Neutrophil
2.6413267;10.329787;Neutrophil
3.638908;11.304412;Neutrophil
2.876123;10.821947;Neutrophil
2.203555;11.216502;Neutrophil
2.694641;12.150033;Neutrophil
3.850272;11.501953;Neutrophil
2.8121815;10.854699;Neutrophil
2.6583483;10.813699;Neutrophil
3.2338462;11.843949;Neutrophil
3.7686744;10.301461;Neutrophil
1.3930274;10.358613;Neutrophil
3.8432379;11.347587;Neutrophil
1.5265346;11.825092;Neutrophil
2.4957912;11.011204;Neutrophil
0.67260116;11.559567;Neutrophil
2.2130153;10.136699;Neutrophil
3.0076978;11.256934;Neutrophil
4.219005;11.520764;Neutrophil
1.6870689;10.640428;Neutrophil
2.6304293;10.4502;Neutrophil
3.869063;11.545182;Neutrophil
1.4349303;10.173407;Neutrophil
2.9072218;12.134739;Neutrophil
2.6382315;11.393157;Neutrophil
3.6364763;11.798111;Neutrophil
4.4642687;10.859927;Neutrophil
2.3637052;10.53369;Neutrophil
2.0690105;11.522972;Neutrophil
1.675773;11.073266;Neutrophil
1.8829517;10.237423;Neutrophil
4.8514285;13.303141;Neutrophil
1.7724075;10.769232;Neutrophil
2.0213823;10.994752;Neutrophil
3.2963798;11.95316;Neutrophil
2.496366;10.349499;Neutrophil
4.2474575;11.70576;Neutrophil
3.3430223;12.168701;Neutrophil
3.1182406;11.06298;Neutrophil
2.8433878;10.114136;Neutrophil
3.101877;11.96956;Neutrophil
1.5330501;10.785485;Neutrophil
0.79915655;10.663388;Neutrophil
2.892262;10.90867;Neutrophil
2.2091367;11.055225;Neutrophil
2.367858;11.2801075;Neutrophil
3.7815816;10.120187;Neutrophil
3.0842144;10.554753;Neutrophil
2.0720513;11.655276;Neutrophil
3.549143;11.6100645;Neutrophil
4.9377227;13.372899;Neutrophil
1.0006406;11.041017;Neutrophil
3.1704094;11.90533;Neutrophil
2.854267;10.383734;Neutrophil
1.1009539;11.50336;Neutrophil
2.7944508;10.216289;Neutrophil
1.7147462;11.753468;Neutrophil
2.4817693;12.023206;Neutrophil
2.443091;11.325897;Neutrophil
4.3615317;10.900703;Neutrophil
2.3199525;11.391531;Neutrophil
4.8699217;13.307654;Neutrophil
2.7769275;10.4495945;Neutrophil
3.181952;11.8919;Neutrophil
3.7430532;10.019733;Neutrophil
1.223619;11.045964;Neutrophil
0.71277946;11.573472;Neutrophil
3.1176174;11.187578;Neutrophil
0.8238307;11.379581;Neutrophil
3.8308437;10.740142;Neutrophil
3.2130773;10.778844;Neutrophil
1.1192704;11.088471;Neutrophil
2.1089103;11.919562;Neutrophil
2.9042242;12.134157;Neutrophil
2.0624282;11.302922;Neutrophil
2.6943493;12.036297;Neutrophil
4.3377743;10.953974;Neutrophil
2.274855;11.46813;Neutrophil
0.6678686;11.603186;Neutrophil
5.3712916;9.164671;Neutrophil
1.4527779;10.4245405;Neutrophil
2.267507;10.948427;Neutrophil
1.736419;10.216696;Neutrophil
3.6349835;11.243914;Neutrophil
1.795271;11.104547;Neutrophil
0.95659965;11.324997;Neutrophil
3.8384867;11.842919;Neutrophil
1.2366475;10.356216;Neutrophil
2.2981632;10.221386;Neutrophil
4.1509695;10.958085;Neutrophil
2.235961;12.086052;Neutrophil
2.8873267;11.568723;Neutrophil
4.911371;13.308829;Neutrophil
1.6606058;10.995481;Neutrophil
3.2182965;11.27451;Neutrophil
2.7580485;10.165111;Neutrophil
3.1366475;11.987219;Neutrophil
2.8762572;11.629373;Neutrophil
4.5768847;10.10405;Neutrophil
3.487925;11.439139;Neutrophil
2.7681696;11.29494;Neutrophil
1.6049469;10.858469;Neutrophil
0.79338056;11.550336;Neutrophil
2.981002;11.858007;Neutrophil
1.8923723;11.809968;Neutrophil
4.552265;10.774335;Neutrophil
5.6500797;8.646525;Neutrophil
0.8294031;11.484931;Neutrophil
1.8375624;10.307684;Neutrophil
2.7668982;10.309449;Neutrophil
3.483968;10.511005;Neutrophil
4.179555;10.769796;Neutrophil
1.3144977;10.87744;Neutrophil
1.1295912;10.601373;Neutrophil
2.6911967;11.310684;Neutrophil
-2.0790582;17.795685;Neutrophil
4.3683267;11.093853;Neutrophil
2.223022;11.342471;Neutrophil
2.8347874;11.64419;Neutrophil
2.683753;11.175197;Neutrophil
2.1991942;12.084427;Neutrophil
3.7539086;11.679793;Neutrophil
2.0855439;10.875002;Neutrophil
2.0011063;10.824572;Neutrophil
3.2650223;10.7269125;Neutrophil
1.8093075;10.312209;Neutrophil
4.5117474;6.0836697;Neutrophil
1.9155843;10.122912;Neutrophil
1.0534995;10.712031;Neutrophil
3.8122213;10.780035;Neutrophil
3.8555562;11.577353;Neutrophil
3.461443;10.718285;Neutrophil
3.5863132;10.271317;Neutrophil
2.4573164;11.253659;Neutrophil
1.1686052;10.267006;Neutrophil
4.8807683;13.297317;Neutrophil
0.9288279;10.521464;Neutrophil
3.8378685;11.8444805;Neutrophil
0.9056774;11.242197;Neutrophil
4.3085513;11.139496;Neutrophil
2.0269067;10.6242695;Neutrophil
3.7645977;10.0717;Neutrophil
3.8007243;10.871772;Neutrophil
-2.0644312;17.757435;Neutrophil
4.931687;9.39924;Neutrophil
2.1894095;10.971217;Neutrophil
1.530679;10.235137;Neutrophil
3.5424278;10.959687;Neutrophil
3.4947705;11.725045;Neutrophil
3.225904;11.159437;Neutrophil
1.2616326;10.277907;Neutrophil
3.43863;12.391265;Neutrophil
2.4703212;12.108244;Neutrophil
3.4946337;11.372453;Neutrophil
1.9196504;11.740204;Neutrophil
2.356659;10.105816;Neutrophil
1.9126344;10.445765;Neutrophil
2.4675686;10.302709;Neutrophil
1.547824;11.18676;Neutrophil
2.0971823;10.94142;Neutrophil
1.0809795;10.5914755;Neutrophil
1.1340388;11.41178;Neutrophil
4.035116;11.256385;Neutrophil
1.1949114;11.224356;Neutrophil
3.1401703;11.736661;Neutrophil
2.8744447;12.0917425;Neutrophil
3.4111807;10.093995;Neutrophil
2.4579096;10.627585;Neutrophil
2.3011186;11.2489805;Neutrophil
2.2723823;11.354442;Neutrophil
3.4978955;10.0023575;Neutrophil
0.7826433;10.987353;Neutrophil
2.2858143;10.209548;Neutrophil
6.9203877;9.569709;Neutrophil
2.3744063;10.667822;Neutrophil
3.8049197;11.4911375;Neutrophil
1.4637725;10.535176;Neutrophil
0.95897317;11.084072;Neutrophil
2.921649;11.184906;Neutrophil
2.7089567;10.9729185;Neutrophil
5.502405;8.392947;Neutrophil
1.0007259;11.410091;Neutrophil
0.7891413;11.221272;Neutrophil
2.2130313;12.041895;Neutrophil
3.2134545;11.895972;Neutrophil
3.983719;11.697813;Neutrophil
2.8538234;10.063013;Neutrophil
6.4729133;8.997729;Neutrophil
2.4455533;11.241494;Neutrophil
1.8337369;10.892844;Neutrophil
1.5435433;11.147008;Neutrophil
3.4059436;10.213641;Neutrophil
2.447605;11.203712;Neutrophil
4.1459203;11.668765;Neutrophil
4.2556596;11.440563;Neutrophil
1.8009315;11.038552;Neutrophil
3.270398;11.817765;Neutrophil
3.5512176;10.596486;Neutrophil
0.9219141;10.599986;Neutrophil
1.5161786;10.60657;Neutrophil
2.4038954;10.378538;Neutrophil
1.7931356;11.008025;Neutrophil
4.7528467;13.228828;Neutrophil
1.8206817;10.853672;Neutrophil
3.9683068;11.378444;Neutrophil
2.5764785;11.430613;Neutrophil
2.6892998;10.426468;Neutrophil
4.27631;10.915306;Neutrophil
0.88564146;10.640053;Neutrophil
2.1085808;11.6477785;Neutrophil
1.6576283;10.436283;Neutrophil
7.018694;9.402911;Neutrophil
2.5825698;10.925984;Neutrophil
3.970885;10.620434;Neutrophil
4.2014704;10.844728;Neutrophil
3.80924;10.685398;Neutrophil
3.3817327;11.508962;Neutrophil
2.1084888;11.146168;Neutrophil
2.0175753;11.8476715;Neutrophil
-2.0861087;17.864538;Neutrophil
2.1711888;11.423778;Neutrophil
3.0733273;11.002844;Neutrophil
1.7339855;11.120337;Neutrophil
3.1823034;11.739904;Neutrophil
4.0450525;11.2426815;Neutrophil
2.8827639;12.157216;Neutrophil
1.7257661;10.675562;Neutrophil
1.083919;10.641952;Neutrophil
2.8685913;10.752723;Neutrophil
1.760052;10.308278;Neutrophil
2.3869035;10.789283;Neutrophil
2.3239477;12.229988;Neutrophil
2.9016573;10.684777;Neutrophil
2.012292;11.796498;Neutrophil
2.2129223;12.127138;Neutrophil
3.436556;11.139754;Neutrophil
3.789475;10.563481;Neutrophil
1.6888411;10.713338;Neutrophil
2.1602857;10.206762;Neutrophil
3.6371005;11.334383;Neutrophil
2.8358886;12.169412;Neutrophil
3.2657707;11.163565;Neutrophil
1.295334;10.912067;Neutrophil
2.099188;10.878781;Neutrophil
0.98067075;11.339396;Neutrophil
2.4315956;10.997332;Neutrophil
1.392926;10.706355;Neutrophil
4.625145;8.346546;Neutrophil
3.280093;11.970305;Neutrophil
2.9389126;10.05044;Neutrophil
2.6755502;10.293983;Neutrophil
2.0248506;11.210904;Neutrophil
4.005026;9.60273;Neutrophil
3.034647;10.087416;Neutrophil
3.3947375;10.360538;Neutrophil
3.6467197;11.150641;Neutrophil
2.9818964;10.25167;Neutrophil
3.6612341;11.950071;Neutrophil
2.9048252;10.691119;Neutrophil
3.7950284;11.015741;Neutrophil
1.2732438;11.565508;Neutrophil
1.2405579;11.021119;Neutrophil
3.7176058;11.20777;Neutrophil
3.9618847;10.49346;Neutrophil
3.1335325;10.562207;Neutrophil
2.8302517;10.161441;Neutrophil
4.0259624;11.073606;Neutrophil
3.006205;11.451112;Neutrophil
1.3211483;10.959015;Neutrophil
1.8470101;11.323331;Neutrophil
5.31864;9.8949795;Neutrophil
2.3768423;10.824258;Neutrophil
2.3968945;11.250383;Neutrophil
6.8797364;9.686412;Neutrophil
4.717645;9.727949;Neutrophil
1.0652429;10.560431;Neutrophil
2.648643;11.769479;Neutrophil
1.8209301;11.338682;Neutrophil
1.9315449;11.113118;Neutrophil
3.7656682;10.492201;Neutrophil
0.7295067;11.314853;Neutrophil
2.5389836;11.220755;Neutrophil
2.5409122;12.120879;Neutrophil
1.1957866;11.718444;Neutrophil
1.0952094;10.500291;Neutrophil
1.8979484;11.018759;Neutrophil
2.379766;11.364062;Neutrophil
1.858327;10.322075;Neutrophil
3.4412944;10.360064;Neutrophil
3.7737036;11.30143;Neutrophil
3.1272254;12.199896;Neutrophil
1.5498937;10.443712;Neutrophil
1.7922587;10.299295;Neutrophil
3.9440622;11.875435;Neutrophil
2.8255935;10.580387;Neutrophil
0.86953074;10.703436;Neutrophil
2.7058797;11.547511;Neutrophil
1.0334743;11.065266;Neutrophil
6.9884667;9.422895;Neutrophil
2.5672736;10.127101;Neutrophil
1.7524755;10.516818;Neutrophil
4.2954164;11.360862;Neutrophil
3.7736876;11.68554;Neutrophil
2.4651906;10.621643;Neutrophil
3.7024734;10.738151;Neutrophil
2.297528;10.692896;Neutrophil
2.7478402;10.517493;Neutrophil
1.9420532;11.913831;Neutrophil
2.1944606;10.727377;Neutrophil
3.1579514;11.64512;Neutrophil
4.8391204;13.2657385;Neutrophil
3.8137763;11.430324;Neutrophil
3.7307713;11.594236;Neutrophil
3.2542033;11.105623;Neutrophil
3.4241314;11.427359;Neutrophil
2.833402;12.172111;Neutrophil
2.969903;11.660873;Neutrophil
2.63828;11.831828;Neutrophil
1.6669472;11.793184;Neutrophil
2.627814;10.631489;Neutrophil
2.619983;10.265986;Neutrophil
3.3386958;10.325404;Neutrophil
2.1249616;10.987602;Neutrophil
2.0635443;11.731335;Neutrophil
4.114954;10.864102;Neutrophil
2.0225892;11.383215;Neutrophil
3.7324822;11.040947;Neutrophil
3.0532587;11.871099;Neutrophil
1.0197304;10.48401;Neutrophil
2.6079974;10.691135;Neutrophil
2.2208886;10.437552;Neutrophil
1.0607169;10.527303;Neutrophil
3.3841417;10.542325;Neutrophil
1.5218561;11.127235;Neutrophil
1.3185229;10.380119;Neutrophil
2.9088383;10.76796;Neutrophil
3.9233687;10.927622;Neutrophil
3.1688519;12.135138;Neutrophil
3.2055116;11.210296;Neutrophil
4.2130322;10.390047;Neutrophil
3.2355921;11.207363;Neutrophil
4.077446;11.2979;Neutrophil
2.773682;11.075112;Neutrophil
2.2588398;10.288402;Neutrophil
3.2753785;11.071208;Neutrophil
2.8091235;11.311302;Neutrophil
3.2645476;10.535324;Neutrophil
4.901586;13.286377;Neutrophil
2.251461;11.314881;Neutrophil
3.9016314;10.984721;Neutrophil
2.4399078;10.321585;Neutrophil
4.2878084;11.183915;Neutrophil
3.148853;11.557862;Neutrophil
2.9453008;11.964165;Neutrophil
3.224626;11.690783;Neutrophil
2.8126671;10.772608;Neutrophil
1.8477684;11.801969;Neutrophil
3.2340848;11.146186;Neutrophil
3.8744242;10.668126;Neutrophil
1.0788525;11.166729;Neutrophil
1.8737712;10.179923;Neutrophil
2.4838572;11.037047;Neutrophil
2.7944763;11.13322;Neutrophil
3.1229317;11.91609;Neutrophil
1.2848408;11.31291;Neutrophil
1.6683632;11.356317;Neutrophil
-2.094764;17.806246;Neutrophil
4.6032205;10.739837;Neutrophil
4.2645116;11.192168;Neutrophil
1.851732;10.752295;Neutrophil
5.064609;10.18543;Neutrophil
2.8852105;10.819883;Neutrophil
4.2977343;10.637461;Neutrophil
4.614288;9.518735;Neutrophil
2.92822;10.594068;Neutrophil
1.9626707;11.084849;Neutrophil
3.8782284;11.943103;Neutrophil
4.2318854;11.552787;Neutrophil
7.019323;9.411019;Neutrophil
2.1771877;12.100904;Neutrophil
0.8631941;10.917924;Neutrophil
3.3167393;11.655098;Neutrophil
2.2371974;10.842836;Neutrophil
3.648235;11.1737385;Neutrophil
2.5133457;11.495587;Neutrophil
1.7652812;12.008545;Neutrophil
3.3738673;10.356681;Neutrophil
0.95455176;11.7288885;Neutrophil
3.0466564;10.349153;Neutrophil
3.7004988;12.017242;Neutrophil
4.038927;10.414362;Neutrophil
0.98965764;11.053321;Neutrophil
1.4243065;11.493584;Neutrophil
2.3918083;11.758919;Neutrophil
1.6187854;11.686975;Neutrophil
2.974277;11.993274;Neutrophil
0.72087336;11.520442;Neutrophil
1.4843887;11.266165;Neutrophil
1.7527627;10.482188;Neutrophil
-2.0799556;17.78556;Neutrophil
2.9528403;11.834816;Neutrophil
1.7331678;11.823807;Neutrophil
3.536764;10.123418;Neutrophil
2.1566424;11.72428;Neutrophil
4.37435;10.818019;Neutrophil
1.1261799;11.107808;Neutrophil
7.935482;8.62827;Neutrophil
1.9459827;10.320496;Neutrophil
1.8035607;11.140226;Neutrophil
1.562093;11.595662;Neutrophil
2.1571429;10.48447;Neutrophil
1.7850153;10.920996;Neutrophil
1.2182021;11.466409;Neutrophil
2.4660597;12.143619;Neutrophil
2.013921;12.030055;Neutrophil
4.4683394;11.003219;Neutrophil
2.198328;11.109674;Neutrophil
2.1415102;10.720188;Neutrophil
2.0493503;10.609175;Neutrophil
1.2242042;10.6673975;Neutrophil
1.2988493;10.764517;Neutrophil
3.522816;11.351418;Neutrophil
2.309422;11.9059725;Neutrophil
3.3860908;11.998559;Neutrophil
3.8790681;11.214822;Neutrophil
1.9737101;11.191817;Neutrophil
4.8551426;13.304534;Neutrophil
2.8085148;11.393704;Neutrophil
1.4771972;11.453806;Neutrophil
4.158246;11.673271;Neutrophil
2.511803;10.2350855;Neutrophil
1.8868439;10.565361;Neutrophil
3.916906;9.603644;Neutrophil
-2.0636888;17.788576;Neutrophil
2.7584121;11.711044;Neutrophil
2.7295003;10.268108;Neutrophil
1.6263306;11.516514;Neutrophil
2.1105082;11.662582;Neutrophil
4.122577;11.188929;Neutrophil
2.545938;10.909373;Neutrophil
3.2563837;11.323092;Neutrophil
3.38129;11.779658;Neutrophil
4.5442533;7.723041;Neutrophil
3.1478362;10.766122;Neutrophil
4.0936623;10.868529;Neutrophil
3.729001;11.8663845;Neutrophil
2.0308552;11.649345;Neutrophil
2.1875083;11.454477;Neutrophil
4.3623724;10.794524;Neutrophil
1.6031952;11.68551;Neutrophil
3.8142228;11.9846735;Neutrophil
4.7452974;13.135949;Neutrophil
4.3650107;10.924073;Neutrophil
1.5102189;11.789361;Neutrophil
3.5092955;10.214713;Neutrophil
1.2893134;11.376974;Neutrophil
4.511873;10.882313;Neutrophil
1.1131121;10.613664;Neutrophil
3.2756333;11.6585245;Neutrophil
1.6122999;10.654833;Neutrophil
3.2350595;11.396795;Neutrophil
4.2572784;11.293828;Neutrophil
1.0978599;11.118025;Neutrophil
3.0078945;12.166032;Neutrophil
2.0252595;10.39019;Neutrophil
2.501478;11.322698;Neutrophil
4.2910733;11.131002;Neutrophil
4.8673983;13.298202;Neutrophil
0.972191;11.693316;Neutrophil
3.2178717;12.078384;Neutrophil
3.615589;10.914235;Neutrophil
2.357363;11.184667;Neutrophil
1.2684954;10.355085;Neutrophil
0.92076564;11.482213;Neutrophil
2.1586196;12.081212;Neutrophil
1.8609176;10.602709;Neutrophil
2.6750479;11.2297945;Neutrophil
0.99250346;11.179722;Neutrophil
2.7055867;10.533668;Neutrophil
2.071573;11.700012;Neutrophil
1.9943238;10.8721075;Neutrophil
1.3816732;11.642618;Neutrophil
3.1571474;12.216411;Neutrophil
3.136757;11.721063;Neutrophil
2.3892024;11.5268955;Neutrophil
3.5090764;10.943457;Neutrophil
4.151878;11.065461;Neutrophil
0.7686791;10.815755;Neutrophil
0.7757386;11.505849;Neutrophil
2.5624757;11.468297;Neutrophil
1.2836834;11.128617;Neutrophil
1.7587988;11.267527;Neutrophil
2.318989;11.08166;Neutrophil
3.1703873;10.380449;Neutrophil
6.756823;8.494796;Neutrophil
2.2310805;11.696587;Neutrophil
3.303577;11.316328;Neutrophil
2.5815055;11.959543;Neutrophil
1.8739638;10.970453;Neutrophil
3.1670423;12.165469;Neutrophil
1.8834021;11.569384;Neutrophil
4.6039343;11.053693;Neutrophil
2.6496236;11.395733;Neutrophil
3.5054598;11.288803;Neutrophil
2.5569863;10.510417;Neutrophil
2.9126196;11.231137;Neutrophil
3.3887522;11.489293;Neutrophil
1.8622802;11.909865;Neutrophil
1.2010039;11.44906;Neutrophil
2.8986547;11.498412;Neutrophil
2.3398542;11.101936;Neutrophil
3.1780505;11.013981;Neutrophil
3.2661743;11.560598;Neutrophil
1.2491262;10.816832;Neutrophil
0.7995196;10.681797;Neutrophil
2.0621421;11.07023;Neutrophil
1.9012815;10.23332;Neutrophil
5.213897;9.678145;Neutrophil
3.4533098;11.943799;Neutrophil
3.0260842;11.600446;Neutrophil
2.668924;11.602558;Neutrophil
2.8636343;11.16191;Neutrophil
2.490152;11.403446;Neutrophil
2.4537656;12.149568;Neutrophil
2.3407629;12.232119;Neutrophil
2.6762161;11.3115015;Neutrophil
3.6904795;11.27502;Neutrophil
3.831082;10.929566;Neutrophil
3.3718736;11.299142;Neutrophil
0.885047;10.5922165;Neutrophil
3.103129;11.920563;Neutrophil
3.1428795;12.219529;Neutrophil
4.45208;10.994321;Neutrophil
3.4442935;10.272593;Neutrophil
3.0627217;10.818994;Neutrophil
4.055177;11.276325;Neutrophil
2.526508;11.429272;Neutrophil
1.9028636;11.02436;Neutrophil
1.2805057;10.648694;Neutrophil
2.5903156;10.793502;Neutrophil
2.1230443;10.59045;Neutrophil
4.988247;10.049963;Neutrophil
3.1791542;12.145801;Neutrophil
4.800375;13.200547;Neutrophil
3.978056;10.773584;Neutrophil
2.3609903;11.413648;Neutrophil
2.4593446;11.346351;Neutrophil
0.74402285;10.784338;Neutrophil
1.7070674;10.684828;Neutrophil
1.2293043;11.476711;Neutrophil
3.5678859;10.756846;Neutrophil
1.12889;11.466425;Neutrophil
3.3594093;11.242383;Neutrophil
4.086097;10.158691;Neutrophil
2.7222133;9.963286;Neutrophil
4.2240195;10.931555;Neutrophil
1.1029282;10.539321;Neutrophil
2.3205442;10.419011;Neutrophil
3.7107286;11.137715;Neutrophil
3.190178;10.866232;Neutrophil
2.4682922;11.061233;Neutrophil
4.0117273;11.345391;Neutrophil
3.4594703;10.644405;Neutrophil
1.6102709;10.562571;Neutrophil
1.8685837;11.206749;Neutrophil
2.2543962;11.4968;Neutrophil
3.2586937;10.098899;Neutrophil
2.503777;11.383076;Neutrophil
2.9054725;11.256224;Neutrophil
0.9577481;10.697516;Neutrophil
3.0227818;11.688485;Neutrophil
3.3877735;10.947075;Neutrophil
2.5255067;11.514532;Neutrophil
1.3227421;11.687024;Neutrophil
0.95615536;10.615508;Neutrophil
2.7249556;11.973302;Neutrophil
0.74608403;11.448186;Neutrophil
1.9148257;11.724904;Neutrophil
2.1516457;10.994458;Neutrophil
3.954647;11.483969;Neutrophil
-2.0876806;17.792313;Neutrophil
1.3234626;11.052218;Neutrophil
1.7478349;10.548722;Neutrophil
3.167259;11.790366;Neutrophil
2.7790554;11.512251;Neutrophil
2.3561225;10.637238;Neutrophil
3.1965806;10.172621;Neutrophil
2.8970184;10.343091;Neutrophil
1.019272;10.345721;Neutrophil
1.0822817;11.637603;Neutrophil
1.9467648;11.881378;Neutrophil
2.644531;10.958301;Neutrophil
4.146969;10.713989;Neutrophil
2.7749324;11.886673;Neutrophil
2.8422441;10.886525;Neutrophil
2.0884016;11.47351;Neutrophil
2.0252078;10.577314;Neutrophil
4.810436;9.0725565;Neutrophil
1.8631134;11.847325;Neutrophil
3.0661452;10.200899;Neutrophil
1.041304;11.436015;Neutrophil
2.0495522;10.725613;Neutrophil
2.720159;10.482945;Neutrophil
2.251654;11.401423;Neutrophil
1.2641236;11.145365;Neutrophil
-2.0566814;17.75935;Neutrophil
1.9116029;10.702731;Neutrophil
1.3197485;10.516412;Neutrophil
1.2547042;11.302132;Neutrophil
2.5826843;11.797818;Neutrophil
3.9309788;10.448387;Neutrophil
3.4144986;10.402726;Neutrophil
1.1818702;11.483971;Neutrophil
1.807637;11.834894;Neutrophil
3.7231648;11.61196;Neutrophil
-2.0677342;17.76783;Neutrophil
4.853427;13.273;Neutrophil
1.6261706;11.443173;Neutrophil
2.7692852;11.277633;Neutrophil
3.746969;11.791164;Neutrophil
4.059826;10.868324;Neutrophil
3.3641315;11.469477;Neutrophil
3.4946656;11.638821;Neutrophil
2.0767152;10.786201;Neutrophil
2.6663494;10.248615;Neutrophil
4.0113;10.812298;Neutrophil
4.311041;10.689225;Neutrophil
2.4569652;11.47658;Neutrophil
3.0437648;11.529053;Neutrophil
2.100227;11.929528;Neutrophil
1.3476456;10.45338;Neutrophil
3.6734555;11.1192665;Neutrophil
1.3531873;10.375756;Neutrophil
1.9170603;11.526281;Neutrophil
3.207976;12.171591;Neutrophil
4.2548723;8.551985;Neutrophil
2.2449877;10.574663;Neutrophil
4.872536;13.315354;Neutrophil
1.030176;11.226966;Neutrophil
1.1048139;10.446622;Neutrophil
2.0218804;11.479193;Neutrophil
1.9084729;10.391138;Neutrophil
4.846326;13.097688;Neutrophil
3.09099;10.516362;Neutrophil
4.5169945;10.788995;Neutrophil
4.190693;11.346256;Neutrophil
1.0118886;10.43882;Neutrophil
2.1167078;12.016182;Neutrophil
2.783396;11.338103;Neutrophil
3.446668;11.217085;Neutrophil
2.029526;11.233875;Neutrophil
4.320419;10.834113;Neutrophil
2.3499613;10.11942;Neutrophil
3.1040099;11.15027;Neutrophil
0.97423697;10.577933;Neutrophil
1.408341;11.8285885;Neutrophil
2.749237;11.214476;Neutrophil
2.397951;11.145512;Neutrophil
1.004733;10.795766;Neutrophil
3.2450387;12.134789;Neutrophil
4.0704713;11.651538;Neutrophil
1.4353926;10.781546;Neutrophil
0.75020915;11.324663;Neutrophil
2.1434693;11.303389;Neutrophil
1.7728913;10.716636;Neutrophil
3.1453855;11.61434;Neutrophil
2.3233747;11.315285;Neutrophil
3.4911416;11.426399;Neutrophil
1.4109461;10.484895;Neutrophil
2.261509;10.8461;Neutrophil
2.7958896;11.449933;Neutrophil
0.90069866;10.843096;Neutrophil
2.8638663;11.282048;Neutrophil
2.3439624;10.206482;Neutrophil
2.158778;11.638648;Neutrophil
2.7283118;11.493252;Neutrophil
3.303097;11.847059;Neutrophil
1.7237257;10.4772215;Neutrophil
2.3990843;10.235311;Neutrophil
2.0744493;11.603088;Neutrophil
2.4620445;11.240255;Neutrophil
2.734376;9.977337;Neutrophil
2.5703642;10.543931;Neutrophil
3.0682034;11.77859;Neutrophil
3.4461055;10.60962;Neutrophil
1.1558269;10.534133;Neutrophil
5.52993;8.213468;Neutrophil
3.5326889;10.866497;Neutrophil
3.0992963;11.473148;Neutrophil
3.163885;11.180496;Neutrophil
4.399572;11.0330305;Neutrophil
2.1610434;10.285677;Neutrophil
1.2922088;11.180661;Neutrophil
7.179378;9.317461;Neutrophil
2.2321053;12.115811;Neutrophil
1.6828548;11.642323;Neutrophil
1.5623951;11.640294;Neutrophil
3.6200469;11.079071;Neutrophil
3.7327483;11.809685;Neutrophil
3.1901557;11.654283;Neutrophil
4.880066;13.168774;Neutrophil
3.7548945;10.91593;Neutrophil
3.437614;10.961308;Neutrophil
3.3114035;11.657444;Neutrophil
0.883386;11.430018;Neutrophil
2.6222854;11.557817;Neutrophil
1.4553808;11.07154;Neutrophil
2.6424448;11.8354;Neutrophil
2.1348245;10.3860235;Neutrophil
2.0565884;11.135002;Neutrophil
3.2514906;11.43588;Neutrophil
3.2036426;12.088747;Neutrophil
1.867417;10.294441;Neutrophil
4.287384;10.996527;Neutrophil
2.9750812;11.225641;Neutrophil
1.5000206;10.757196;Neutrophil
3.3285685;11.666491;Neutrophil
1.7243173;10.629141;Neutrophil
2.9043522;10.952164;Neutrophil
2.2637131;10.182477;Neutrophil
3.3963475;10.32303;Neutrophil
3.1052833;10.495341;Neutrophil
4.8762016;13.298428;Neutrophil
1.207248;10.800586;Neutrophil
3.4853728;10.567985;Neutrophil
3.2463875;11.17794;Neutrophil
0.8062798;11.160461;Neutrophil
1.1871139;11.634853;Neutrophil
3.3312507;11.735617;Neutrophil
3.832661;11.400322;Neutrophil
2.565756;11.811336;Neutrophil
2.5151417;10.2933;Neutrophil
3.9152098;10.818416;Neutrophil
4.881749;13.309884;Neutrophil
2.9453878;11.746527;Neutrophil
3.0939896;11.493626;Neutrophil
2.2169547;12.031177;Neutrophil
3.3087213;10.5316;Neutrophil
3.303524;11.701572;Neutrophil
1.0341531;10.65417;Neutrophil
3.0589309;10.734818;Neutrophil
1.4456795;11.472861;Neutrophil
1.060826;10.37613;Neutrophil
2.8517685;11.666466;Neutrophil
4.2176347;9.585735;Neutrophil
3.8884056;10.8465805;Neutrophil
4.2699857;11.578359;Neutrophil
2.6456075;11.322622;Neutrophil
1.7816156;10.375136;Neutrophil
2.97322;12.2454195;Neutrophil
1.5420527;11.744156;Neutrophil
3.240194;11.010243;Neutrophil
2.4565396;11.720972;Neutrophil
2.618839;10.839161;Neutrophil
3.9780893;11.470006;Neutrophil
1.0248926;10.57022;Neutrophil
3.0924222;10.954296;Neutrophil
1.3027704;11.163858;Neutrophil
2.817926;10.308175;Neutrophil
4.1140876;11.310696;Neutrophil
1.1798244;11.523412;Neutrophil
1.090942;11.16395;Neutrophil
0.9577971;11.345818;Neutrophil
0.774601;11.468967;Neutrophil
2.982201;10.217533;Neutrophil
3.1441605;10.246554;Neutrophil
2.9393892;11.164053;Neutrophil
1.6303711;10.164198;Neutrophil
3.323414;11.611875;Neutrophil
3.6393752;10.837443;Neutrophil
1.7155186;11.841492;Neutrophil
3.428999;10.325429;Neutrophil
2.589609;10.718894;Neutrophil
1.5428482;10.908865;Neutrophil
3.0944757;11.212369;Neutrophil
3.931872;11.07697;Neutrophil
2.6385725;11.805247;Neutrophil
1.9375087;11.070535;Neutrophil
2.8849235;11.4863;Neutrophil
2.006377;10.613193;Neutrophil
2.6749613;10.242522;Neutrophil
3.329419;12.223837;Neutrophil
3.5068562;10.603896;Neutrophil
2.20552;10.915105;Neutrophil
0.8242141;11.555108;Neutrophil
2.8970857;11.544413;Neutrophil
0.95293427;10.558037;Neutrophil
2.5856957;10.627946;Neutrophil
2.4010584;11.577248;Neutrophil
-2.0619862;17.75469;Neutrophil
2.5874138;12.04844;Neutrophil
4.83229;13.287011;Neutrophil
3.9653885;11.392179;Neutrophil
2.3601606;10.94864;Neutrophil
1.409733;10.510566;Neutrophil
3.885328;11.530094;Neutrophil
-2.021164;17.813597;Neutrophil
1.4161758;11.269229;Neutrophil
3.151142;12.090705;Neutrophil
2.4069574;12.029389;Neutrophil
2.8156288;11.184083;Neutrophil
2.9809008;11.702214;Neutrophil
3.5501149;10.217074;Neutrophil
3.641893;11.082083;Neutrophil
3.3028595;10.288412;Neutrophil
2.3665423;11.312425;Neutrophil
2.4745665;11.102322;Neutrophil
6.8498077;9.289564;Neutrophil
1.1899439;11.57276;Neutrophil
1.2187179;10.912187;Neutrophil
1.064871;10.64569;Neutrophil
2.2563016;10.161632;Neutrophil
2.9556348;11.949603;Neutrophil
1.0807241;10.365374;Neutrophil
3.1572573;12.111524;Neutrophil
4.199013;11.623659;Neutrophil
3.5891705;11.353604;Neutrophil
3.488213;11.878791;Neutrophil
2.3708627;12.039389;Neutrophil
0.93092024;11.172096;Neutrophil
0.74301356;11.439476;Neutrophil
3.8815694;10.657837;Neutrophil
2.37979;10.151233;Neutrophil
2.413651;11.449653;Neutrophil
1.061734;11.093304;Neutrophil
2.5724277;11.092813;Neutrophil
3.5830734;10.58957;Neutrophil
2.398218;11.210153;Neutrophil
1.8672194;11.763439;Neutrophil
1.2829283;10.992202;Neutrophil
2.7762327;10.901552;Neutrophil
4.3414054;11.056668;Neutrophil
0.77137333;11.522514;Neutrophil
2.003888;10.2591505;Neutrophil
3.9571633;10.911042;Neutrophil
1.977522;10.637665;Neutrophil
2.0670412;10.930782;Neutrophil
2.6078055;12.153497;Neutrophil
1.092466;10.675567;Neutrophil
2.523405;10.510841;Neutrophil
2.4971952;11.3669;Neutrophil
3.545876;12.219686;Neutrophil
3.9172637;10.177231;Neutrophil
2.5931587;10.848027;Neutrophil
2.8571615;11.0789175;Neutrophil
2.1476014;12.108463;Neutrophil
3.930665;11.710791;Neutrophil
4.6947784;13.202215;Neutrophil
0.88478976;10.427896;Neutrophil
3.2863374;11.489095;Neutrophil
1.0119153;11.187185;Neutrophil
3.6974313;11.950132;Neutrophil
1.0005075;11.008106;Neutrophil
1.6664559;11.77626;Neutrophil
3.11375;10.6918335;Neutrophil
3.9454696;11.485481;Neutrophil
2.525786;11.124495;Neutrophil
0.96535474;10.612707;Neutrophil
2.9860458;10.49315;Neutrophil
3.4391851;10.727956;Neutrophil
2.5529892;12.062528;Neutrophil
3.921049;10.462553;Neutrophil
2.3238573;11.949962;Neutrophil
1.0351957;10.620522;Neutrophil
1.4728438;11.790301;Neutrophil
3.2649353;10.746294;Neutrophil
3.1727192;11.70528;Neutrophil
2.4389012;11.0595875;Neutrophil
1.0072885;11.724995;Neutrophil
3.9943366;11.254352;Neutrophil
4.6034245;10.106181;Neutrophil
4.166552;10.633357;Neutrophil
2.3064208;10.769328;Neutrophil
2.1003232;12.135957;Neutrophil
1.4726739;11.328899;Neutrophil
2.2162533;12.030919;Neutrophil
1.2442353;10.832046;Neutrophil
3.2426188;11.550253;Neutrophil
3.0809386;11.182644;Neutrophil
4.8418436;13.28583;Neutrophil
3.121846;10.384228;Neutrophil
1.0727078;10.600618;Neutrophil
3.421281;10.124497;Neutrophil
3.2189791;11.631602;Neutrophil
2.3340218;11.341556;Neutrophil
4.2087216;11.576883;Neutrophil
3.1331465;10.151666;Neutrophil
4.838913;13.287685;Neutrophil
2.2745523;11.358679;Neutrophil
3.6893976;11.096393;Neutrophil
2.639457;11.192498;Neutrophil
0.9452834;10.739639;Neutrophil
3.450156;11.395515;Neutrophil
1.4831578;11.051189;Neutrophil
2.289508;11.152606;Neutrophil
1.2364373;10.241683;Neutrophil
2.1840398;11.794083;Neutrophil
3.970577;10.132756;Neutrophil
4.8645773;13.2946205;Neutrophil
3.2303708;10.636806;Neutrophil
2.2606955;10.807785;Neutrophil
-2.0653145;17.777416;Neutrophil
2.7896867;11.655257;Neutrophil
2.2787092;10.561409;Neutrophil
3.657358;10.865443;Neutrophil
1.9517177;10.6355095;Neutrophil
2.4882808;11.610412;Neutrophil
0.74536943;11.544497;Neutrophil
2.607235;11.707232;Neutrophil
-2.0621753;17.77207;Neutrophil
1.2975862;10.56189;Neutrophil
2.9427357;10.215854;Neutrophil
2.3226326;11.640472;Neutrophil
4.8871098;13.319387;Neutrophil
2.749233;10.123196;Neutrophil
3.5911639;11.5642;Neutrophil
-2.0243516;17.722721;Neutrophil
1.7812611;10.995465;Neutrophil
2.828998;10.931813;Neutrophil
3.4776025;10.320317;Neutrophil
1.706885;11.847776;Neutrophil
0.8185307;11.327044;Neutrophil
3.880158;10.404228;Neutrophil
2.847499;11.697873;Neutrophil
1.1195128;11.249022;Neutrophil
2.2235255;10.810913;Neutrophil
1.1817685;11.5462675;Neutrophil
2.1827729;10.332884;Neutrophil
3.3058364;11.755325;Neutrophil
1.3077419;10.304333;Neutrophil
1.4163567;11.167257;Neutrophil
1.7361223;11.79926;Neutrophil
-2.1586733;17.912775;Neutrophil
1.8077883;12.00605;Neutrophil
3.4122777;12.375091;Neutrophil
1.8592077;10.930481;Neutrophil
2.0081651;11.053804;Neutrophil
1.7554023;10.274181;Neutrophil
3.3816376;11.372432;Neutrophil
1.6936721;11.176147;Neutrophil
1.6743292;10.177442;Neutrophil
4.189082;11.651562;Neutrophil
3.1558235;11.704504;Neutrophil
2.3583446;10.749012;Neutrophil
3.5558558;11.663335;Neutrophil
1.2939627;11.504954;Neutrophil
3.5075777;11.177447;Neutrophil
0.8761806;11.239861;Neutrophil
1.7030157;11.67487;Neutrophil
1.241786;11.247926;Neutrophil
4.3228083;8.521506;Neutrophil
2.943555;10.423501;Neutrophil
0.9277403;10.643727;Neutrophil
1.7937171;11.564916;Neutrophil
1.1993932;11.344075;Neutrophil
3.7483537;10.550123;Neutrophil
2.5577035;11.701983;Neutrophil
4.217494;11.601771;Neutrophil
3.9192743;11.392093;Neutrophil
1.4179686;10.922319;Neutrophil
1.8315603;11.246011;Neutrophil
2.6857448;11.994623;Neutrophil
2.0456007;11.673022;Neutrophil
2.961353;11.497007;Neutrophil
0.78355443;11.37337;Neutrophil
3.238983;10.962922;Neutrophil
4.2571483;11.114127;Neutrophil
0.7582572;11.474411;Neutrophil
1.1615705;11.48871;Neutrophil
2.3478358;11.487854;Neutrophil
2.5444884;11.4482565;Neutrophil
3.4708824;10.454353;Neutrophil
2.471757;11.077415;Neutrophil
1.1916496;10.58869;Neutrophil
2.4247677;11.213343;Neutrophil
2.189847;10.226909;Neutrophil
4.0766273;11.035734;Neutrophil
2.914842;10.921498;Neutrophil
4.7912335;13.222901;Neutrophil
2.852005;11.718854;Neutrophil
0.99277216;11.435646;Neutrophil
3.3698184;11.483363;Neutrophil
3.9744048;10.893287;Neutrophil
3.6030269;11.136491;Neutrophil
1.7405105;10.941817;Neutrophil
2.7726502;11.027205;Neutrophil
1.9821281;12.000738;Neutrophil
2.7163386;11.333934;Neutrophil
4.79473;13.2608795;Neutrophil
1.6151129;10.492236;Neutrophil
3.9312966;11.274796;Neutrophil
3.043983;10.947649;Neutrophil
0.9702543;10.620411;Neutrophil
3.2785103;11.51685;Neutrophil
1.7252008;10.390333;Neutrophil
0.8323458;10.854501;Neutrophil
1.1692681;10.783113;Neutrophil
1.4186851;11.244631;Neutrophil
3.8341646;10.456053;Neutrophil
1.2432592;11.357389;Neutrophil
2.0183568;11.2724085;Neutrophil
4.1268034;11.502665;Neutrophil
1.400256;11.7093935;Neutrophil
2.0692542;10.546202;Neutrophil
1.6882671;11.503389;Neutrophil
3.919905;10.74532;Neutrophil
3.1471393;10.464485;Neutrophil
2.3746052;10.763367;Neutrophil
2.408305;10.16926;Neutrophil
3.3537068;10.125174;Neutrophil
2.8522851;10.909918;Neutrophil
1.8789387;10.659859;Neutrophil
3.139354;11.98807;Neutrophil
1.3379127;11.61762;Neutrophil
1.1476896;11.470691;Neutrophil
2.9161677;12.103264;Neutrophil
2.0692644;10.125402;Neutrophil
8.169518;-4.6675353;Neutrophil
1.3137064;11.411507;Neutrophil
2.0483382;11.293183;Neutrophil
2.9334755;11.01151;Neutrophil
3.7894154;11.159949;Neutrophil
3.9749372;11.439758;Neutrophil
1.6083082;10.526169;Neutrophil
0.7354511;11.276814;Neutrophil
3.2343714;11.784798;Neutrophil
1.2668486;10.826457;Neutrophil
2.2152135;10.726237;Neutrophil
3.048482;10.375834;Neutrophil
4.0449905;11.803023;Neutrophil
1.5477588;10.261606;Neutrophil
0.992236;11.571264;Neutrophil
4.444767;9.165358;Neutrophil
5.645488;9.7663555;Neutrophil
2.6992226;10.5689;Neutrophil
1.0525371;10.625;Neutrophil
0.7868683;11.412963;Neutrophil
3.5442944;11.656059;Neutrophil
2.8140326;11.518807;Neutrophil
2.6943977;10.993268;Neutrophil
1.1453567;11.602324;Neutrophil
3.74141;10.6796875;Neutrophil
1.2532871;11.66486;Neutrophil
1.7721461;11.289886;Neutrophil
0.90627664;10.607101;Neutrophil
2.8151553;11.271278;Neutrophil
0.84413004;11.346176;Neutrophil
0.8749524;10.663597;Neutrophil
2.836065;11.971241;Neutrophil
4.8402486;13.292588;Neutrophil
1.1008341;11.052418;Neutrophil
4.1138806;11.593574;Neutrophil
3.2602756;10.388893;Neutrophil
3.7531176;10.4298525;Neutrophil
3.031423;11.331798;Neutrophil
2.4212976;10.629779;Neutrophil
0.9408647;10.987988;Neutrophil
1.9763585;10.261246;Neutrophil
4.2411933;11.600646;Neutrophil
3.9518244;10.16624;Neutrophil
4.8085165;13.272814;Neutrophil
3.064414;12.075826;Neutrophil
2.1528533;11.509071;Neutrophil
1.929245;11.587912;Neutrophil
2.7191374;10.616834;Neutrophil
3.1520977;11.718298;Neutrophil
3.1582367;11.685373;Neutrophil
1.7987243;10.271578;Neutrophil
1.1994447;10.554532;Neutrophil
2.9308774;10.454584;Neutrophil
2.6737626;11.867586;Neutrophil
1.4609872;10.250345;Neutrophil
4.47118;10.817869;Neutrophil
2.3872104;12.150512;Neutrophil
3.5448532;12.248539;Neutrophil
3.4709265;11.3282995;Neutrophil
1.0554252;10.77962;Neutrophil
3.903192;10.420651;Neutrophil
0.9322756;11.708212;Neutrophil
1.8179975;10.877029;Neutrophil
1.1545216;10.504587;Neutrophil
4.53631;9.332049;Neutrophil
1.5098765;10.672163;Neutrophil
1.6990715;10.2468815;Neutrophil
1.8404284;10.208342;Neutrophil
3.484888;9.899556;Neutrophil
2.0133595;10.407843;Neutrophil
2.5939765;11.004898;Neutrophil
4.4105086;10.903025;Neutrophil
2.6330836;10.109925;Neutrophil
1.7470448;11.012482;Neutrophil
3.42034;12.084618;Neutrophil
2.2838297;11.035349;Neutrophil
3.72246;11.465457;Neutrophil
2.6718853;10.822405;Neutrophil
1.7058265;11.543762;Neutrophil
1.7989624;11.316183;Neutrophil
2.3080647;11.222985;Neutrophil
1.695303;10.385974;Neutrophil
4.266484;11.426609;Neutrophil
0.796649;11.404747;Neutrophil
2.4057434;11.447646;Neutrophil
2.6096053;11.995162;Neutrophil
1.9480709;12.048177;Neutrophil
4.3762345;10.981476;Neutrophil
1.0273219;11.344705;Neutrophil
2.6224673;10.572545;Neutrophil
3.2643056;11.220741;Neutrophil
1.4961874;11.446767;Neutrophil
0.93436193;10.7828245;Neutrophil
3.6723707;10.286831;Neutrophil
2.7362826;10.685655;Neutrophil
4.0430512;11.100324;Neutrophil
1.579898;11.379438;Neutrophil
4.8611717;13.120654;Neutrophil
1.596983;11.585568;Neutrophil
4.3285875;9.336082;Neutrophil
4.3299184;11.274989;Neutrophil
2.0752985;11.332477;Neutrophil
4.8692837;13.322846;Neutrophil
3.6766028;10.303347;Neutrophil
3.117729;10.26066;Neutrophil
4.9106126;13.27822;Neutrophil
1.7824485;11.322575;Neutrophil
3.0584118;10.89276;Neutrophil
2.6280315;12.092921;Neutrophil
-2.0653152;17.758142;Neutrophil
2.3958127;10.588504;Neutrophil
1.0124913;10.482704;Neutrophil
6.9059567;9.685413;Neutrophil
3.3847847;11.034144;Neutrophil
1.1930362;10.501568;Neutrophil
2.504284;11.516845;Neutrophil
2.455145;10.532045;Neutrophil
3.7271829;11.556023;Neutrophil
2.7285712;11.089588;Neutrophil
5.663427;9.668771;Neutrophil
1.1377318;11.673371;Neutrophil
1.541865;10.793827;Neutrophil
4.1528935;11.285756;Neutrophil
4.3133564;9.524915;Neutrophil
2.5223134;11.827745;Neutrophil
1.2024975;11.316257;Neutrophil
0.77104366;11.547171;Neutrophil
2.7150264;11.438573;Neutrophil
2.1788926;10.949763;Neutrophil
3.4964695;10.704474;Neutrophil
4.8968654;9.417909;Neutrophil
3.430225;12.378244;Neutrophil
1.1035849;10.529266;Neutrophil
2.03807;11.579794;Neutrophil
3.6689548;12.022722;Neutrophil
0.7977;11.071138;Neutrophil
-2.0646808;17.756367;Neutrophil
2.8184016;11.176873;Neutrophil
1.7225884;10.333427;Neutrophil
2.6189837;10.290177;Neutrophil
3.819799;11.0035305;Neutrophil
2.9563475;10.96171;Neutrophil
0.7030899;11.457064;Neutrophil
3.9861882;10.798289;Neutrophil
2.6635027;11.082251;Neutrophil
6.7535067;9.553718;Neutrophil
3.2263522;11.224451;Neutrophil
2.5088022;10.35293;Neutrophil
3.5814023;12.217706;Neutrophil
2.7842417;11.310075;Neutrophil
2.1890833;12.174451;Neutrophil
0.9058978;10.789622;Neutrophil
1.7883594;11.613671;Neutrophil
3.8887496;12.097525;Neutrophil
3.3306203;10.542187;Neutrophil
4.3094378;11.243334;Neutrophil
1.8418503;11.02181;Neutrophil
1.6755869;10.453259;Neutrophil
4.8106065;13.25124;Neutrophil
2.5132527;11.963472;Neutrophil
2.7964222;11.817542;Neutrophil
2.0314057;10.357546;Neutrophil
3.295644;10.966023;Neutrophil
3.647678;10.885138;Neutrophil
1.8425394;11.771597;Neutrophil
2.998978;11.398581;Neutrophil
1.0528474;10.66934;Neutrophil
3.8990567;10.803259;Neutrophil
1.7047337;10.236169;Neutrophil
2.3218253;11.607097;Neutrophil
3.4986386;12.013602;Neutrophil
5.252138;9.304523;Neutrophil
1.9423324;12.014357;Neutrophil
1.3035339;11.111797;Neutrophil
2.5836315;11.362183;Neutrophil
2.4658606;11.6493435;Neutrophil
6.4463654;8.855287;Neutrophil
4.8501515;8.572709;Neutrophil
2.6610613;11.664722;Neutrophil
2.8516402;9.938513;Neutrophil
1.2688376;11.371693;Neutrophil
2.5485718;11.219765;Neutrophil
4.0478196;10.661614;Neutrophil
4.9203672;13.321297;Neutrophil
3.323819;12.0537815;Neutrophil
1.661221;10.28715;Neutrophil
2.307605;10.229479;Neutrophil
2.3437085;10.220542;Neutrophil
4.158844;8.652897;Neutrophil
1.6379242;11.310848;Neutrophil
1.8209106;11.940145;Neutrophil
2.7065253;10.094465;Neutrophil
3.8207395;10.942199;Neutrophil
3.1937582;12.05197;Neutrophil
1.716413;10.307779;Neutrophil
2.5728078;11.719773;Neutrophil
3.5876079;11.979877;Neutrophil
1.8243313;11.651178;Neutrophil
2.4551182;10.235266;Neutrophil
4.919664;13.087065;Neutrophil
2.876293;10.752194;Neutrophil
2.8865664;11.631894;Neutrophil
3.133816;11.782156;Neutrophil
4.2263274;11.629481;Neutrophil
1.9075943;10.324752;Neutrophil
3.2432802;11.190688;Neutrophil
3.3813994;11.296804;Neutrophil
2.0029967;11.188472;Neutrophil
2.6406913;10.300647;Neutrophil
0.7606635;11.378833;Neutrophil
1.2705574;10.578144;Neutrophil
2.2708454;10.152204;Neutrophil
2.5125167;11.085252;Neutrophil
1.171268;11.559344;Neutrophil
1.6215645;10.438512;Neutrophil
2.9680455;10.860156;Neutrophil
2.5702066;11.115253;Neutrophil
1.7454785;10.863434;Neutrophil
3.1832166;11.68992;Neutrophil
3.8953006;10.947067;Neutrophil
2.4611216;11.260051;Neutrophil
1.6362182;11.066576;Neutrophil
2.905488;11.0010195;Neutrophil
-2.1331937;17.868406;Neutrophil
2.1138973;12.09581;Neutrophil
2.3445761;10.11438;Neutrophil
1.1930728;10.516891;Neutrophil
2.237009;10.313326;Neutrophil
4.469129;11.007194;Neutrophil
1.2334703;10.340671;Neutrophil
3.386335;11.986695;Neutrophil
3.333275;11.683143;Neutrophil
0.9047951;11.177106;Neutrophil
3.3543465;12.048717;Neutrophil
0.9892087;10.508571;Neutrophil
3.0002637;10.864446;Neutrophil
3.2670777;11.712897;Neutrophil
2.5691133;10.479032;Neutrophil
1.3604428;10.621363;Neutrophil
1.8652409;11.200207;Neutrophil
1.3114355;11.722675;Neutrophil
3.042761;11.528356;Neutrophil
4.2050505;11.532304;Neutrophil
3.6445708;10.315457;Neutrophil
3.864262;11.2571945;Neutrophil
2.4406354;11.189957;Neutrophil
2.5598052;10.624638;Neutrophil
2.4167128;10.752404;Neutrophil
2.8825643;10.740038;Neutrophil
1.2843914;10.374283;Neutrophil
3.3479548;11.56019;Neutrophil
2.6804712;10.334972;Neutrophil
2.1754427;10.490947;Neutrophil
2.457217;10.9428215;Neutrophil
2.3775773;10.756013;Neutrophil
2.9491808;11.835268;Neutrophil
2.0134473;11.752254;Neutrophil
1.302245;10.393757;Neutrophil
0.90453386;10.516302;Neutrophil
2.316996;12.071526;Neutrophil
3.5297415;11.885125;Neutrophil
3.5787048;11.927788;Neutrophil
3.0250945;10.643349;Neutrophil
4.091694;11.6010475;Neutrophil
1.3885667;11.607358;Neutrophil
1.8286872;10.670934;Neutrophil
2.723562;11.520092;Neutrophil
3.5601146;12.197601;Neutrophil
2.513561;10.741352;Neutrophil
1.6167622;10.603514;Neutrophil
2.4782708;10.282058;Neutrophil
3.3325918;11.393227;Neutrophil
2.3977501;11.207101;Neutrophil
2.2774358;11.170051;Neutrophil
3.6298563;11.072668;Neutrophil
0.93323064;11.118388;Neutrophil
3.8285682;11.465315;Neutrophil
2.3843372;12.045436;Neutrophil
0.6898636;11.280368;Neutrophil
2.2015784;11.997544;Neutrophil
4.2143874;10.867765;Neutrophil
1.9137709;11.868893;Neutrophil
3.179359;10.295192;Neutrophil
3.9649146;11.135118;Neutrophil
1.9083805;11.065524;Neutrophil
3.9229372;10.886989;Neutrophil
3.474864;10.298909;Neutrophil
2.0717754;11.612727;Neutrophil
3.0020778;10.970274;Neutrophil
2.7433574;10.905205;Neutrophil
1.5236449;11.778539;Neutrophil
5.1494145;9.19622;Neutrophil
1.9136105;10.800476;Neutrophil
3.2328284;11.966659;Neutrophil
0.9752864;11.124921;Neutrophil
2.7302976;11.495886;Neutrophil
1.2845685;10.973907;Neutrophil
2.9377992;11.183097;Neutrophil
2.7460582;10.7683115;Neutrophil
2.6544027;11.246;Neutrophil
3.5022466;10.734552;Neutrophil
1.1136081;10.7800045;Neutrophil
0.7795548;10.795753;Neutrophil
1.9002323;11.160017;Neutrophil
3.1674688;10.878481;Neutrophil
3.1355042;12.078745;Neutrophil
3.1343408;10.975502;Neutrophil
1.8847716;10.435563;Neutrophil
4.243263;11.455312;Neutrophil
1.7042739;11.53922;Neutrophil
1.4975474;10.93335;Neutrophil
2.3068547;11.346523;Neutrophil
2.3288844;11.240335;Neutrophil
0.8468121;10.793292;Neutrophil
1.9805598;10.833378;Neutrophil
1.0954167;11.166804;Neutrophil
2.045981;10.599545;Neutrophil
3.9388921;9.885908;Neutrophil
1.047201;10.563224;Neutrophil
2.707433;11.597999;Neutrophil
2.9012878;10.235435;Neutrophil
3.6422637;11.23093;Neutrophil
2.9807553;10.676483;Neutrophil
2.0826993;10.167885;Neutrophil
2.2409506;11.478808;Neutrophil
1.2071478;11.1466675;Neutrophil
3.3737779;10.499166;Neutrophil
3.3457224;11.51;Neutrophil
2.2039301;12.004582;Neutrophil
3.362315;11.447151;Neutrophil
1.6453187;11.539931;Neutrophil
3.2363057;10.909088;Neutrophil
3.1058385;12.035854;Neutrophil
0.83457494;10.950826;Neutrophil
4.4326396;11.328968;Neutrophil
1.2062463;10.286347;Neutrophil
1.0558971;11.259481;Neutrophil
3.6287706;10.122733;Neutrophil
2.3953896;11.2304535;Neutrophil
4.732377;13.243137;Neutrophil
3.4371314;12.032247;Neutrophil
3.0063128;11.282779;Neutrophil
3.55324;12.069057;Neutrophil
2.2405074;10.551574;Neutrophil
4.714314;10.63959;Neutrophil
2.5330498;11.016645;Neutrophil
1.163697;11.614743;Neutrophil
1.086612;11.334805;Neutrophil
4.055407;10.89128;Neutrophil
1.5666212;10.5421;Neutrophil
7.0056667;9.357823;Neutrophil
2.07663;11.432336;Neutrophil
1.150449;11.638254;Neutrophil
1.3211491;10.281306;Neutrophil
4.0777373;11.238348;Neutrophil
3.6117208;10.427017;Neutrophil
3.2484756;12.224951;Neutrophil
2.9948063;10.51498;Neutrophil
1.0033727;10.628754;Neutrophil
1.5315887;11.688236;Neutrophil
4.0948663;10.844142;Neutrophil
7.803283;8.636432;Neutrophil
5.631992;9.009792;Neutrophil
2.6619399;11.883899;Neutrophil
2.1540306;10.697201;Neutrophil
4.1349635;11.640774;Neutrophil
2.1174068;11.987603;Neutrophil
1.9391252;11.118451;Neutrophil
1.2392915;10.723011;Neutrophil
0.9028368;11.041723;Neutrophil
2.4987237;11.305769;Neutrophil
1.8741689;11.580186;Neutrophil
2.6122684;10.2625475;Neutrophil
0.70191085;11.536514;Neutrophil
3.2909117;11.620397;Neutrophil
1.782034;11.653918;Neutrophil
2.7014043;10.1163025;Neutrophil
0.9491669;11.157518;Neutrophil
0.74800134;11.279446;Neutrophil
3.8818398;11.511507;Neutrophil
2.0914245;11.701954;Neutrophil
2.4531844;11.593935;Neutrophil
1.058327;11.080479;Neutrophil
4.656804;13.214551;Neutrophil
2.3844278;10.634389;Neutrophil
2.7518435;11.723937;Neutrophil
1.9021851;10.358565;Neutrophil
1.0914348;11.442937;Neutrophil
2.5105667;11.267849;Neutrophil
3.0762844;11.873096;Neutrophil
1.5348645;11.595738;Neutrophil
4.007619;10.802526;Neutrophil
4.314014;10.63214;Neutrophil
1.8905396;11.877935;Neutrophil
1.6809912;10.842891;Neutrophil
2.9271116;11.32252;Neutrophil
4.7724924;8.25654;Neutrophil
5.9921856;8.729859;Neutrophil
1.6838636;10.39011;Neutrophil
3.4233146;11.0779705;Neutrophil
4.078069;11.158988;Neutrophil
1.1989602;10.226688;Neutrophil
4.7435303;9.457526;Neutrophil
3.186854;10.708807;Neutrophil
2.055987;11.171205;Neutrophil
2.2721915;10.600088;Neutrophil
1.608252;11.0751295;Neutrophil
0.87131983;11.160567;Neutrophil
3.2551465;11.669292;Neutrophil
6.9456162;8.996409;Neutrophil
3.562613;12.249691;Neutrophil
4.40506;10.70641;Neutrophil
3.5834765;11.27243;Neutrophil
2.8050535;11.082575;Neutrophil
5.271538;9.616613;Neutrophil
1.1371347;11.528563;Neutrophil
4.8389845;13.267138;Neutrophil
2.8583431;10.189793;Neutrophil
-2.08865;17.806118;Neutrophil
0.87291247;11.530343;Neutrophil
2.2152023;11.150272;Neutrophil
2.308663;10.291743;Neutrophil
1.0232006;10.642771;Neutrophil
1.7829448;11.946083;Neutrophil
2.017286;11.06387;Neutrophil
1.1980085;11.007201;Neutrophil
2.637998;11.214987;Neutrophil
3.7983787;12.075367;Neutrophil
1.556391;11.1896925;Neutrophil
2.1275854;11.155343;Neutrophil
-2.0642111;17.768215;Neutrophil
2.7406542;10.798219;Neutrophil
4.9040065;13.286;Neutrophil
1.9657253;11.470275;Neutrophil
1.1918467;10.273514;Neutrophil
2.0273407;12.028132;Neutrophil
2.6229062;10.85375;Neutrophil
2.041796;11.641598;Neutrophil
1.7880325;11.964013;Neutrophil
2.427487;10.725977;Neutrophil
2.7193782;10.890525;Neutrophil
3.640607;10.935634;Neutrophil
3.1977913;12.068454;Neutrophil
4.8726087;13.3189125;Neutrophil
3.4295201;12.101021;Neutrophil
1.6747944;11.278084;Neutrophil
2.9103694;11.184903;Neutrophil
5.183081;5.4216924;Neutrophil
2.6601653;11.741825;Neutrophil
4.9006276;13.163652;Neutrophil
2.6226501;11.532024;Neutrophil
3.6309586;10.925975;Neutrophil
3.5606935;11.851711;Neutrophil
2.2559059;11.443396;Neutrophil
2.86988;10.700764;Neutrophil
2.2591078;11.661637;Neutrophil
2.1249015;11.955711;Neutrophil
3.035086;11.939333;Neutrophil
3.9862716;11.979648;Neutrophil
2.0620959;10.638563;Neutrophil
2.281674;11.65854;Neutrophil
2.9245;11.830201;Neutrophil
1.9428936;10.222712;Neutrophil
3.3777733;11.372428;Neutrophil
2.754864;11.88095;Neutrophil
4.57187;10.794955;Neutrophil
4.0248075;10.948181;Neutrophil
2.5374722;10.959802;Neutrophil
1.3798616;11.260788;Neutrophil
2.0397575;10.60245;Neutrophil
2.3380032;10.937926;Neutrophil
2.6407354;12.202733;Neutrophil
3.7163165;11.055726;Neutrophil
3.009387;11.607138;Neutrophil
3.8011837;10.943184;Neutrophil
1.6743385;11.145027;Neutrophil
1.746521;11.742246;Neutrophil
1.382738;10.980853;Neutrophil
6.5181355;8.470062;Neutrophil
1.7061462;11.261799;Neutrophil
2.8880422;11.006914;Neutrophil
0.88670844;11.110623;Neutrophil
3.3715427;11.295672;Neutrophil
4.3669095;10.287176;Neutrophil
2.3319962;11.175794;Neutrophil
3.1083438;11.738437;Neutrophil
2.0401053;11.416452;Neutrophil
2.8705673;11.259943;Neutrophil
1.6640822;11.352694;Neutrophil
0.8971225;10.89445;Neutrophil
2.7312799;10.825013;Neutrophil
2.3888361;11.396746;Neutrophil
2.5423005;10.427202;Neutrophil
2.1381729;11.337713;Neutrophil
2.3477075;10.052498;Neutrophil
3.6813114;10.406697;Neutrophil
4.1134048;11.305856;Neutrophil
1.095784;11.18127;Neutrophil
4.8866343;13.302627;Neutrophil
0.94683594;11.009614;Neutrophil
2.7732475;10.524713;Neutrophil
1.1289065;10.530227;Neutrophil
2.2397292;11.22946;Neutrophil
2.3131783;10.113868;Neutrophil
0.97937745;11.716034;Neutrophil
1.2899681;11.829773;Neutrophil
2.4226227;10.91558;Neutrophil
2.7152984;10.965872;Neutrophil
1.3001066;11.711661;Neutrophil
2.5251;10.378308;Neutrophil
2.7186103;11.794248;Neutrophil
1.6114556;10.937869;Neutrophil
2.6812809;11.94653;Neutrophil
3.8892918;11.923148;Neutrophil
2.9207492;10.678295;Neutrophil
2.6127214;10.757493;Neutrophil
3.0643623;11.766565;Neutrophil
4.7045207;9.61136;Neutrophil
1.1412853;10.675674;Neutrophil
3.5649745;12.343347;Neutrophil
3.158568;10.798133;Neutrophil
2.0582695;11.081718;Neutrophil
1.9747068;10.866238;Neutrophil
1.3355609;10.74798;Neutrophil
2.2261899;11.383838;Neutrophil
1.7251761;11.333601;Neutrophil
3.1819317;10.089405;Neutrophil
1.7401625;10.779344;Neutrophil
1.8027897;10.613974;Neutrophil
0.9509495;10.635251;Neutrophil
3.5562677;12.224742;Neutrophil
3.7911777;11.22069;Neutrophil
3.1800513;11.25989;Neutrophil
2.879337;11.436025;Neutrophil
2.2021766;11.8056555;Neutrophil
1.2748184;11.712209;Neutrophil
3.2661958;10.8150625;Neutrophil
3.061341;11.140214;Neutrophil
4.208516;11.384027;Neutrophil
4.212173;9.643841;Neutrophil
3.0376701;10.121253;Neutrophil
3.3946795;10.324938;Neutrophil
3.905171;11.555069;Neutrophil
4.329934;11.120626;Neutrophil
2.6344147;11.955422;Neutrophil
0.7203674;11.338306;Neutrophil
1.8839812;11.552693;Neutrophil
0.9351306;11.412664;Neutrophil
1.1264195;10.852294;Neutrophil
2.920582;10.948475;Neutrophil
3.9687111;11.3938;Neutrophil
3.8803263;11.704392;Neutrophil
3.3563898;10.380457;Neutrophil
2.5430074;10.125672;Neutrophil
4.402579;11.025865;Neutrophil
1.0446316;11.168725;Neutrophil
2.6020756;11.582859;Neutrophil
3.2154284;11.74086;Neutrophil
2.7008295;10.696979;Neutrophil
2.9932811;10.826119;Neutrophil
6.7348957;8.12296;IG
5.0236773;7.352242;IG
7.150032;8.858457;IG
6.7783694;7.3614125;IG
5.415566;8.958791;IG
7.11792;9.266148;IG
8.141556;8.652088;IG
5.1745906;8.900021;IG
7.33401;7.7176137;IG
6.52996;9.035424;IG
7.173023;7.7481565;IG
7.53814;8.921639;IG
6.2016835;8.062772;IG
7.519573;9.437856;IG
7.7133527;7.966413;IG
7.9010015;8.323982;IG
6.1320314;9.183586;IG
6.411782;8.1749325;IG
5.5984526;9.231034;IG
6.291521;8.112181;IG
8.27401;8.7415085;IG
5.106219;8.9466505;IG
5.5932155;9.364102;IG
7.1764655;8.332566;IG
6.5927863;8.893793;IG
5.051919;8.454109;IG
6.1061864;8.370202;IG
5.037502;6.114469;IG
6.4874644;9.187065;IG
6.270225;8.024424;IG
5.716027;9.408924;IG
4.558184;8.520317;IG
6.8043194;8.687949;IG
7.914543;8.907678;IG
6.329746;9.180668;IG
8.422694;9.017049;IG
-2.4467201;19.047106;IG
7.793079;9.011008;IG
5.691201;7.8263836;IG
7.3440084;7.9785657;IG
7.0744715;8.302887;IG
6.360475;9.1293745;IG
6.230922;9.085469;IG
8.20864;8.796245;IG
6.777302;8.104367;IG
6.877395;8.097278;IG
7.7405944;7.88526;IG
6.927848;7.400591;IG
5.233991;7.5813613;IG
7.508416;7.8633943;IG
5.573359;8.637648;IG
6.3552155;9.294092;IG
7.0516114;8.388436;IG
7.2114487;8.378544;IG
4.737107;6.25976;IG
7.5814624;8.379891;IG
4.3216114;9.086947;IG
5.1704564;8.21105;IG
8.134117;8.656029;IG
6.0376024;7.5376983;IG
7.0011225;8.075146;IG
6.5939436;8.296904;IG
6.6976514;9.081102;IG
8.207942;8.254422;IG
7.0447283;7.9606504;IG
7.7535434;7.9819965;IG
4.87248;13.312158;IG
8.043794;8.551213;IG
7.351873;8.891317;IG
-2.6929605;18.701046;IG
5.28291;9.467601;IG
4.376605;8.556017;IG
5.7786384;8.172787;IG
7.460772;7.5392823;IG
7.671637;7.7537665;IG
7.3302636;7.9483476;IG
7.2314835;8.5322485;IG
7.099212;8.460959;IG
4.768613;8.502684;IG
6.068407;9.1506195;IG
8.95797;8.974695;IG
5.6197557;8.604354;IG
8.178167;8.60566;IG
6.5018663;8.982092;IG
5.503545;7.967362;IG
8.060567;8.596479;IG
6.6558642;8.327954;IG
7.3557115;8.957811;IG
7.2116237;9.225969;IG
7.0240207;8.812398;IG
7.8441443;9.149832;IG
6.975916;9.490801;IG
5.865311;9.2461815;IG
7.238286;7.6709485;IG
6.3424006;8.435895;IG
4.8292236;8.889216;IG
7.94979;8.10894;IG
8.294052;8.860143;IG
-2.2221167;19.061708;IG
8.682769;8.737036;IG
4.8860083;9.396227;IG
3.6278708;11.983851;IG
7.9764247;7.985181;IG
5.446814;8.808654;IG
6.2717204;8.579153;IG
7.5055256;8.601542;IG
6.151972;8.133639;IG
6.7869396;8.886184;IG
4.7980127;9.209687;IG
7.235436;8.253457;IG
5.1897902;9.23591;IG
7.877043;8.861538;IG
-2.2939076;18.96969;IG
3.5576224;10.084777;IG
-2.2484272;18.796236;IG
5.4535303;8.857891;IG
6.8020887;8.09675;IG
7.2207475;8.832932;IG
7.415785;7.493162;IG
4.623381;8.724499;IG
6.1758275;8.332213;IG
6.6793723;8.843045;IG
7.8688273;8.042367;IG
7.329308;7.7817063;IG
5.8841147;8.214987;IG
6.7690287;7.936074;IG
7.6206794;7.966836;IG
1.7272742;10.214092;IG
7.6160836;8.054309;IG
6.661671;8.767297;IG
6.8139668;8.74905;IG
8.247951;8.466525;IG
5.106238;9.355213;IG
7.716287;7.7409434;IG
7.5449767;8.620507;IG
7.225376;7.8781943;IG
-2.298072;18.792973;IG
6.7756968;7.6721473;IG
7.026022;8.717641;IG
7.634454;7.877142;IG
6.779426;7.897921;IG
5.5336127;8.267486;IG
7.811758;8.16556;IG
5.1922507;8.530239;IG
6.5386176;9.153572;IG
6.8657546;8.077986;IG
5.423527;9.34962;IG
5.363808;8.413501;IG
7.0960584;8.265239;IG
7.1017284;8.32807;IG
3.1526895;10.680806;IG
7.199408;7.971019;IG
8.2312;9.226953;IG
8.134722;9.178234;IG
4.8599577;9.505411;IG
7.3369713;8.923779;IG
5.1905384;8.962256;IG
5.748425;8.408323;IG
6.5079784;9.031214;IG
5.7005415;7.9591155;IG
6.8436413;7.5875306;IG
7.32683;8.410387;IG
5.8564587;8.858963;IG
7.111456;8.734341;IG
7.783599;8.24474;IG
7.841315;8.302389;IG
4.499544;8.534022;IG
4.6652274;8.427083;IG
8.526737;8.886229;IG
7.3829226;7.990403;IG
6.139422;9.109536;IG
6.7211175;8.5666275;IG
4.981225;8.721395;IG
6.3897495;8.332231;IG
7.2038736;8.792976;IG
7.4382315;7.9455795;IG
4.9788103;8.982154;IG
7.115418;8.929351;IG
-2.2695518;18.833494;IG
6.9312673;9.041277;IG
6.858831;7.66155;IG
12.738353;7.4706326;IG
7.023254;8.972185;IG
7.444822;8.827575;IG
6.3911033;8.339928;IG
6.1930804;8.923686;IG
4.287483;9.000899;IG
5.098094;9.098543;IG
1.4049859;10.527925;IG
7.515182;7.481954;IG
6.631415;8.268629;IG
1.066785;10.52264;IG
5.7871747;9.373466;IG
5.967943;8.165005;IG
4.4881787;8.61426;IG
4.573758;9.418865;IG
7.1084223;7.805515;IG
6.872385;8.598532;IG
7.994685;8.075295;IG
4.986001;9.044442;IG
7.3639727;8.197718;IG
5.6914945;9.267656;IG
6.3444777;8.9320755;IG
7.290434;8.166376;IG
4.8771086;9.201722;IG
6.1177025;8.262186;IG
6.087825;9.291736;IG
7.9163213;9.076164;IG
6.5797915;8.701186;IG
7.597264;8.640503;IG
6.6214542;9.235445;IG
7.112369;8.467122;IG
5.7897873;9.0282545;IG
5.9211984;8.430556;IG
6.010177;8.228976;IG
4.4486685;8.305813;IG
6.8439994;8.063128;IG
-2.440296;19.117113;IG
5.787092;8.865908;IG
5.2541723;8.409871;IG
6.501918;7.694702;IG
7.916662;8.686193;IG
7.8633385;7.911282;IG
5.187966;9.57634;IG
4.2378454;10.648469;IG
5.6351514;8.506829;IG
4.863232;6.512854;IG
5.9427786;8.14888;IG
6.5147395;9.056981;IG
8.177079;8.631811;IG
6.6340885;8.308807;IG
4.5213246;8.916997;IG
7.8833733;8.338984;IG
5.736887;8.441917;IG
7.0380244;8.19521;IG
8.338382;8.825263;IG
7.962695;8.316066;IG
7.9809194;8.8842745;IG
5.311667;8.586323;IG
7.232252;7.750726;IG
-2.363236;19.03059;IG
7.318775;8.21689;IG
6.0136952;8.575982;IG
7.9400883;8.74394;IG
3.3937595;10.284311;IG
7.7475486;8.657177;IG
7.3673067;8.200502;IG
8.596495;8.732843;IG
6.318377;7.4671483;IG
6.5911865;8.799512;IG
6.5065465;9.431356;IG
4.817871;9.039977;IG
7.8823557;7.9656;IG
5.1632977;8.652983;IG
5.5440865;9.602561;IG
7.245362;8.843987;IG
5.4997687;8.097142;IG
4.1580443;9.566385;IG
5.5369744;9.164742;IG
8.381278;9.260079;IG
8.362848;8.867392;IG
5.538797;7.9251194;IG
5.772586;9.158679;IG
6.3387184;9.074309;IG
7.066972;9.446185;IG
7.7786946;7.970834;IG
7.537573;9.053272;IG
7.8074107;8.746264;IG
6.9340463;7.8998075;IG
7.5120325;8.254894;IG
6.2369494;9.121879;IG
8.670182;8.738877;IG
7.287579;7.7357016;IG
6.7760077;8.465156;IG
5.7978606;8.9862175;IG
6.041707;8.052802;IG
5.7400236;8.231088;IG
5.7124515;7.3744574;IG
8.466073;8.914642;IG
6.148562;8.732227;IG
5.8172016;9.27063;IG
7.186471;9.173872;IG
6.509714;8.906124;IG
5.367418;9.055659;IG
7.9657702;8.235775;IG
7.7947598;8.853705;IG
5.6678004;8.252253;IG
4.569286;9.250753;IG
-2.1972704;19.075064;IG
6.7034316;9.114571;IG
7.557737;7.735203;IG
7.883593;8.050645;IG
8.021672;8.149287;IG
7.3293085;8.219518;IG
4.8883753;9.08532;IG
7.4265513;8.236577;IG
7.1779833;8.14863;IG
5.1629806;8.5954275;IG
5.345377;8.213428;IG
8.072836;8.123329;IG
8.415743;8.746606;IG
5.653792;9.106665;IG
7.8384104;8.800495;IG
5.115046;8.181361;IG
7.1830397;8.135634;IG
5.8741565;8.307989;IG
5.137268;9.296853;IG
6.0875177;8.382836;IG
-5.4850855;3.5616565;IG
5.5548186;8.25163;IG
6.0398774;8.209729;IG
5.872436;8.882484;IG
6.0956907;8.151376;IG
6.563889;8.481628;IG
7.5986586;7.604514;IG
5.485912;7.1175914;IG
7.158519;8.370043;IG
8.564947;8.938833;IG
5.811784;8.435668;IG
8.108744;8.271006;IG
3.1084046;11.977705;IG
6.096173;8.998764;IG
4.251231;8.567583;IG
-2.4616597;18.871296;IG
7.0021234;8.881156;IG
6.8247833;9.244218;IG
5.503835;7.9454074;IG
4.982765;8.780021;IG
7.1639075;9.143809;IG
5.763336;8.509307;IG
7.179211;8.623395;IG
4.216763;9.503533;IG
5.2761497;8.157458;IG
5.8802133;8.219518;IG
5.638821;8.924427;IG
6.9201717;8.546547;IG
7.1613946;8.089852;IG
4.2700167;8.547884;IG
4.645362;8.088466;IG
5.030822;8.300057;IG
6.6215324;8.504892;IG
7.07449;8.82645;IG
7.2294445;7.6242747;IG
7.174818;8.042927;IG
4.8412166;8.469427;IG
7.358632;8.216896;IG
8.177701;8.391942;IG
4.7360587;9.16858;IG
7.382687;8.900665;IG
-5.4878163;3.5621002;IG
5.7780623;9.033788;IG
6.3071194;8.908685;IG
-2.2955506;19.081757;IG
7.2613654;8.21995;IG
8.573274;9.492319;IG
-2.0482373;18.837673;IG
6.9130783;8.372625;IG
4.356952;8.528831;IG
3.5482292;10.176493;IG
5.491418;8.683857;IG
8.308589;9.305633;IG
5.32944;9.028186;IG
1.3043703;10.32384;IG
5.374998;8.234677;IG
5.0287952;8.828547;IG
6.9341025;8.684923;IG
7.9717574;8.114072;IG
8.690889;8.650518;IG
7.5740247;9.022728;IG
6.457105;8.976998;IG
7.093842;8.998706;IG
7.925565;8.110082;IG
7.1876025;7.683978;IG
6.4293547;8.038687;IG
6.8892026;9.039702;IG
5.515385;8.464939;IG
6.871598;9.133306;IG
6.3906703;8.485802;IG
5.93437;8.073395;IG
6.837645;7.8160615;IG
8.130724;9.247253;IG
5.695352;8.190801;IG
7.4613686;8.721007;IG
7.6419945;8.009633;IG
5.5111556;9.650662;IG
8.712879;9.030454;IG
6.977324;9.255464;IG
7.2007885;9.127703;IG
8.546189;8.703026;IG
5.108587;9.12577;IG
7.0806603;7.907504;IG
1.296277;10.297519;IG
4.2393227;8.503197;IG
7.782034;8.747922;IG
4.3950315;10.027673;IG
6.8201776;8.092489;IG
6.5783043;8.131705;IG
-2.575203;19.152096;IG
6.713303;7.993035;IG
4.9299893;8.848901;IG
5.494258;8.748688;IG
7.700147;8.755582;IG
7.14768;7.5817227;IG
7.03226;8.5601015;IG
7.901245;7.888024;IG
6.714705;8.945351;IG
6.1620393;9.080329;IG
7.7659903;8.035749;IG
4.5086465;8.680747;IG
-2.5928435;18.947033;IG
6.2879825;8.824755;IG
6.067902;8.125048;IG
5.332805;6.1644263;IG
6.4637794;8.5322695;IG
7.5326633;9.026685;IG
7.181343;8.132254;IG
6.793162;7.761563;IG
4.963082;8.5559225;IG
4.35056;8.645613;IG
4.5206213;9.471996;IG
4.6452627;6.260059;IG
6.00103;8.968081;IG
7.5599813;8.580775;IG
7.810348;8.805406;IG
4.834966;9.55094;IG
7.2906075;7.8097935;IG
4.6560097;9.586034;IG
7.9695835;8.411807;IG
7.6850805;8.050912;IG
5.4453907;9.039052;IG
5.4370627;9.729942;IG
6.6479816;8.575923;IG
-2.210815;18.969536;IG
4.878317;9.193051;IG
8.021418;8.273286;IG
4.831804;9.219481;IG
7.9574795;7.9695606;IG
6.231713;7.891616;IG
7.29553;8.611324;IG
4.880071;8.592742;IG
5.7605977;8.819984;IG
7.496459;9.210289;IG
4.2880664;9.797424;IG
7.487498;8.563169;IG
5.722087;8.439772;IG
8.424506;8.576591;IG
7.279087;7.943203;IG
5.9044685;8.268063;IG
7.268772;8.297382;IG
5.7093453;8.477196;IG
4.880622;9.362854;IG
4.708337;8.424264;IG
5.8590474;8.889199;IG
-2.1320813;19.003029;IG
7.6553893;8.839017;IG
6.2887645;7.905805;IG
5.058924;8.870692;IG
5.8163624;8.836328;IG
6.5393286;8.138574;IG
4.3232026;8.293571;IG
8.00841;8.33698;IG
6.2920337;9.319251;IG
5.350501;8.471624;IG
6.500971;8.208807;IG
7.271674;8.019145;IG
-2.2836156;19.080854;IG
6.7064276;7.98222;IG
5.731892;8.914663;IG
6.0563784;8.220182;IG
5.002349;8.458395;IG
-2.315648;19.034948;IG
7.768494;8.653611;IG
5.8658204;8.77308;IG
8.382716;8.859511;IG
5.2843304;8.894114;IG
6.4406943;7.2721415;IG
7.935045;8.883679;IG
-2.1930661;19.060503;IG
5.0848227;9.56955;IG
5.407068;8.629753;IG
7.4028034;9.656773;IG
5.442505;9.387555;IG
5.5031233;8.167885;IG
6.1014857;8.766902;IG
4.459372;8.423715;IG
8.088214;8.311662;IG
6.933379;7.6878643;IG
6.67979;7.4295845;IG
6.9719915;8.951824;IG
7.1858215;7.9691954;IG
5.3154984;9.415348;IG
7.3360763;7.590312;IG
7.0609994;9.133374;IG
6.9556646;9.12202;IG
6.781982;7.952796;IG
8.134132;8.444258;IG
-2.440943;19.143457;IG
7.0280943;8.092363;IG
8.119495;8.356326;IG
-2.2511594;19.111364;IG
6.5710964;8.9101;IG
6.360651;8.4075365;IG
4.5296235;9.328225;IG
7.596948;7.750956;IG
8.6430435;9.042946;IG
7.2948713;7.562039;IG
6.6705303;7.899819;IG
6.954212;8.050454;IG
6.749156;9.095208;IG
6.9176598;8.327965;IG
7.3490934;8.795715;IG
1.1992029;10.256179;IG
7.5606694;9.123267;IG
8.412257;8.87826;IG
5.68084;8.940054;IG
7.0800743;8.981376;IG
7.7084436;8.144971;IG
5.5775037;8.310977;IG
-2.7346313;18.662485;IG
4.69798;9.172567;IG
8.464424;9.153739;IG
8.103417;8.354035;IG
5.74233;9.080367;IG
6.9107785;9.191729;IG
7.6281624;9.094409;IG
6.2882137;8.860389;IG
5.869252;8.163229;IG
5.967394;8.260005;IG
5.7031827;8.806067;IG
7.996995;8.956067;IG
8.042353;8.733539;IG
5.220681;8.918157;IG
6.3248672;8.398681;IG
4.486567;8.569037;IG
8.507382;8.647672;IG
6.4596505;8.503311;IG
6.4229455;8.689927;IG
4.4161053;8.921744;IG
7.9514675;8.108733;IG
8.27152;9.479903;IG
7.4796834;9.021787;IG
4.43441;8.7710905;IG
7.587329;8.858942;IG
6.050913;9.23624;IG
5.862906;9.292035;IG
4.1163983;10.524306;IG
-2.6897771;18.611176;IG
4.49776;8.447988;IG
5.586513;9.116024;IG
-2.2366118;18.89347;IG
5.6658063;8.339727;IG
5.131153;9.003498;IG
-2.298154;18.8745;IG
7.4252295;8.812814;IG
6.4849524;7.2747993;IG
6.9346104;7.827143;IG
7.414553;8.825897;IG
6.8023815;8.48721;IG
8.304617;9.68766;IG
6.9121914;8.088142;IG
6.485234;8.493704;IG
6.1598682;7.8133626;IG
5.3016076;9.657621;IG
7.38785;9.13409;IG
7.832081;9.076972;IG
5.694511;9.197088;IG
5.451659;7.9178696;IG
7.232169;7.4265423;IG
6.584518;8.792481;IG
6.9749866;8.359817;IG
5.939773;9.112365;IG
-2.211223;18.898636;IG
7.2156563;7.8817954;IG
6.6947455;7.6456084;IG
7.1160927;9.169783;IG
4.672381;10.758853;IG
5.8400383;9.205764;IG
6.586433;8.400666;IG
8.168596;8.199204;IG
-2.4779665;19.132603;IG
7.9101605;8.463039;IG
7.5870137;8.632638;IG
5.17353;7.8859816;IG
7.1515694;7.9330173;IG
5.1027465;7.824777;IG
8.226212;8.470392;IG
5.5094204;8.398159;IG
5.606049;9.232971;IG
4.1228485;8.866307;IG
5.9828744;9.322247;IG
7.806818;9.320847;IG
7.211857;7.981212;IG
5.119651;8.691758;IG
5.1641755;8.70988;IG
8.332318;8.396874;IG
6.2646704;9.305235;IG
4.386462;8.488326;IG
6.8308005;8.901034;IG
7.2826886;8.137027;IG
8.417444;9.036077;IG
5.466665;8.779932;IG
2.8850489;10.616133;IG
4.8901477;9.618222;IG
5.547156;9.2023945;IG
5.9962063;8.92427;IG
5.317887;8.03514;IG
5.143144;7.924919;IG
7.481802;9.188431;IG
6.2871704;9.028914;IG
5.9670978;8.49962;IG
6.2266135;9.055495;IG
7.7746897;7.904976;IG
7.2258534;8.612591;IG
5.7622824;8.436283;IG
5.756329;8.040656;IG
5.7593727;9.09487;IG
5.3246536;9.592501;IG
7.253516;8.63579;IG
6.835824;7.7285776;IG
4.815614;8.078678;IG
5.0588117;9.404151;IG
7.410202;7.563243;IG
7.0113215;7.738617;IG
2.8430467;10.2180195;IG
5.72609;8.502825;IG
7.2238636;7.892066;IG
6.1172748;9.201883;IG
7.6863256;8.051476;IG
4.3506217;8.462003;IG
5.585998;9.011899;IG
6.079303;8.763747;IG
7.2605405;7.7219567;IG
1.2474767;10.268615;IG
-2.429412;19.021593;IG
-2.4544184;19.091373;IG
8.35506;8.686189;IG
4.511062;9.752174;IG
5.7021904;8.848855;IG
6.429389;8.615118;IG
6.700201;8.3704605;IG
4.7389345;8.496171;IG
6.2123036;8.683613;IG
5.2462173;9.534937;IG
6.9170165;8.146287;IG
7.94481;8.79377;IG
-2.4983447;18.807497;IG
6.904529;8.46935;IG
7.916664;8.073541;IG
4.140856;11.537274;IG
5.387479;9.074342;IG
8.214092;9.17339;IG
7.1830125;8.943172;IG
7.3367066;8.189887;IG
5.46;7.818798;IG
7.4063144;8.247742;IG
-2.2280078;18.95943;IG
4.7148232;10.655801;IG
8.195969;8.80322;IG
8.350285;8.871788;IG
5.1219597;8.741995;IG
4.952913;9.0837345;IG
7.65373;8.58738;IG
-2.1751914;19.033388;IG
5.713972;7.756132;IG
7.630782;8.760293;IG
7.015042;8.137902;IG
4.940732;9.559675;IG
6.638515;8.898659;IG
6.013004;8.559591;IG
7.383773;8.141459;IG
6.568842;8.897923;IG
7.1210103;7.887343;IG
5.264252;7.980021;IG
6.795656;8.949555;IG
5.5153666;9.704241;IG
6.5654426;8.257666;IG
6.333688;7.3191195;IG
5.5225906;9.320831;IG
7.999173;8.660031;IG
5.1867867;7.686262;IG
5.136492;9.128482;IG
5.967237;7.367774;IG
5.78507;7.469856;IG
6.92847;7.797994;IG
6.836391;7.597057;IG
6.924132;7.8838153;IG
4.3910832;9.662475;IG
7.643963;8.640529;IG
4.5179095;8.7290125;IG
6.9228497;8.204711;IG
7.279111;8.763623;IG
6.525178;8.672844;IG
5.401508;8.674837;IG
6.468713;8.539624;IG
-2.5947933;18.699713;IG
-2.1611023;18.92773;IG
4.5597887;9.045671;IG
6.462565;9.198956;IG
6.065235;8.487229;IG
6.18119;8.571456;IG
4.0327816;10.64517;IG
7.7807198;8.798052;IG
8.066272;8.361572;IG
6.303183;6.860008;IG
6.450264;9.160656;IG
5.9398875;9.222429;IG
5.0145264;8.734172;IG
7.2715;9.113852;IG
5.451866;8.519125;IG
8.5453825;8.753976;IG
9.412672;4.9827986;IG
7.8568697;8.909063;IG
5.5973535;7.6877146;IG
7.241373;7.8592505;IG
-2.4382455;19.012772;IG
7.4154572;7.944392;IG
6.1222796;9.431889;IG
8.138207;9.098622;IG
6.889592;7.896448;IG
2.941041;11.302816;IG
4.936374;9.14481;IG
8.080617;9.243309;IG
6.2458725;8.989288;IG
2.4444516;10.887514;IG
7.3381195;9.248754;IG
6.133947;6.923345;IG
6.252558;8.727796;IG
6.501365;8.625702;IG
6.489547;8.0235195;IG
5.7503543;8.760567;IG
5.8524075;8.321045;IG
4.212675;10.921254;IG
5.6243258;9.729903;IG
7.4360385;8.167931;IG
7.200854;9.28682;IG
5.9487042;9.18541;IG
5.864111;9.14984;IG
6.937012;9.102217;IG
7.5908403;8.29985;IG
4.8182497;9.126356;IG
5.6145725;9.00894;IG
5.9873724;8.760339;IG
6.169049;9.40131;IG
-2.172061;19.045986;IG
7.5468073;8.659223;IG
7.386559;7.800307;IG
7.5133576;7.835488;IG
7.839857;8.124249;IG
7.4036255;8.809946;IG
7.1741323;7.745017;IG
8.026334;9.186797;IG
6.189425;8.706907;IG
5.462173;8.009492;IG
-2.5176609;19.14468;IG
7.439238;8.853612;IG
7.1763153;8.131575;IG
7.1342487;8.4399805;IG
6.180025;8.829875;IG
5.4447083;8.099043;IG
6.068199;9.19935;IG
4.6991177;8.243637;IG
4.893693;9.164044;IG
4.5940785;10.792482;IG
6.7003417;8.888678;IG
5.707592;8.983914;IG
5.5246563;8.266121;IG
5.6863365;7.2085824;IG
7.692338;7.975189;IG
7.2202525;7.9323463;IG
5.4101415;8.109545;IG
4.489369;8.252751;IG
6.368794;9.369575;IG
5.3061566;6.808385;IG
8.65474;8.876574;IG
6.719119;8.876521;IG
8.1131525;8.566699;IG
7.4076457;7.9829574;IG
6.571864;8.95237;IG
7.015016;8.635553;IG
6.529158;8.570517;IG
6.5700984;8.1961775;IG
5.211307;8.759392;IG
6.875821;8.861404;IG
5.765054;8.77401;IG
5.7510414;8.155231;IG
6.304702;8.690047;IG
7.777282;8.5817795;IG
5.646073;8.484812;IG
-2.5066354;19.14861;IG
7.0526624;9.309075;IG
7.4882765;8.032577;IG
6.0204067;9.042961;IG
5.3806024;9.310317;IG
7.2483616;7.884082;IG
1.2791945;10.232727;IG
6.0564485;8.421284;IG
6.504053;8.423315;IG
6.049328;8.811108;IG
5.1719036;8.917226;IG
3.9282036;9.897087;IG
6.735288;9.078733;IG
7.250569;9.284677;IG
7.8846974;8.672175;IG
5.222975;8.438483;IG
5.3973246;6.802753;IG
2.4607956;9.982142;IG
6.9746866;8.625346;IG
5.8128552;8.846819;IG
6.1834598;7.149647;IG
5.404354;9.454336;IG
5.530398;9.36007;IG
7.35876;7.788265;IG
7.437015;8.591117;IG
5.82418;8.959333;IG
5.576995;8.174231;IG
7.523064;8.557632;IG
5.4649067;9.309892;IG
5.3766646;7.9559007;IG
5.884482;9.068103;IG
5.222971;9.375375;IG
1.4278418;10.275535;IG
6.807648;8.555387;IG
5.7860217;8.819235;IG
7.4792433;8.955896;IG
5.1043873;8.9145155;IG
6.191104;9.436808;IG
5.5482683;8.438766;IG
7.233587;7.5852776;IG
8.341632;9.163448;IG
7.5790358;9.223631;IG
4.988711;8.685388;IG
8.591975;8.715276;IG
7.492068;9.182804;IG
4.412363;8.884128;IG
4.3142085;8.4674835;IG
7.347211;8.879028;IG
4.778632;9.415105;IG
-2.6846497;18.674185;IG
5.8801684;8.237531;IG
6.3903074;9.195358;IG
5.4861474;5.870068;IG
6.1492867;9.002876;IG
-2.200916;19.024021;IG
7.941246;8.494643;IG
6.207425;9.140063;IG
8.41268;8.730523;IG
7.388468;7.9149675;IG
7.3417115;7.748926;IG
5.9066386;7.691545;IG
5.8808103;8.270344;IG
6.591959;9.209393;IG
6.565625;8.330515;IG
3.9199462;9.727486;IG
5.802621;8.852507;IG
6.8389864;8.792151;IG
6.5922694;8.131075;IG
3.8762443;9.757632;IG
7.887791;7.873381;IG
7.866611;9.00774;IG
8.577036;8.706043;IG
7.0245223;8.416194;IG
5.628631;8.933682;IG
6.414232;8.95381;IG
5.831099;9.165913;IG
7.466465;7.4729075;IG
8.242418;8.8985405;IG
6.2743125;8.467715;IG
5.1220393;9.541167;IG
7.115112;7.93224;IG
6.1347117;7.53042;IG
7.0009737;7.9164643;IG
6.867896;8.454436;IG
10.635593;6.5825744;IG
6.757144;7.645658;IG
6.6520157;7.3409214;IG
4.966202;9.059217;IG
7.5122137;9.019913;IG
7.5876045;8.103746;IG
7.1807084;8.619169;IG
7.0017934;8.9857435;IG
7.0392375;8.557749;IG
5.38756;8.719204;IG
6.7726583;8.799104;IG
8.506391;9.092465;IG
6.380067;8.36421;IG
4.850858;10.525158;IG
5.6321006;9.257395;IG
7.6108623;8.958487;IG
5.766266;7.2044826;IG
5.7233977;7.7702847;IG
7.172402;8.055115;IG
4.4566116;11.036868;IG
4.445556;8.145898;IG
5.989882;8.475926;IG
2.3087063;10.5644455;IG
5.010169;8.829549;IG
4.279949;10.527511;IG
7.0449085;8.798774;IG
4.916729;6.5400443;IG
7.7504625;7.9715486;IG
7.6153092;8.527006;IG
7.4131083;8.481231;IG
6.42068;7.135388;IG
4.6194577;8.422883;IG
6.8631153;8.590033;IG
6.2333813;8.874983;IG
5.1430717;9.737058;IG
8.0512905;8.824937;IG
6.2170334;8.0561285;IG
7.2623453;7.3926253;IG
7.4464726;8.529262;IG
7.5592513;9.242934;IG
7.3724;8.901745;IG
7.3478317;8.090087;IG
5.5298386;7.0724745;IG
5.9091277;8.986548;IG
7.2302594;7.397601;IG
7.762934;7.996602;IG
5.7588315;7.078735;IG
3.7346141;9.903383;IG
-2.725017;18.65579;IG
7.4064426;8.742089;IG
7.1693797;7.7307487;IG
6.07977;9.182208;IG
6.76374;8.858629;IG
5.3902264;8.903707;IG
5.939339;9.12148;IG
7.2929187;7.7228866;IG
5.649534;8.755353;IG
7.080125;7.9746723;IG
6.202999;8.418155;IG
7.1278114;9.177587;IG
6.6867166;8.686336;IG
8.050768;8.43531;IG
6.9507675;7.4528475;IG
4.799779;8.157175;IG
6.2822413;9.039288;IG
5.8684535;9.195239;IG
8.309178;8.724185;IG
6.93814;9.302244;IG
7.8717327;8.220305;IG
5.683237;8.370779;IG
7.7344723;9.404605;IG
5.215727;8.773742;IG
4.667117;10.028192;IG
7.0562077;9.093838;IG
6.9224405;8.887975;IG
6.482635;8.703106;IG
4.9994893;9.503835;IG
-2.333137;19.078896;IG
6.9727006;7.578205;IG
7.889588;8.967396;IG
7.840452;8.919322;IG
8.216253;9.199685;IG
-2.3837018;19.069208;IG
5.998891;7.9339685;IG
5.5115285;6.8535323;IG
7.8320436;8.2093;IG
6.732215;8.401965;IG
5.437784;8.091141;IG
7.526536;9.106266;IG
8.417571;8.558706;IG
7.7011566;8.130692;IG
-2.4154267;18.913465;IG
7.549686;8.858216;IG
7.163432;7.3574915;IG
6.0378814;8.9489565;IG
5.050791;8.442949;IG
6.7511277;9.131274;IG
5.969981;8.094379;IG
6.070996;8.754267;IG
7.2198534;8.905623;IG
4.818656;8.223485;IG
6.9332633;8.364354;IG
7.4566097;8.777417;IG
7.926636;9.52864;IG
7.31306;9.266652;IG
8.330606;8.624521;IG
4.489443;9.311195;IG
8.288245;8.507965;IG
4.992881;9.049689;IG
6.9790897;7.656907;IG
7.7980766;8.2515135;IG
7.050043;8.436792;IG
8.01043;7.9335856;IG
5.491843;8.279446;IG
7.4250293;8.94269;IG
5.1801596;7.7409205;IG
7.257666;7.768654;IG
6.799695;8.503962;IG
4.4950304;9.02101;IG
7.9862823;8.252982;IG
7.077006;8.775259;IG
6.9747596;7.9397707;IG
5.739984;8.351992;IG
1.787497;10.525619;IG
7.4798317;8.632534;IG
5.572788;7.7080107;IG
6.819425;8.163445;IG
7.1500874;9.017675;IG
6.9437823;8.926484;IG
4.828741;9.328308;IG
7.6782546;8.810753;IG
6.03478;8.776301;IG
-2.360642;19.077536;IG
4.565439;9.9309845;IG
5.1800933;8.797422;IG
5.7749834;8.873261;IG
6.074407;8.176997;IG
5.2460814;8.633679;IG
6.439533;8.373724;IG
7.680211;8.85472;IG
8.079999;8.176022;IG
5.916545;8.920439;IG
6.5165052;8.042154;IG
6.7355347;7.5770226;IG
6.232553;8.136679;IG
5.2878675;9.554538;IG
3.9365554;9.845131;IG
7.0924277;9.038905;IG
7.1773696;7.4982142;IG
1.2697362;10.278597;IG
7.119898;7.6933904;IG
6.895176;8.483175;IG
5.9934697;6.609716;IG
7.245382;7.811644;IG
5.9012494;9.026977;IG
7.275135;7.8512297;IG
7.39068;8.390181;IG
2.048175;10.297592;IG
8.013389;9.675441;IG
8.773937;9.583599;IG
7.391966;8.734903;IG
5.3503184;8.779945;IG
7.092581;7.54661;IG
4.5321426;8.4466095;IG
5.051803;9.115175;IG
8.620069;8.591908;IG
6.2601156;8.207989;IG
6.1555314;8.196076;IG
4.745783;9.402695;IG
5.53092;8.646109;IG
6.873521;8.2117195;IG
5.407715;5.7449965;IG
7.4638486;8.273656;IG
7.450781;9.117046;IG
4.132516;10.110241;IG
8.576015;8.676885;IG
9.304108;9.753626;IG
4.9831862;9.110062;IG
6.275263;7.7506175;IG
6.824356;8.790848;IG
7.581482;8.086752;IG
6.289625;8.306679;IG
4.248351;10.642128;IG
-2.4808922;19.119417;IG
7.778464;8.718223;IG
5.102169;8.370152;IG
5.0807476;8.315723;IG
5.144353;8.250048;IG
5.049498;8.486719;IG
6.8803473;8.18269;IG
7.006398;8.678348;IG
8.384854;8.7483835;IG
5.143532;8.438458;IG
5.8699827;9.134965;IG
6.822404;7.6771507;IG
7.853068;9.087435;IG
7.2927804;7.3777857;IG
7.970339;8.457834;IG
4.4991684;8.65554;IG
-2.2493794;18.867323;IG
6.8065624;8.720049;IG
8.48232;8.685262;IG
7.47718;8.7319145;IG
5.8976793;8.085357;IG
5.510241;8.04125;IG
6.794991;8.86498;IG
5.969523;8.951864;IG
7.2491016;8.431731;IG
6.733111;8.144647;IG
6.9110274;8.33987;IG
6.526612;9.040319;IG
8.077082;8.211258;IG
5.098426;8.510673;IG
8.295029;8.980216;IG
6.913328;7.788208;IG
6.1320333;8.172649;IG
5.668195;7.9516554;IG
7.26477;8.772208;IG
7.108642;8.967853;IG
5.2171416;9.434344;IG
4.839872;8.354526;IG
4.052191;11.925629;IG
6.0828524;9.18331;IG
5.77644;8.544081;IG
6.53604;8.483862;IG
7.946005;8.371389;IG
5.3290057;9.190827;IG
5.249367;9.158107;IG
4.9396815;8.126243;IG
7.38624;8.8917465;IG
4.6813326;9.423858;IG
5.688068;9.056613;IG
4.7624044;9.475945;IG
1.9704432;10.316762;IG
7.207635;8.371278;IG
7.2190666;9.207387;IG
5.124341;8.421609;IG
7.050047;8.001831;IG
5.742517;8.77269;IG
5.8289723;9.355692;IG
5.839857;8.271473;IG
6.3315716;8.463451;IG
8.619596;9.23556;IG
6.5810394;8.735142;IG
5.194352;8.188762;IG
5.9165864;7.251311;IG
7.472557;8.861415;IG
5.0153775;9.060272;IG
7.274558;8.272822;IG
8.372059;9.200493;IG
4.89152;6.546853;IG
-2.4786654;19.100328;IG
6.9862785;8.138632;IG
5.799508;8.752552;IG
5.8270965;9.204382;IG
7.418704;8.944253;IG
6.1172686;8.629885;IG
4.9707747;8.86902;IG
7.0821867;8.415893;IG
2.0046737;11.3468;IG
5.545741;7.9073606;IG
6.0573883;8.721316;IG
4.644099;8.705573;IG
7.817034;8.587728;IG
5.4022374;9.045358;IG
6.176888;8.669322;IG
7.8756638;8.783269;IG
6.651022;8.506303;IG
8.315165;8.580316;IG
6.4627733;8.171901;IG
7.8230076;8.887479;IG
1.2834834;10.241427;IG
5.3595057;7.519254;IG
7.6433444;8.249747;IG
5.465071;9.321252;IG
7.8798127;8.520887;IG
3.7180495;10.353936;IG
5.672326;9.477089;IG
6.173751;9.443155;IG
4.995514;7.8131356;IG
7.0465584;7.951506;IG
8.059266;9.050481;IG
-2.242275;18.935925;IG
6.5922465;9.127924;IG
4.949488;8.334614;IG
6.883316;8.851922;IG
7.9649916;7.926943;IG
-2.4701543;19.144709;IG
6.7635083;7.987575;IG
7.233759;7.5299892;IG
7.4999537;-5.252409;IG
-2.3880076;18.945126;IG
6.40404;7.292513;IG
5.5144696;8.113571;IG
7.330259;8.227977;IG
5.3832197;8.7712555;IG
5.640155;9.200797;IG
7.083401;8.292822;IG
4.8150167;9.698176;IG
5.7661314;8.198675;IG
7.384556;8.947357;IG
5.8986416;9.338027;IG
-2.166614;18.86474;IG
6.5325155;9.183405;IG
6.9189186;7.511789;IG
7.754857;7.9671097;IG
6.207959;9.128238;IG
8.686941;8.915328;IG
7.2004576;8.52386;IG
8.1432;8.135277;IG
6.743031;8.5067005;IG
6.138642;7.7609434;IG
6.5904136;8.843864;IG
-2.5093079;19.14254;IG
7.401533;8.501736;IG
7.0238724;8.405752;IG
6.382848;7.1340623;IG
5.7266154;8.736151;IG
5.538815;8.654269;IG
7.3864536;8.839054;IG
5.8135;8.475055;IG
6.894206;9.647655;IG
8.075975;8.889561;IG
5.1909695;8.919108;IG
7.805378;8.51234;IG
6.4726496;7.9793253;IG
8.243021;8.790876;IG
5.713008;9.07428;IG
-2.3394623;19.097687;IG
5.794371;8.263372;IG
6.930975;8.403004;IG
7.918758;8.621653;IG
4.5782943;8.066366;IG
5.2008834;9.251994;IG
5.470899;7.8151307;IG
7.759674;7.832153;IG
7.3268967;9.265496;IG
4.3626137;8.826527;IG
6.972058;8.591894;IG
5.8637714;8.40471;IG
5.6914845;8.385012;IG
6.760727;9.057466;IG
6.322408;9.154811;IG
-2.0618458;18.80407;IG
7.2945466;8.468764;IG
-2.4263268;18.802584;IG
8.39477;8.97082;IG
-2.6031933;18.684927;IG
5.199052;6.2543616;IG
5.6025743;8.330523;IG
8.2380295;8.82949;IG
7.4794;7.4584894;IG
6.2375994;8.640046;IG
-2.2845194;18.938787;IG
6.6977634;8.215926;IG
-2.526641;19.184456;IG
6.82095;9.124778;IG
7.274804;7.5552564;IG
5.8778915;8.696613;IG
7.27854;8.279438;IG
4.689614;8.236853;IG
5.978705;8.907414;IG
4.8861637;8.664127;IG
5.8144994;7.254041;IG
5.6044197;9.367096;IG
6.969028;8.809247;IG
5.1378655;8.920778;IG
6.849761;9.142377;IG
8.670787;9.087498;IG
7.03951;8.563529;IG
5.558059;8.824884;IG
7.181128;8.534857;IG
-2.5973191;18.838415;IG
7.5443816;8.881105;IG
7.920169;8.676039;IG
6.108568;9.156522;IG
8.395543;8.715209;IG
7.04543;8.332608;IG
-2.3142068;19.08203;IG
5.4169393;8.125812;IG
3.4658487;10.091067;IG
6.5350084;8.715572;IG
5.621369;7.085198;IG
2.55654;10.176475;IG
4.6580024;8.721215;IG
4.9711256;9.024193;IG
8.14703;8.97031;IG
4.7483816;7.791341;IG
6.084351;9.412096;IG
8.617716;9.546294;IG
7.1828213;8.905941;IG
5.879842;9.217701;IG
4.5230727;9.218933;IG
6.4493494;7.865155;IG
-2.7008166;18.627846;IG
7.614669;8.5701275;IG
6.611392;7.873513;IG
6.446033;8.213706;IG
5.154263;9.062327;IG
6.0551076;8.556015;IG
4.910547;8.185188;IG
4.515768;8.544969;IG
8.648676;8.869622;IG
6.836832;8.606909;IG
-2.5288153;18.751955;IG
6.919881;8.538458;IG
7.3848505;9.327431;IG
7.4271793;8.972946;IG
6.0099263;9.049527;IG
8.120893;8.952893;IG
5.417801;8.602017;IG
5.325835;5.960862;IG
5.620531;9.214434;IG
4.578074;9.124732;IG
5.794557;9.168724;IG
5.8349485;7.2403126;IG
7.7371325;8.754507;IG
5.313913;8.161;IG
5.41054;8.798331;IG
5.8344917;8.924279;IG
6.7790565;7.5787005;IG
5.920621;8.481264;IG
6.167254;8.669378;IG
-2.502015;19.14815;IG
4.0272894;9.8382435;IG
5.9288936;8.654356;IG
5.30046;9.135656;IG
4.285571;8.754292;IG
1.0456425;10.516236;IG
8.098965;8.2659445;IG
4.613478;10.84289;IG
8.088059;8.07111;IG
4.6600127;9.272992;IG
5.092623;8.905207;IG
5.5351152;8.611756;IG
5.6549397;8.371967;IG
5.742558;8.17736;IG
6.8563147;8.923691;IG
6.750371;8.912762;IG
8.183963;8.396421;IG
7.8466487;8.0793705;IG
4.77373;9.2753;IG
-2.1326113;19.006931;IG
7.7756677;8.643992;IG
6.6322365;8.462691;IG
7.856388;8.094726;IG
7.298457;7.8466287;IG
4.581684;8.832942;IG
5.9374723;8.291701;IG
7.1484017;9.241853;IG
7.568013;9.038357;IG
6.1838975;7.409783;IG
7.362404;8.03092;IG
4.939101;13.128853;IG
-2.173582;18.958096;IG
7.9158897;9.038831;IG
7.3479924;8.42692;IG
6.3948474;8.918692;IG
4.474074;8.573416;IG
4.973419;8.670181;IG
5.34276;5.9658136;IG
6.4005594;9.081038;IG
6.5548234;8.01262;IG
-2.2304153;18.898218;IG
7.514361;8.700911;IG
4.466;8.735406;IG
5.1023664;9.101876;IG
8.597237;8.790688;IG
4.9251885;9.556362;IG
12.015486;6.913608;IG
5.1041865;8.411426;IG
5.0150046;9.0667925;IG
-2.2440922;19.124174;IG
7.447759;7.8734775;IG
4.981355;6.476671;IG
7.789587;8.136261;IG
5.5468364;9.353726;IG
7.455087;7.8861403;IG
8.167918;9.44307;IG
7.640848;8.350453;IG
6.611238;7.307132;IG
7.887133;7.884475;IG
-2.142259;19.098553;IG
5.880441;8.008987;IG
6.1528635;8.762942;IG
7.3780675;7.4762177;IG
8.464512;8.796335;IG
7.337719;8.006535;IG
4.362022;8.477726;IG
7.258907;8.248571;IG
-2.11524;19.024837;IG
4.9999485;7.8962812;IG
5.2515907;8.197127;IG
4.079621;9.896367;IG
5.179017;8.7761755;IG
6.354392;7.1998053;IG
7.703467;9.187959;IG
5.7372766;7.9653826;IG
5.438412;8.764699;IG
5.17458;8.5214615;IG
6.866052;9.297417;IG
4.38141;10.841736;IG
7.488111;8.775553;IG
8.593464;9.040674;IG
-2.219965;18.711918;IG
6.119055;9.006572;IG
6.258788;7.6861563;IG
6.3160944;8.9958;IG
4.4071684;9.723888;IG
5.7107873;9.122267;IG
-2.4502008;19.122559;IG
5.4364157;7.5254254;IG
5.0519648;8.451575;IG
6.997498;8.233268;IG
-5.4863563;3.561621;IG
5.3225317;9.584813;IG
5.099856;9.19322;IG
5.3689995;9.457694;IG
8.006741;9.1350765;IG
5.9646273;9.075391;IG
4.781688;9.233428;IG
6.9643054;7.63458;IG
-2.255714;19.003517;IG
5.1636;8.462357;IG
6.5814776;8.898082;IG
7.160236;8.340071;IG
5.440828;8.913005;IG
5.874866;9.47918;IG
7.826822;7.951608;IG
6.1922793;8.426458;IG
6.759056;9.221418;IG
8.318389;8.694228;IG
-2.2579896;18.814201;IG
4.9909396;8.822129;IG
5.8114147;9.363021;IG
7.566528;8.757906;IG
5.592971;8.594946;IG
7.2310023;9.063161;IG
7.8744497;8.653863;IG
6.389235;9.010067;IG
8.623899;8.782615;IG
4.3737;11.393871;IG
5.8933535;8.618369;IG
4.0592566;9.629012;IG
4.8920217;9.158444;IG
7.4712067;8.502302;IG
2.586514;10.170916;IG
5.620728;7.565857;IG
-2.5441768;19.188128;IG
5.952946;7.43761;IG
7.3305135;7.7429132;IG
5.8922586;8.754999;IG
6.455084;8.123259;IG
7.4541273;8.974259;IG
7.4708104;7.9295783;IG
4.2920527;8.722901;IG
7.467753;9.257975;IG
7.2546787;7.649614;IG
-2.158531;18.873951;IG
5.823732;9.125487;IG
5.721859;8.686478;IG
2.1135235;10.95129;IG
5.6391406;9.1021185;IG
5.09404;8.236656;IG
8.543468;9.145661;IG
5.8531837;8.000408;IG
6.9952073;8.607158;IG
6.988404;9.411726;IG
7.5270824;9.33189;IG
8.154012;8.392417;IG
4.41136;8.559199;IG
6.267849;8.027295;IG
5.6491194;9.033182;IG
6.6038537;8.438209;IG
6.9628496;8.402752;IG
7.57771;7.8999715;IG
6.7366753;8.900463;IG
2.5200045;10.381493;IG
6.2271442;8.985925;IG
6.8819256;8.083345;IG
5.229595;7.6830626;IG
5.4937153;8.498932;IG
7.6711903;8.864642;IG
5.15452;9.246038;IG
4.1656466;10.773166;IG
6.79658;9.09464;IG
5.4969225;9.512179;IG
7.4481792;8.639304;IG
5.6347017;7.7245097;IG
6.7119966;8.7431345;IG
6.7729945;8.0677595;IG
6.817781;8.274897;IG
5.038625;8.42373;IG
6.778906;7.6463957;IG
4.8675604;8.789189;IG
7.1974473;7.99179;IG
7.000713;8.5332155;IG
5.8394904;7.915366;IG
6.5835257;8.041668;IG
6.9513836;7.9984665;IG
4.8335423;7.5838604;IG
7.048172;7.9996142;IG
6.2990956;8.677949;IG
5.4440646;9.098289;IG
5.362509;9.633104;IG
7.4358535;8.369447;IG
4.882167;9.28951;IG
7.279281;7.4774156;IG
-2.2441666;18.945501;IG
-2.1957083;18.897043;IG
5.8476667;8.02656;IG
5.339143;8.116426;IG
7.7963667;8.752191;IG
4.7981367;7.8984404;IG
-2.2130785;18.835796;IG
4.786647;8.219906;IG
7.521302;8.64855;IG
7.377278;8.598992;IG
-2.3953795;19.15099;IG
5.8367157;8.949521;IG
5.7966323;7.865435;IG
7.4557424;7.621504;IG
6.609808;9.009663;IG
4.8299932;8.827405;IG
6.568256;8.264523;IG
6.498249;8.246493;IG
5.6417475;7.2983713;IG
7.4705434;7.47746;IG
6.0445104;8.062098;IG
7.234623;9.287951;IG
6.2131643;7.928489;IG
4.8744435;6.1767783;IG
7.0871105;8.354008;IG
4.8767443;8.227749;IG
4.9110365;9.168903;IG
6.478496;9.070592;IG
7.5034037;7.491701;IG
5.7583547;8.492147;IG
6.059863;8.488377;IG
6.466878;8.256443;IG
6.6343484;9.10323;IG
5.16287;9.317401;IG
6.576663;8.111525;IG
8.559357;8.996608;IG
5.6208024;6.4196825;IG
5.368314;9.252194;IG
7.0771413;8.915857;IG
6.8636856;9.402154;IG
5.915333;8.571366;IG
6.358829;8.28551;IG
-2.7506201;18.62446;IG
6.91708;7.875927;IG
7.4868035;8.28187;IG
4.4574285;10.680561;IG
5.751049;7.233646;IG
7.474921;7.8363786;IG
7.1690755;9.447231;IG
4.518708;9.087561;IG
6.675696;9.184156;IG
5.587433;9.438408;IG
6.036967;9.299934;IG
5.113663;7.6993246;IG
7.07947;8.960451;IG
7.456393;6.8132267;IG
5.9133058;6.695766;IG
-2.2386594;19.013062;IG
4.558439;11.009989;IG
6.679047;9.046694;IG
5.549363;8.0778885;IG
6.9438252;9.003998;IG
7.592023;8.762965;IG
5.316959;9.508995;IG
6.646268;8.40735;IG
5.6430655;9.075043;IG
-2.2484705;19.161295;IG
7.9562645;9.00499;IG
7.270964;8.809478;IG
6.078791;8.628487;IG
6.980685;9.209733;IG
2.4475129;11.542064;IG
4.817626;9.199577;IG
5.4520354;8.406629;IG
5.447962;9.084367;IG
7.802547;8.570979;IG
7.314714;8.3201475;IG
6.6828527;7.9780936;IG
6.575695;9.27185;IG
7.2462974;8.383789;IG
5.198134;8.46017;IG
5.8426666;8.569155;IG
4.799151;7.7082653;IG
6.268904;8.737749;IG
8.237393;8.938564;IG
4.958044;8.893554;IG
4.2720437;9.801729;IG
7.8612695;8.908704;IG
-2.4227214;19.043076;IG
4.217035;9.479652;IG
-2.1345804;19.024096;IG
5.430491;7.3357487;IG
6.4936714;8.46617;IG
5.2669907;7.6783423;IG
6.8832707;8.807879;IG
4.3597884;9.004636;IG
8.1230955;8.358404;IG
7.848066;9.800274;IG
4.715729;7.9804435;IG
7.607612;8.065518;IG
6.449219;8.28369;IG
5.0870943;9.255758;IG
5.392703;9.293168;IG
6.5724916;9.074037;IG
8.572336;8.813106;IG
8.101251;8.555403;IG
4.9699755;10.301921;IG
5.41384;7.047883;IG
5.889552;7.3393354;IG
5.621702;9.31097;IG
7.392144;9.419069;IG
6.279282;7.9379606;IG
7.6786776;7.7580733;IG
4.818452;9.276113;IG
5.5701995;8.491056;IG
7.71466;8.914354;IG
7.482388;8.433803;IG
1.8981503;9.995906;IG
6.7955627;7.7943487;IG
6.9886613;7.8087544;IG
7.241359;8.713832;IG
7.451325;8.56028;IG
-2.1346948;18.988907;IG
5.36501;8.725942;IG
-2.2762213;18.808187;IG
6.6759844;8.895956;IG
5.9415965;8.252228;IG
5.8130727;7.096722;IG
7.3980503;7.9195104;IG
5.1616044;8.641955;IG
5.7486415;6.467809;IG
8.031125;7.977744;IG
5.1683826;9.154619;IG
7.5423536;7.9215508;IG
6.905271;8.104826;IG
5.0988874;8.998677;IG
-2.3719656;18.997967;IG
5.697983;7.9010644;IG
7.096465;7.9023848;IG
4.305038;10.907882;IG
7.4227734;8.245725;IG
5.641489;8.220422;IG
8.027557;9.1456785;IG
6.862167;8.804011;IG
7.6862135;8.438899;IG
6.879767;7.585162;IG
6.8656106;8.317708;IG
7.9599385;8.543162;IG
5.2279787;6.275853;IG
8.025866;7.909141;IG
6.7466245;8.063874;IG
6.952139;8.711225;IG
5.4769287;8.753662;IG
7.2633295;8.695402;IG
6.267926;8.824975;IG
6.9873013;8.513697;IG
1.5522256;11.401596;IG
6.039604;8.609083;IG
-2.3992412;18.793484;IG
7.8584414;9.3500805;IG
7.1405134;8.256106;IG
5.992059;8.94474;IG
8.087958;9.075936;IG
6.993106;8.1374035;IG
7.4316573;8.456122;IG
6.891186;9.701919;IG
6.2008333;8.642405;IG
5.567565;7.017839;IG
7.3803973;7.9565067;IG
6.626967;8.2860155;IG
4.8707414;8.714125;IG
6.683317;7.9360604;IG
4.3764915;8.336189;IG
7.4790316;8.573619;IG
5.531609;8.058137;IG
6.6763787;8.337765;IG
6.7649117;8.126553;IG
6.871666;8.57249;IG
5.941266;7.600167;IG
7.030692;7.4058576;IG
8.186475;8.7383375;IG
7.438837;7.7300305;IG
5.847373;9.368189;IG
5.184985;8.116479;IG
7.197621;9.237668;IG
8.079104;8.551611;IG
8.408599;8.667737;IG
7.418194;7.7348967;IG
5.0854893;8.448681;IG
5.171408;7.620571;IG
5.21348;9.031294;IG
3.4028814;10.780489;IG
6.611792;7.298603;IG
7.3206577;7.897668;IG
8.449297;8.784756;IG
6.952539;7.563486;IG
6.986185;7.8165083;IG
6.190738;8.5961685;IG
7.7544246;8.364451;IG
4.528712;8.232234;IG
7.7616186;8.094769;IG
6.3103456;8.994617;IG
7.4579763;8.759198;IG
4.224005;8.377376;IG
9.467475;9.418613;IG
5.5049386;7.1400766;IG
-2.1099823;19.101686;IG
6.3986197;9.208965;IG
6.324438;8.503649;IG
5.6326942;8.175746;IG
7.0637393;8.933545;IG
-2.2698276;19.016487;IG
6.786292;8.01041;IG
5.7851095;7.9810357;IG
6.784708;9.267702;IG
5.174312;8.789288;IG
-2.5250795;19.145287;IG
5.206914;7.9777393;IG
5.109756;8.678276;IG
8.306027;9.277936;IG
7.2194943;8.5381775;IG
6.9800463;7.816202;IG
6.8369174;7.9929304;IG
7.5362372;8.688451;IG
7.125206;7.5070844;IG
7.328608;8.8916025;IG
4.826616;9.526331;IG
5.629497;8.091482;IG
-2.1097946;18.987377;IG
5.8070955;7.0570927;IG
7.9819746;8.222515;IG
5.2237782;9.028415;IG
7.3949866;8.461768;IG
5.752419;9.342503;IG
7.2257876;9.060417;IG
-5.48967;3.562412;IG
4.311676;9.378912;IG
7.9619102;8.347562;IG
6.205995;8.701105;IG
6.531247;8.754658;IG
4.980598;6.386144;IG
8.117177;9.295001;IG
7.339168;7.768237;IG
7.958663;8.456909;IG
4.865211;8.374889;IG
6.229169;9.183299;IG
7.6386247;8.532112;IG
5.0393853;8.504962;IG
6.84207;7.865306;IG
5.749267;8.9180765;IG
5.2018666;7.922427;IG
6.54387;8.064466;IG
4.5656548;8.868203;IG
5.934853;8.258989;IG
8.275341;8.503648;IG
5.412965;8.674761;IG
5.5440073;8.000596;IG
5.400923;7.9492292;IG
4.4576464;8.1843;IG
4.39668;8.485214;IG
4.2330055;8.562746;IG
5.3771973;8.289683;IG
4.732955;9.287075;IG
8.269442;9.081335;IG
4.9412956;7.332218;IG
7.727291;8.030439;IG
6.0321827;9.164119;IG
5.660329;8.442523;IG
7.085787;7.9156675;IG
7.0025673;8.86633;IG
7.293534;8.440887;IG
5.897223;9.076527;IG
5.0440116;8.942583;IG
5.2751803;6.6538043;IG
6.6623745;7.1661396;IG
6.6328287;8.688473;IG
6.5918403;7.468301;IG
7.374697;7.949857;IG
4.277558;8.353789;IG
-2.2179234;18.843767;IG
5.1224885;6.0755544;IG
5.225309;8.972578;IG
5.0503287;8.177545;IG
6.602376;8.864132;IG
8.473547;8.784881;IG
5.9399085;9.351546;IG
7.1825805;8.654058;IG
7.6001215;8.106761;IG
5.333749;8.774561;IG
5.2133465;7.306659;IG
7.504203;9.499321;IG
4.2371287;9.899012;IG
6.89927;8.454367;IG
6.990254;8.330114;IG
7.1653547;9.143278;IG
6.4368525;8.983695;IG
7.2590346;9.29856;IG
6.216185;9.197639;IG
5.9542785;8.4519;IG
6.97008;9.027535;IG
6.905378;8.601152;IG
5.0098047;9.004185;IG
4.4291534;10.889982;IG
5.702999;7.0703077;IG
5.2189407;8.9938345;IG
7.019805;7.8880386;IG
8.293687;9.125984;IG
7.4279904;8.927566;IG
7.1001596;8.192785;IG
8.248355;9.296078;IG
6.6408796;8.601036;IG
6.819892;9.16137;IG
6.0524683;9.395285;IG
6.958781;7.7099566;IG
7.434404;8.463454;IG
4.854889;10.424727;IG
8.296248;9.0796175;IG
7.539794;8.033764;IG
7.381913;8.624501;IG
9.213842;9.897033;IG
7.245684;8.143021;IG
4.4006486;8.623251;IG
4.67267;8.505477;IG
8.016261;7.951539;IG
7.5066156;8.91784;IG
8.273529;8.985004;IG
6.895191;8.514546;IG
7.6633463;8.133145;IG
6.583895;8.452964;IG
6.6188655;8.730049;IG
6.1338773;9.128773;IG
-2.3371599;19.044495;IG
7.8138046;7.8664827;IG
8.689159;8.742681;IG
7.6047473;8.990984;IG
7.7014365;8.815792;IG
6.1529922;8.38071;IG
6.0400295;8.646312;IG
7.0373335;9.074424;IG
8.316187;8.879935;IG
8.120602;9.070889;IG
6.936148;7.5121303;IG
5.543914;6.9570594;IG
6.1510663;7.8114624;IG
7.7159743;9.25063;IG
7.2176085;8.615817;IG
7.3190727;7.891783;IG
5.7713976;9.010066;IG
7.657469;8.843509;IG
5.080554;8.12664;IG
5.664967;7.469732;IG
6.9670324;8.040212;IG
-2.2798796;18.866453;IG
5.599328;8.082575;IG
5.8835807;8.973544;IG
6.6652584;8.248903;IG
7.134481;9.125082;IG
5.527728;8.968002;IG
5.8313026;8.453172;IG
6.7234516;9.176206;IG
7.655801;8.773743;IG
-2.2920961;19.063578;IG
7.544119;8.113096;IG
6.9368567;8.612585;IG
7.2656794;7.823459;IG
6.070998;7.0612235;IG
7.3392725;9.246595;IG
6.3857417;9.391325;IG
7.569079;9.109307;IG
6.151931;7.9582663;IG
7.6326556;8.966584;IG
5.384498;8.038943;IG
4.111543;11.845754;IG
6.2189584;8.571692;IG
7.7873178;8.407023;IG
5.341392;9.20352;IG
3.7698925;10.241571;IG
8.589097;9.087983;IG
5.8454633;7.2274237;IG
7.265036;8.52878;IG
5.261989;8.375983;IG
5.8879895;8.056353;IG
7.4975033;9.051514;IG
7.128406;9.539485;IG
4.6115484;9.206423;IG
7.6536236;8.00623;IG
8.290122;8.775627;IG
4.213001;10.665483;IG
5.543762;8.271016;IG
6.1791344;8.493638;IG
7.4452353;8.741579;IG
5.733211;9.316105;IG
4.8234982;10.56747;IG
7.458258;7.9793625;IG
7.9582477;9.6241045;IG
5.026782;8.377828;IG
3.9543939;9.648155;IG
5.341466;8.164863;IG
6.6209917;8.76483;IG
7.7823296;8.872564;IG
7.5632715;8.264068;IG
7.0068593;8.314472;IG
6.6425447;8.181854;IG
5.184137;8.730742;IG
7.9976807;8.1708145;IG
6.8500104;7.736366;IG
-2.4221418;18.805223;IG
5.526015;9.103283;IG
7.0477843;7.3606663;IG
6.680002;8.130631;IG
7.115644;8.303649;IG
6.9032784;7.9994936;IG
4.5644946;8.938844;IG
7.753626;8.011414;IG
8.675231;8.83529;IG
-2.26558;18.820658;IG
7.6576138;8.457086;IG
4.759853;8.994847;IG
6.5846686;8.645802;IG
8.0728245;9.351646;IG
6.754109;7.322106;IG
4.7992897;8.699958;IG
7.0605097;8.35006;IG
6.59801;7.2491693;IG
5.4509296;5.7715583;IG
6.3029685;9.020027;IG
8.486816;8.500167;IG
6.2853174;8.617013;IG
6.382483;8.507363;IG
6.481572;7.879735;IG
6.685561;8.5070715;IG
7.43175;7.9259834;IG
4.751213;9.239948;IG
7.378201;9.195774;IG
7.306454;8.238554;IG
5.5126576;7.6923447;IG
6.2756753;8.750348;IG
5.011706;8.795962;IG
7.7446375;7.916211;IG
5.3292065;9.003686;IG
7.3186564;8.844817;IG
7.3780193;9.000382;IG
4.565275;9.053993;IG
-2.1785862;18.94376;IG
5.0303082;9.257553;IG
8.184997;8.489684;IG
7.0315223;9.26447;IG
6.8579597;8.648509;IG
5.161507;8.713746;IG
7.715445;8.52403;IG
4.7432103;8.605787;IG
8.104917;9.155762;IG
5.5673056;8.858671;IG
7.3039675;7.429385;IG
5.9695177;8.470016;IG
7.233523;7.817496;IG
4.1436615;8.688649;IG
4.492774;9.025398;IG
5.1950297;9.361126;IG
5.0561695;8.775234;IG
4.462672;9.0343075;IG
6.0672474;9.184562;IG
5.815974;9.140395;IG
4.9149275;8.079833;IG
5.74775;7.4899235;IG
6.5549154;9.214378;IG
5.158446;9.355676;IG
5.347846;9.547358;IG
5.9370995;8.06335;IG
6.8894086;8.746878;IG
5.178258;8.859203;IG
6.6544538;9.220829;IG
6.301442;8.7409525;IG
8.069709;8.445791;IG
5.2138023;8.372416;IG
6.0236616;8.118407;IG
5.1249065;8.363824;IG
-2.526167;19.187342;IG
5.0591245;7.313954;IG
6.88516;8.255313;IG
8.330094;8.857182;IG
6.513621;8.508101;IG
5.7806673;7.5544667;IG
5.4396443;9.0039015;IG
4.9667416;8.287553;IG
5.5366025;8.581161;IG
7.441038;8.057584;IG
5.080276;9.619951;IG
8.095955;9.010095;IG
8.144399;9.061619;IG
4.4661636;8.214477;IG
7.660871;7.9512987;IG
7.4392514;8.835508;IG
7.237783;8.667146;IG
5.936617;9.300114;IG
6.7690763;7.996601;IG
6.1864777;9.44519;IG
-2.3857641;18.91634;IG
7.41889;8.138914;IG
8.221919;8.918191;IG
5.0167036;7.9094763;IG
6.5166016;9.189988;IG
7.3723593;9.18929;IG
6.792157;7.9485397;IG
-2.1948383;18.939713;IG
5.208998;6.849959;IG
7.011818;8.253133;IG
7.128047;8.881577;IG
7.351392;8.097347;IG
7.0322556;8.179124;IG
5.9302044;7.3934402;IG
7.8259435;8.20336;IG
8.2711;8.399834;IG
7.5124493;8.564948;IG
7.504634;8.114492;IG
5.8156343;8.514999;IG
6.3266273;8.890791;IG
7.80774;8.660573;IG
-2.1564271;18.975496;IG
7.1007457;8.595967;IG
5.145263;9.219934;IG
7.918501;8.103766;IG
6.7214713;8.28633;IG
4.7506785;5.853207;IG
4.9233913;9.339932;IG
5.1283236;9.281581;IG
5.8719516;8.604889;IG
8.021894;8.927939;IG
8.187021;8.634058;IG
5.174183;8.371861;IG
4.3454185;10.652855;IG
6.7662964;7.504901;IG
5.7965345;8.949993;IG
7.1459575;7.74722;IG
5.277522;7.275643;IG
7.732509;8.117161;IG
8.323159;8.913813;IG
6.692793;9.16361;IG
7.2279696;8.070672;IG
6.9364038;7.509706;IG
6.6866097;9.1449175;IG
5.6465573;8.898087;IG
7.5002003;9.219776;IG
6.0124755;8.073162;IG
7.316933;7.0062437;IG
5.739321;9.356414;IG
6.957756;8.44738;IG
6.5351734;8.937801;IG
5.7968693;8.3027725;IG
8.503189;8.499488;IG
6.403819;8.525257;IG
7.317167;7.820497;IG
7.351853;8.969885;IG
6.8304825;9.10376;IG
4.780197;7.791734;IG
6.6930594;7.9288516;IG
8.38528;8.696918;IG
6.893706;7.8123665;IG
7.0922685;7.6925364;IG
7.4224806;9.07772;IG
6.717349;8.97809;IG
5.666912;9.212553;IG
4.0179505;9.767141;IG
6.8098197;7.3103952;IG
7.1552253;8.409793;IG
-2.5664518;19.069944;IG
7.8030005;8.312709;IG
6.3850846;9.35224;IG
7.135854;8.7499275;IG
-2.1893704;18.994648;IG
7.582883;8.1860485;IG
1.5444983;10.179752;IG
5.448651;9.11867;IG
7.7095485;7.892871;IG
5.0777154;8.53159;IG
5.922252;9.243216;IG
6.3680563;7.8207636;IG
7.41684;7.999993;IG
5.095657;9.301355;IG
7.9426994;8.081376;IG
4.9726853;9.483329;IG
7.9649386;8.158154;IG
5.749576;8.210804;IG
5.627337;8.714709;IG
5.1703596;8.763982;IG
6.318284;8.600428;IG
8.965556;8.448928;IG
5.368797;9.415081;IG
7.227018;8.12822;IG
5.1540766;8.059799;IG
6.1984;8.646454;IG
5.746702;7.160051;IG
4.8925953;8.707136;IG
4.065415;10.288114;IG
6.091543;9.288137;IG
7.141808;8.515419;IG
7.868876;8.577726;IG
5.1353874;9.047151;IG
4.8960085;7.3163548;IG
6.544084;9.001935;IG
4.741542;8.64201;IG
6.4137826;8.999062;IG
6.8583117;8.056933;IG
6.7640004;8.154662;IG
6.5899925;8.538822;IG
8.070202;9.522268;IG
5.7619224;8.030078;IG
7.019236;8.855504;IG
6.8128333;8.741752;IG
5.6131105;8.386527;IG
8.077218;8.60905;IG
7.1241174;7.542675;IG
5.3988366;9.033492;IG
5.6651006;6.5372286;IG
5.8676534;9.082772;IG
6.90544;7.6528854;IG
5.777128;8.2136755;IG
-2.3885174;19.125128;IG
5.53353;8.893018;IG
5.6558867;8.6499815;IG
6.06988;8.72531;IG
4.5319304;9.568471;IG
7.860218;8.049388;IG
7.3768125;8.053001;IG
6.763599;8.4925;IG
7.4041867;7.5274816;IG
6.1094785;8.005949;IG
6.3389378;8.709328;IG
5.9821157;9.271186;IG
8.433105;8.955676;IG
5.1964054;6.1986103;IG
6.2553134;9.00745;IG
6.5758395;7.359015;IG
8.703969;5.379413;IG
7.0690246;8.198479;IG
4.7050424;9.104028;IG
7.1699452;9.133591;IG
8.389154;8.778745;IG
4.994244;9.690854;IG
5.64788;8.201122;IG
5.6070004;9.139787;IG
4.1060257;10.300472;IG
7.728018;7.9490805;IG
5.742567;8.218196;IG
7.8411803;8.462357;IG
7.126773;8.704905;IG
6.627559;8.8597145;IG
5.48347;8.626753;IG
5.8843217;8.398668;IG
5.193222;8.70559;IG
7.4545856;7.6982384;IG
8.032037;8.906453;IG
7.327495;7.590982;IG
-2.2650394;18.895565;IG
7.5072927;8.134569;IG
-2.4511592;19.049963;IG
5.0699453;9.322133;IG
5.3228335;8.877293;IG
7.77553;8.501057;IG
-2.4011204;19.08585;IG
6.2935643;7.346879;IG
3.9947245;10.335707;IG
6.840059;8.131979;IG
6.19755;7.9149437;IG
7.938845;8.549981;IG
6.393895;8.909384;IG
7.5902543;8.779731;IG
5.4863043;9.270329;IG
-2.4608243;18.825008;IG
7.915071;9.406326;IG
6.841038;8.471258;IG
7.519069;8.354801;IG
6.5365047;8.928821;IG
6.9367957;8.088476;IG
7.786605;8.072228;IG
5.360306;8.876574;IG
6.947774;7.644691;IG
5.808294;7.3483586;IG
5.8517284;8.140073;IG
5.880359;9.094397;IG
5.798498;8.014759;IG
4.98466;9.295433;IG
-5.480643;3.559641;IG
8.078251;8.2455845;IG
6.8861575;8.609017;IG
5.8897095;8.924864;IG
6.3320446;7.944661;IG
6.8951344;8.2145405;IG
7.878115;9.286282;IG
7.926075;8.079595;IG
5.2029567;9.098077;IG
7.603917;9.18378;IG
7.659749;8.58671;IG
6.095628;8.019562;IG
5.3583717;6.0849867;IG
6.7306333;7.9559145;IG
5.1676874;9.180616;IG
5.991812;8.996605;IG
4.8326983;9.390509;IG
5.110791;9.428084;IG
6.9432006;8.253264;IG
6.901521;7.301241;IG
5.0749707;9.682412;IG
5.5372515;8.971482;IG
5.2168784;8.7235365;IG
5.2379513;9.165263;IG
7.6668124;8.082624;IG
6.907228;7.3681293;IG
5.5775366;7.6743917;IG
6.413466;8.977886;IG
7.090466;7.9585557;IG
8.04824;8.326349;IG
7.367136;8.18657;IG
6.772089;8.667704;IG
6.26892;9.028756;IG
7.108446;8.979124;IG
7.0905824;8.320736;IG
7.573815;8.49493;IG
3.0468524;10.104352;IG
7.0948496;8.538576;IG
5.919319;7.5742064;IG
8.738402;8.653094;IG
4.446315;9.565024;IG
4.9747696;8.300011;IG
6.6531014;8.519379;IG
7.645826;8.7667675;IG
6.6146207;8.7306;IG
5.500914;9.011324;IG
4.452564;8.590379;IG
4.604108;8.506173;IG
6.0231385;9.271347;IG
5.024442;8.053831;IG
7.26118;7.421553;IG
4.4379935;8.588725;IG
7.360573;9.058188;IG
7.0725026;8.277387;IG
8.049975;8.211877;IG
7.3500643;9.080644;IG
5.8922696;8.023842;IG
6.1398783;8.643477;IG
7.238573;9.236091;IG
5.374559;9.767124;IG
4.693269;9.669159;IG
7.731343;8.804949;IG
7.5986814;7.7464023;IG
-2.094233;19.04174;IG
-2.472957;19.109476;IG
6.752455;8.576535;IG
4.9073825;9.115953;IG
7.7819033;8.015899;IG
5.458737;8.7152;IG
5.5008035;8.317076;IG
6.2832336;9.34347;IG
5.550692;8.780682;IG
5.452104;8.844722;IG
7.1179805;9.168317;IG
4.583356;9.004555;IG
6.0818176;7.8703837;IG
7.5158987;7.73296;IG
6.731992;8.082686;IG
7.453629;7.958017;IG
8.128479;8.49986;IG
5.687202;8.761081;IG
-2.262697;18.767704;IG
9.080854;8.990131;IG
7.5249505;8.491561;IG
6.4933267;8.630795;IG
8.121713;8.324378;IG
4.4112267;8.2686405;IG
5.4491854;9.200158;IG
7.078817;9.518817;IG
-2.277931;18.827713;IG
7.802213;8.8968315;IG
5.6325817;7.8340807;IG
7.3725452;7.7324176;IG
4.7848954;9.56603;IG
6.338872;8.60337;IG
5.941665;9.038427;IG
7.148398;7.4758863;IG
4.908794;9.245592;IG
7.806266;8.770394;IG
6.1563616;8.882406;IG
5.4230056;8.648816;IG
5.173457;8.5638275;IG
7.83272;7.8817687;IG
9.239902;5.5935454;IG
6.9389634;9.538469;IG
5.0965133;9.185164;IG
5.0407605;9.29716;IG
5.3416467;6.1324997;IG
7.6207952;8.689116;IG
7.9579735;7.9389467;IG
5.194566;8.141297;IG
7.251215;9.376748;IG
-2.1303663;18.874802;IG
6.880842;8.443046;IG
6.8994985;9.026983;IG
4.468935;8.269187;IG
7.128528;8.825318;IG
5.791332;9.088268;IG
6.9157267;8.524017;IG
6.0060263;8.575715;IG
4.988649;9.007294;IG
6.9104095;9.284185;IG
7.1298566;8.189308;IG
6.694204;8.71735;IG
5.3760924;7.569768;IG
4.387996;8.780451;IG
5.39337;8.793054;IG
6.7446203;8.046354;IG
4.8604913;9.018991;IG
7.4404573;8.957154;IG
7.3013244;7.881344;IG
5.6898766;8.180578;IG
7.8705935;8.188963;IG
8.087996;8.04559;IG
4.9571357;8.843828;IG
5.081735;8.563159;IG
6.8438687;8.423045;IG
5.126141;9.60951;IG
4.8176827;8.962345;IG
7.1991897;7.373811;IG
8.565763;8.694014;IG
6.223343;8.662996;IG
7.4965844;7.5649986;IG
4.41176;9.720974;IG
8.292107;9.125137;IG
5.656582;8.567342;IG
5.374348;7.9280806;IG
7.172945;8.104278;IG
-2.2603886;18.869972;IG
5.579497;7.6239095;IG
5.0187545;9.147562;IG
8.067113;8.267214;IG
5.2321787;9.035354;IG
8.0901785;8.840354;IG
3.277113;11.735054;IG
2.8100882;10.325022;IG
5.1978803;6.0039015;IG
7.478327;8.701582;IG
7.310347;8.880762;IG
5.100871;9.00182;IG
5.402333;9.7908325;IG
-2.0458932;17.798689;IG
7.3156133;7.804258;IG
-2.093336;18.774548;IG
5.3710203;7.4782834;IG
6.8030634;8.197991;IG
7.677063;9.127436;IG
5.7468033;8.943591;IG
5.285367;7.932644;IG
7.255832;8.139556;IG
7.471277;9.18744;IG
4.65304;9.817594;IG
7.65765;8.271944;IG
5.5869966;7.422006;IG
5.5174174;7.7446046;IG
6.087803;8.118656;IG
6.8083105;8.774847;IG
7.384138;8.899316;IG
6.400875;8.290741;IG
5.946366;9.469854;IG
6.784846;8.649073;IG
6.301992;8.2773695;IG
7.177268;8.860753;IG
6.5659876;8.207164;IG
5.3297987;8.651463;IG
1.4521515;10.175052;IG
6.521404;7.718949;IG
5.1873055;9.071988;IG
7.616786;8.106291;IG
4.7462153;8.552393;IG
6.952989;8.273953;IG
8.1089115;9.135611;IG
7.676501;7.8216867;IG
-2.1439517;19.025618;IG
-2.1549647;18.706099;IG
8.398447;9.009059;IG
3.8467143;9.753907;IG
6.8138275;7.4520545;IG
7.0069575;7.6223497;IG
3.0595407;10.179542;IG
7.183279;7.5241117;IG
5.8300705;9.272539;IG
6.2474127;8.924413;IG
6.693258;8.482855;IG
7.351573;8.785646;IG
8.388661;8.775196;IG
8.54301;8.860885;IG
6.150246;9.394796;IG
5.1538043;8.598443;IG
5.6999927;8.865382;IG
6.2546597;9.344521;IG
7.368066;9.051965;IG
4.850525;8.159186;IG
5.97145;8.168736;IG
7.1078334;8.967678;IG
4.4990907;9.316803;IG
6.7472367;8.952023;IG
6.701888;8.909732;IG
6.369943;8.959236;IG
-2.3367453;19.021935;IG
7.341685;9.094512;IG
7.6202726;8.037415;IG
6.6865854;8.685677;IG
5.8197417;9.218397;IG
6.614539;8.268358;IG
7.854604;9.242908;IG
8.416153;8.600512;IG
8.001649;8.139371;IG
5.2841325;8.385707;IG
6.703303;8.185767;IG
6.78781;8.920008;IG
3.1429322;10.189264;IG
5.986854;9.341689;IG
5.3517056;9.133922;IG
7.3786926;7.97222;IG
1.4014081;10.340624;IG
7.8352485;7.9042945;IG
8.018881;7.974938;IG
6.4025974;8.910838;IG
7.7002554;8.811734;IG
6.590228;8.277591;IG
5.135827;6.674551;IG
5.0012445;7.874102;IG
7.811825;8.721094;IG
6.958689;7.2861247;IG
8.024383;8.209477;IG
8.085203;8.600422;IG
6.2226567;8.964886;IG
6.6800504;8.430385;IG
7.6759615;9.325606;IG
5.088075;7.3928003;IG
7.2118974;9.17972;IG
4.6540437;7.7784863;IG
5.6899657;8.190583;IG
7.1169324;8.398752;IG
4.78833;9.543742;IG
6.6587563;8.1940775;IG
7.459548;9.02303;IG
-5.484326;3.5610323;IG
5.2541175;8.993017;IG
7.086311;7.359623;IG
7.9706874;7.915219;IG
7.329295;7.5417047;IG
7.015432;9.089676;IG
5.0078173;8.953091;IG
6.1306434;7.6912656;IG
6.314692;8.355079;IG
5.7570095;9.451012;IG
6.9792857;8.842239;IG
7.365311;9.18016;IG
7.6642733;7.9506626;IG
6.4938803;8.058336;IG
7.1318464;8.598973;IG
6.4770713;8.4765;IG
6.0496016;7.3340216;IG
6.7887063;7.9704633;IG
4.437426;9.335888;IG
2.0968306;10.096903;IG
5.357444;8.061331;IG
7.056142;8.964695;IG
5.610875;8.112865;IG
6.7448;8.339328;IG
5.9221106;9.315849;IG
-2.300586;18.831463;IG
6.7800255;9.248473;IG
6.046982;8.548609;IG
5.7493367;7.5418468;IG
5.4930987;8.66877;IG
8.080113;9.122819;IG
6.8456526;8.803104;IG
6.7820663;9.04052;IG
6.942507;9.234393;IG
5.1136446;9.0276575;IG
5.7088585;9.170398;IG
5.0963564;9.06634;IG
8.639374;9.282767;IG
6.721977;8.098577;IG
5.5447774;8.345985;IG
6.516601;8.19928;IG
8.092373;8.069359;IG
7.0552163;8.834887;IG
7.7475114;7.95605;IG
5.3637314;7.989474;IG
5.800284;8.911757;IG
6.674145;7.3020716;IG
7.1200066;8.791792;IG
5.8133698;8.464542;IG
8.172773;9.346612;IG
4.9505944;8.920656;IG
-2.4422035;19.08759;IG
6.2004337;8.611839;IG
-2.5138347;18.79824;IG
4.928086;9.142982;IG
7.4151273;8.681017;IG
8.228994;8.989734;IG
7.5462713;7.9467344;IG
8.283965;9.07117;IG
6.607047;7.7110705;IG
7.2353;8.077636;IG
4.890541;8.405825;IG
5.6951604;9.334852;IG
-2.628341;18.785316;IG
8.2836895;8.787531;IG
5.4445;9.363565;IG
6.497915;8.220841;IG
-2.1626537;19.095299;IG
6.9363317;7.9591455;IG
1.3942122;10.315934;IG
8.17194;9.284753;IG
6.825472;8.693777;IG
5.469189;8.685808;IG
7.6485515;8.217816;IG
8.281813;8.510624;IG
5.3195033;7.98685;IG
6.2155976;8.42915;IG
7.3491917;8.9896755;IG
5.4079633;9.382724;IG
5.460335;9.207554;IG
6.1766295;9.061785;IG
7.851206;8.820627;IG
8.448961;8.820947;IG
7.6723075;9.05536;IG
6.7086763;7.661882;IG
5.98594;7.289055;IG
6.5587687;7.9627857;IG
6.611761;8.403147;IG
5.5707955;8.286718;IG
7.568574;9.217124;IG
5.133274;9.156631;IG
7.0322247;8.325663;IG
5.2935295;8.694989;IG
5.170307;9.7592535;IG
7.3872943;7.810348;IG
5.6734047;9.503665;IG
1.74514;10.494492;IG
7.5818076;8.487303;IG
5.1175666;8.8981;IG
8.655072;8.632493;IG
7.799506;8.05014;IG
-2.1150215;19.03933;IG
7.189258;8.824498;IG
5.5016737;8.219312;IG
4.4222803;8.314315;IG
7.3695016;8.327797;IG
8.530613;5.565804;IG
7.30355;8.456441;IG
4.876086;10.493249;IG
6.7040315;7.572346;IG
4.8980193;8.260074;IG
5.698269;9.539405;IG
5.5147595;8.901057;IG
4.711196;8.129337;IG
6.07141;8.521866;IG
6.2421455;8.791332;IG
7.0317807;8.377164;IG
6.759614;7.483178;IG
1.0791079;10.544762;IG
7.411733;7.8967485;IG
6.6986766;7.3743553;IG
5.650549;9.214173;IG
8.145983;9.010147;IG
4.9344473;9.027927;IG
8.389158;9.206301;IG
5.144396;9.225149;IG
8.796963;9.636691;IG
7.462639;8.752201;IG
7.001809;8.9573345;IG
6.9689975;7.4933553;IG
6.5979667;8.820066;IG
8.276166;8.797295;IG
7.8000793;8.090657;IG
5.8604465;9.357672;IG
6.817619;8.788306;IG
8.134292;8.934721;IG
6.5712323;8.439542;IG
7.6011143;7.8662214;IG
8.414119;8.751367;IG
4.3147144;8.425059;IG
8.380802;8.596582;IG
5.848668;8.607652;IG
4.9787226;9.114989;IG
6.255764;9.142388;IG
5.672487;8.866902;IG
5.6162677;8.538951;IG
7.160246;8.131944;IG
7.2829137;7.906874;IG
8.12436;9.070706;IG
-2.1479561;19.058836;IG
7.098281;9.064545;IG
6.934523;7.8694644;IG
7.0229244;7.970834;IG
6.008601;9.140774;IG
5.4473023;8.844542;IG
-2.2604697;18.911366;IG
7.815045;7.900672;IG
5.209495;8.6466255;IG
7.1004124;7.8702493;IG
6.057716;8.395976;IG
5.204988;9.610374;IG
5.6356344;9.065207;IG
5.292212;9.126975;IG
5.996784;9.303536;IG
5.0842285;8.5082855;IG
3.7870238;10.065566;IG
6.7420235;7.907991;IG
-2.289132;18.830824;IG
5.974328;8.092428;IG
6.487803;9.458693;IG
8.086014;8.985539;IG
7.103605;8.460109;IG
5.9815307;8.664082;IG
7.2070675;8.414034;IG
5.2919564;8.913029;IG
6.550091;8.972642;IG
7.371762;9.169949;IG
7.993523;7.8272114;IG
5.642175;8.261741;IG
7.0346413;7.569815;IG
5.6521354;8.6781435;IG
7.631816;8.976775;IG
5.732593;9.1964;IG
7.663333;9.035572;IG
5.5072274;8.638825;IG
7.1827116;8.484189;IG
4.381513;8.435772;IG
7.33701;7.5126233;IG
4.9460897;9.038464;IG
7.201182;8.33844;IG
6.8653765;9.193939;IG
7.5868907;8.775819;IG
5.089499;9.69041;IG
7.88498;8.856588;IG
5.5910754;9.336597;IG
4.843013;9.343711;IG
7.459253;8.095903;IG
6.2394953;9.055644;IG
7.913193;7.8767047;IG
6.803952;8.746604;IG
8.262797;8.985993;IG
6.3284893;7.4046874;IG
5.6984277;8.557362;IG
7.189336;8.424015;IG
7.983722;8.153208;IG
5.446075;9.155634;IG
5.50717;8.70825;IG
6.4617066;8.60732;IG
5.6449;9.1685915;IG
7.3132944;8.111259;IG
6.697574;8.554192;IG
5.6638393;8.871;IG
5.1146946;8.07572;IG
6.7094545;7.3789935;IG
5.6029153;8.566964;IG
5.693295;7.9287744;IG
3.5590403;10.512347;IG
1.2370616;10.266077;IG
6.9916105;9.071826;IG
5.32184;8.655555;IG
5.3379636;8.584418;IG
6.7193832;9.086351;IG
4.197913;9.840855;IG
4.9925604;9.201557;IG
8.3623705;8.498803;IG
7.6118784;8.002903;IG
7.4249506;7.6603928;IG
6.8003383;7.3248086;IG
5.4971995;8.545696;IG
5.458351;8.725674;IG
5.3270383;9.134217;IG
6.0550504;9.379732;IG
4.4939194;9.443198;IG
5.354014;7.469469;IG
8.830442;8.748875;IG
5.9160976;7.8123507;IG
6.4514837;8.4788475;IG
5.543143;8.585856;IG
4.8473268;8.540993;IG
5.4550343;8.675738;IG
6.7704725;7.8594;IG
6.1474466;9.436197;IG
6.3845654;9.271852;IG
7.685099;8.641205;IG
4.443188;8.327993;IG
5.2382846;8.82772;IG
7.05755;8.481801;IG
6.250553;9.057279;IG
-2.1138732;19.023228;IG
6.2403398;9.166553;IG
5.0456347;8.544616;IG
6.281277;9.158388;IG
-2.307241;19.119745;IG
5.414518;9.538369;IG
5.605392;7.5455246;IG
5.8568325;8.558908;IG
7.0752153;8.537148;IG
7.1342998;7.648209;IG
5.698094;8.385532;IG
6.871158;9.152128;IG
8.12185;8.679469;IG
4.988767;8.378787;IG
-2.2044256;19.06513;IG
7.2141323;9.20174;IG
5.714911;8.215872;IG
7.482235;9.36368;IG
5.930234;8.200393;IG
7.0443406;8.32299;IG
6.0995703;9.330381;IG
7.3093796;8.019047;IG
4.2482824;8.711854;IG
7.4989777;9.229255;IG
7.11097;7.578812;IG
-2.7121866;18.638815;IG
7.7319665;8.930388;IG
6.8458815;7.955414;IG
3.4423718;10.375643;IG
5.3717585;9.430302;IG
7.7784657;9.39936;IG
6.6022353;8.478314;IG
4.6805444;9.302289;IG
6.9762564;8.493771;IG
6.1963286;8.470038;IG
6.602271;7.4750876;IG
4.69866;9.133568;IG
7.597073;8.635689;IG
4.8212733;9.50294;IG
7.6018996;7.595775;IG
5.009189;8.970617;IG
6.8177805;8.001153;IG
5.492717;9.304381;IG
6.025147;8.792725;IG
8.1076975;8.281401;IG
7.5236034;8.737704;IG
7.5276384;8.691308;IG
5.365863;9.04156;IG
9.05002;5.8988523;IG
2.2584696;11.278376;IG
7.1750827;8.690403;IG
6.620532;8.071867;IG
-2.286587;18.77239;IG
5.2803965;8.26817;IG
5.1805515;8.951933;IG
7.248785;8.251231;IG
5.969727;8.188925;IG
7.4391336;8.700213;IG
5.3846436;7.871094;IG
-2.527342;19.156189;IG
6.1429596;9.364457;IG
7.131988;8.805703;IG
3.699586;10.4895115;IG
7.3991013;9.044864;IG
6.607199;8.022109;IG
-5.488987;3.5621624;IG
4.7078857;8.047748;IG
5.1477675;8.926052;IG
5.2456326;8.411001;IG
5.792924;9.006393;IG
5.201983;7.6973433;IG
5.070028;7.589296;IG
6.857197;8.55021;IG
5.6986527;8.717939;IG
6.400203;9.053626;IG
6.3839073;8.454081;IG
6.5721602;8.206347;IG
5.4100995;8.779747;IG
8.358006;8.859764;IG
6.031388;8.825092;IG
5.8309336;9.08823;IG
5.4879;8.067996;IG
7.4989085;8.9757805;IG
5.6749883;8.389679;IG
4.9451838;7.6714797;IG
8.028088;8.306308;IG
5.766378;8.093206;IG
5.6375017;8.812893;IG
6.3574595;9.196857;IG
5.8450465;9.030895;IG
8.273892;8.431849;IG
6.827197;9.239003;IG
5.0539927;8.383561;IG
7.8363748;8.047159;IG
6.1209826;9.218645;IG
4.899798;9.612838;IG
8.6909485;9.434596;IG
4.7249165;7.9266357;IG
-2.3541644;19.043943;IG
8.4095335;8.79457;IG
7.8541756;8.75802;IG
5.492955;8.93074;IG
-2.3024042;18.76183;IG
4.0894046;11.128661;IG
5.6407967;8.215315;IG
8.431693;8.6414585;IG
7.3520885;7.4257994;IG
5.9121356;9.236746;IG
7.4666557;8.8628235;IG
5.8064756;9.280186;IG
7.920013;8.467543;IG
5.3886;8.189754;IG
7.0121145;7.9933615;IG
-2.3945801;19.076433;IG
6.6908154;8.44913;IG
7.353934;8.918399;IG
5.092608;8.494298;IG
5.9286118;9.221645;IG
5.814448;8.648589;IG
6.9360003;7.908179;IG
4.2770042;10.006069;IG
8.317311;9.302185;IG
6.0639944;8.552071;IG
4.9724145;8.560492;IG
5.5612597;8.89583;IG
4.5941358;8.791681;IG
7.302054;8.448465;IG
6.12334;9.191762;IG
4.314705;9.795535;IG
7.6167336;8.986519;IG
4.96784;8.420108;IG
6.8957753;7.9977765;IG
7.058154;9.288224;IG
8.051246;8.331708;IG
6.7439656;8.572498;IG
5.469783;7.50173;IG
8.087435;8.030032;IG
7.8870573;8.951958;IG
4.3566184;9.094284;IG
6.0266237;9.152528;IG
5.4155555;9.281166;IG
4.4633894;8.113655;IG
8.606048;8.587245;IG
5.741973;8.648505;IG
-2.6426747;18.867985;IG
5.7216525;7.713481;IG
6.278106;9.3687;IG
5.1618676;9.0239725;IG
6.8797493;7.7689424;IG
8.69095;8.827433;IG
6.606225;7.489711;IG
7.8657284;9.103306;IG
4.3958597;8.780499;IG
7.279448;7.383934;IG
5.29203;8.097447;IG
8.003478;8.249868;IG
5.02047;8.959802;IG
5.8303294;9.231588;IG
5.59962;7.964084;IG
7.0165462;7.4036245;IG
6.9581046;8.349338;IG
7.2720594;8.31495;IG
6.9205065;8.7794695;IG
6.6884127;8.352497;IG
4.0764723;9.747496;IG
5.6949644;9.378646;IG
6.6926713;8.89862;IG
4.222446;9.077843;IG
7.682614;6.9308815;IG
7.7257524;7.873367;IG
5.5325313;7.8166733;IG
8.439743;8.644902;IG
6.797221;7.897359;IG
6.0589647;8.951963;IG
5.2612658;8.087844;IG
7.2061405;8.208036;IG
7.594041;8.041888;IG
5.404912;8.096849;IG
7.274432;7.5594773;IG
-2.312567;18.784344;IG
5.6805606;7.9366007;IG
5.588765;9.226466;IG
1.58789;11.40266;IG
6.995039;8.803649;IG
7.7899756;8.806266;IG
6.8378882;8.531016;IG
7.9695153;8.263302;IG
8.45975;8.670588;IG
8.222892;8.707141;IG
8.010388;7.9073143;IG
6.271239;7.8633356;IG
6.975887;8.267334;IG
-2.121855;19.01605;IG
4.854157;9.250573;IG
6.5895514;8.636603;IG
6.785769;8.6292305;IG
6.3483396;8.919672;IG
6.9133;8.63995;IG
8.426972;9.073636;IG
7.5164285;8.589664;IG
7.8480964;8.009413;IG
5.7962556;9.111954;IG
7.6684084;7.871095;IG
4.6975894;8.000373;IG
3.4512696;10.192552;IG
6.5153313;8.314463;IG
8.028732;8.19868;IG
7.3365717;8.86717;IG
6.3001885;8.533725;IG
4.430679;9.0467615;IG
7.9226766;8.01079;IG
5.626131;7.672416;IG
6.825755;8.303888;IG
6.9443645;8.145912;IG
7.0878277;8.260897;IG
5.458423;9.180287;IG
6.5964885;9.01149;IG
5.132607;9.362039;IG
6.423025;9.316372;IG
6.0344524;8.359955;IG
7.0276318;8.593851;IG
4.984738;9.213781;IG
7.440861;8.8695135;IG
6.000257;9.261666;IG
7.4917006;7.0487742;Monocyte
7.3954077;6.995418;Monocyte
5.9922504;7.6186113;Monocyte
4.652122;6.1522446;Monocyte
-5.489162;3.5622122;Monocyte
5.802584;6.16737;Monocyte
4.827615;5.6849275;Monocyte
6.057497;6.460999;Monocyte
6.610795;6.9052343;Monocyte
5.6251082;6.086689;Monocyte
5.161924;5.533321;Monocyte
6.4388924;6.637423;Monocyte
6.01109;6.527866;Monocyte
5.1438274;5.7002034;Monocyte
7.688496;7.268228;Monocyte
7.522051;7.074306;Monocyte
6.1551576;6.9431357;Monocyte
8.967067;8.961984;Monocyte
5.8150625;6.21039;Monocyte
5.547651;5.931662;Monocyte
4.4021716;5.9860377;Monocyte
6.4579153;7.046178;Monocyte
5.576801;6.1950054;Monocyte
5.8617926;6.2047033;Monocyte
5.553597;7.9195943;Monocyte
7.843512;6.5596175;Monocyte
6.3631425;6.531115;Monocyte
5.685166;6.2149067;Monocyte
4.610801;6.1362915;Monocyte
6.2186823;6.64636;Monocyte
5.098056;6.147815;Monocyte
6.782702;7.0768275;Monocyte
6.53113;7.006249;Monocyte
6.579954;7.0393324;Monocyte
4.742939;5.5297875;Monocyte
4.5379853;5.94096;Monocyte
5.4254074;6.0665603;Monocyte
5.815656;6.8844643;Monocyte
4.5637665;6.0653033;Monocyte
5.175181;6.686638;Monocyte
5.7801285;6.564859;Monocyte
4.8906817;7.9013596;Monocyte
6.0695853;7.0780573;Monocyte
6.0209227;6.645466;Monocyte
5.3739467;6.704021;Monocyte
4.7738533;5.57179;Monocyte
5.795164;6.6470876;Monocyte
5.3560433;6.1234245;Monocyte
6.6977415;7.148344;Monocyte
4.806932;5.772234;Monocyte
5.551009;6.411004;Monocyte
4.2553887;5.739826;Monocyte
5.342769;6.1601644;Monocyte
6.031903;7.7838955;Monocyte
5.1744533;6.853438;Monocyte
4.576424;5.5949144;Monocyte
4.5883293;5.64224;Monocyte
5.2687407;6.3955526;Monocyte
6.29452;7.230804;Monocyte
4.822699;5.683551;Monocyte
4.4752903;5.883304;Monocyte
5.0873413;6.2717257;Monocyte
7.2031727;7.119894;Monocyte
5.5543394;6.94856;Monocyte
4.99964;5.89636;Monocyte
5.296775;6.888099;Monocyte
5.925581;6.8740683;Monocyte
8.103312;8.052034;Monocyte
5.7172947;6.4377904;Monocyte
6.2277327;6.8976283;Monocyte
4.5211434;5.9202857;Monocyte
5.3012557;6.717943;Monocyte
4.46473;5.5023923;Monocyte
5.2824826;5.603379;Monocyte
5.3245907;6.221792;Monocyte
5.7119517;7.41411;Monocyte
5.2987957;6.893773;Monocyte
5.88988;6.8998523;Monocyte
6.8034487;8.309723;Monocyte
5.410517;6.1564345;Monocyte
5.8064036;6.7929997;Monocyte
4.7344494;5.5168157;Monocyte
6.7301073;6.850172;Monocyte
6.1925507;6.623933;Monocyte
8.943373;8.99675;Monocyte
7.9900475;7.1260204;Monocyte
7.1052465;6.9161854;Monocyte
6.3324566;6.5392566;Monocyte
5.360282;6.5805616;Monocyte
5.768624;6.7021375;Monocyte
6.861667;7.3098783;Monocyte
4.426051;5.896483;Monocyte
5.275986;5.592388;Monocyte
8.491761;8.1733675;Monocyte
8.647483;6.058244;Monocyte
5.0162544;6.25149;Monocyte
-2.092604;18.98631;Monocyte
5.8008704;6.7239676;Monocyte
5.557411;6.163598;Monocyte
5.321913;5.9222536;Monocyte
5.2598004;6.4276648;Monocyte
4.8922515;5.5537868;Monocyte
4.2413964;5.7252626;Monocyte
4.95005;6.0016437;Monocyte
6.171012;6.9698544;Monocyte
8.8675785;5.738366;Monocyte
5.99825;7.5297976;Monocyte
4.987175;6.4193425;Monocyte
5.573089;6.563348;Monocyte
5.451353;6.389972;Monocyte
5.6924996;6.720215;Monocyte
5.572547;5.8319125;Monocyte
7.2442784;7.3016043;Monocyte
5.6405067;6.011958;Monocyte
6.2120585;6.334332;Monocyte
4.3932977;5.744373;Monocyte
5.174749;6.2887106;Monocyte
5.9457064;6.703814;Monocyte
4.643518;5.977782;Monocyte
5.43696;6.030849;Monocyte
4.4256587;5.790473;Monocyte
5.1071286;6.7950807;Monocyte
7.311094;7.0614266;Monocyte
4.715323;6.263516;Monocyte
5.9209175;6.915037;Monocyte
6.272566;6.2987666;Monocyte
6.2936378;6.542124;Monocyte
5.2714596;6.474279;Monocyte
6.669119;7.005924;Monocyte
5.3392234;6.6656756;Monocyte
4.9433856;6.266744;Monocyte
4.753954;6.0029674;Monocyte
8.899551;8.508599;Monocyte
4.9430947;5.850957;Monocyte
6.964476;6.8897667;Monocyte
5.5551877;6.434911;Monocyte
6.2796664;6.9116178;Monocyte
7.4404845;7.063991;Monocyte
-2.4004486;19.055395;Monocyte
4.41294;5.8377213;Monocyte
4.6305676;6.0226455;Monocyte
6.760477;6.886868;Monocyte
6.6714144;6.9140086;Monocyte
5.476567;6.155603;Monocyte
6.3100085;6.4266334;Monocyte
4.8015323;5.5855494;Monocyte
6.3413477;6.562166;Monocyte
5.1072226;6.5090127;Monocyte
6.96349;6.9273305;Monocyte
4.849047;5.615166;Monocyte
7.2772236;7.010339;Monocyte
5.233074;6.1316915;Monocyte
5.748206;7.1688337;Monocyte
6.177682;7.036123;Monocyte
6.720158;6.8720427;Monocyte
4.8144927;6.2953343;Monocyte
7.636234;7.106587;Monocyte
5.8009458;6.249445;Monocyte
7.5483046;7.1307635;Monocyte
4.733524;6.2595887;Monocyte
5.756639;6.5688677;Monocyte
5.5649757;6.469406;Monocyte
5.586306;7.2007866;Monocyte
6.418831;6.876575;Monocyte
5.7873335;6.6369023;Monocyte
6.068009;6.9827037;Monocyte
5.008016;5.9928565;Monocyte
5.64351;6.4812975;Monocyte
5.39339;6.601785;Monocyte
6.7175984;7.093862;Monocyte
4.9783406;6.135517;Monocyte
5.0411716;5.799833;Monocyte
4.9820967;6.375081;Monocyte
6.1427608;7.298389;Monocyte
4.6885877;6.151865;Monocyte
5.4254613;6.0331492;Monocyte
5.684909;7.057153;Monocyte
6.1356373;7.202901;Monocyte
4.4297004;5.833269;Monocyte
-2.6842482;18.674015;Monocyte
4.821906;5.646267;Monocyte
5.936214;6.6141214;Monocyte
8.560537;6.189755;Monocyte
7.758921;7.34003;Monocyte
4.5909157;5.4364276;Monocyte
7.979849;6.4651275;Monocyte
4.78058;5.959866;Monocyte
7.305756;7.0007157;Monocyte
4.719887;5.542832;Monocyte
5.655171;6.3705397;Monocyte
5.5212727;5.94091;Monocyte
5.52077;6.458045;Monocyte
6.8883605;6.9899487;Monocyte
6.353828;6.8458123;Monocyte
5.6594734;6.2895617;Monocyte
-2.6059945;18.713839;Monocyte
4.2313576;5.786025;Monocyte
6.4449;6.7478943;Monocyte
7.120706;7.779679;Monocyte
5.5585785;6.352484;Monocyte
5.5327992;6.319504;Monocyte
4.693245;6.417195;Monocyte
4.601299;5.5689726;Monocyte
6.082263;6.4944224;Monocyte
5.753532;6.7737713;Monocyte
5.5271916;6.198054;Monocyte
5.8397007;6.3061404;Monocyte
7.023779;8.019843;Monocyte
4.483307;5.940949;Monocyte
6.122836;7.3292365;Monocyte
6.4359207;6.699303;Monocyte
6.152446;6.9343514;Monocyte
4.8811855;6.965415;Monocyte
5.0745673;5.5504875;Monocyte
4.72796;5.5974026;Monocyte
4.8003173;5.8053184;Monocyte
4.6743097;5.551973;Monocyte
4.7625055;6.1456814;Monocyte
-2.1622112;19.007019;Monocyte
6.079948;6.4198656;Monocyte
6.0331345;6.7908554;Monocyte
4.833418;5.836544;Monocyte
5.7299585;7.581744;Monocyte
-2.1237884;18.968704;Monocyte
5.0430074;6.4447975;Monocyte
4.520019;5.995045;Monocyte
5.009674;6.0372205;Monocyte
4.8374386;6.3237863;Monocyte
5.2483983;6.3715158;Monocyte
6.4598174;7.1481013;Monocyte
5.4470677;5.9644527;Monocyte
4.934885;5.572859;Monocyte
6.212133;8.641998;Monocyte
5.9757385;8.570422;Monocyte
5.721013;6.5578446;Monocyte
4.868878;5.817083;Monocyte
5.218012;6.4315853;Monocyte
5.18364;6.6689653;Monocyte
6.4864874;7.00005;Monocyte
6.980452;6.9566007;Monocyte
7.7858744;8.83815;Monocyte
4.3298607;5.7715874;Monocyte
4.6556892;6.0016437;Monocyte
6.900706;7.2500954;Monocyte
4.357405;5.824108;Monocyte
4.2193494;5.7461734;Monocyte
6.572775;7.207074;Monocyte
6.890302;6.897217;Monocyte
6.4299154;7.5527744;Monocyte
5.101709;6.0581656;Monocyte
4.8047957;5.5626326;Monocyte
8.774491;5.9418573;Monocyte
6.994516;7.0100665;Monocyte
6.0182714;6.9352803;Monocyte
6.343255;6.823986;Monocyte
5.202298;5.9750514;Monocyte
7.1877556;7.217339;Monocyte
5.976132;6.4914026;Monocyte
5.2735567;6.351522;Monocyte
6.6076374;7.0750723;Monocyte
5.186461;5.8495107;Monocyte
5.5707927;6.114242;Monocyte
5.029204;5.706633;Monocyte
6.3356066;8.38527;Monocyte
8.353578;8.301716;Monocyte
6.3595586;6.7497973;Monocyte
5.133206;5.8588963;Monocyte
8.779313;7.871402;Monocyte
5.2484903;6.134118;Monocyte
4.918151;6.3999734;Monocyte
5.1107883;7.1060624;Monocyte
5.517881;6.080374;Monocyte
5.592538;7.882537;Monocyte
6.257072;6.896737;Monocyte
6.161639;6.7303305;Monocyte
5.9839115;7.1572924;Monocyte
5.824934;6.1102624;Monocyte
6.865571;6.896528;Monocyte
5.515407;6.325089;Monocyte
6.0353856;6.554799;Monocyte
8.166834;8.806214;Monocyte
5.195104;6.541951;Monocyte
5.064244;5.949744;Monocyte
4.590385;5.6050735;Monocyte
5.955566;7.735651;Monocyte
4.223477;5.765144;Monocyte
7.3030896;7.1679583;Monocyte
5.0639286;5.9942417;Monocyte
4.7778378;5.5665617;Monocyte
4.9149084;5.615909;Monocyte
4.822646;6.0529766;Monocyte
5.6946425;7.0939126;Monocyte
4.548176;5.647358;Monocyte
4.7691;6.1634192;Monocyte
6.2637734;6.8559375;Monocyte
6.228777;6.560034;Monocyte
-2.4193583;19.06536;Monocyte
6.343095;6.7956495;Monocyte
6.008424;6.8617125;Monocyte
6.288042;7.235495;Monocyte
7.2395983;7.143548;Monocyte
6.7846603;6.9536552;Monocyte
5.1798654;6.8754964;Monocyte
4.6709657;6.1719036;Monocyte
4.756566;5.866033;Monocyte
5.0799265;5.991738;Monocyte
5.335897;6.2148123;Monocyte
5.428317;6.5864677;Monocyte
4.929613;6.376953;Monocyte
5.2269893;5.626145;Monocyte
4.93209;6.4390254;Monocyte
7.059271;7.1232023;Monocyte
5.6485815;6.3669543;Monocyte
6.071901;8.366226;Monocyte
7.494312;7.1436195;Monocyte
4.8321233;6.165456;Monocyte
4.658484;6.216926;Monocyte
5.7501197;6.761514;Monocyte
6.750124;7.009154;Monocyte
4.369017;5.851517;Monocyte
5.232645;6.052564;Monocyte
7.506314;7.1023393;Monocyte
5.3797336;6.375871;Monocyte
5.6928;9.169998;Monocyte
5.542544;6.132163;Monocyte
5.0510783;5.722217;Monocyte
5.995006;6.534108;Monocyte
5.1709323;6.1223645;Monocyte
5.326325;6.600074;Monocyte
5.7867227;6.7574286;Monocyte
6.3083014;6.7201815;Monocyte
5.0449452;6.5189695;Monocyte
8.072472;8.971984;Monocyte
5.395901;6.1219983;Monocyte
6.8747807;6.8856864;Monocyte
4.663714;5.8346186;Monocyte
7.4461145;7.0136895;Monocyte
8.985445;8.308739;Monocyte
6.6735525;6.8455496;Monocyte
4.823556;6.1427794;Monocyte
8.367302;7.936151;Monocyte
4.8868957;6.335534;Monocyte
5.8019032;6.359556;Monocyte
4.6009655;5.9835734;Monocyte
5.4724436;6.531426;Monocyte
4.9544463;5.4692044;Monocyte
5.293341;6.3344674;Monocyte
7.1633224;6.9678736;Monocyte
4.9510646;5.9345293;Monocyte
6.763854;6.8514047;Monocyte
4.9675975;6.4363747;Monocyte
4.9022074;5.628305;Monocyte
6.303409;6.9412575;Monocyte
5.5520673;6.0394044;Monocyte
5.4276133;6.1440444;Monocyte
6.439546;6.8645005;Monocyte
8.783669;5.6397614;Monocyte
5.8721285;6.986899;Monocyte
6.0853753;6.504636;Monocyte
5.4373903;6.060263;Monocyte
4.835191;7.865556;Monocyte
5.6975985;6.7595034;Monocyte
5.926615;6.7783494;Monocyte
4.9558377;6.4620166;Monocyte
-2.3761327;18.793474;Monocyte
5.110074;6.218001;Monocyte
6.9751644;6.916027;Monocyte
5.7197757;6.0650644;Monocyte
4.8648844;5.7272224;Monocyte
5.4936204;6.4746284;Monocyte
6.324881;6.865922;Monocyte
4.5057077;5.703924;Monocyte
5.609985;6.6283092;Monocyte
-2.1984358;18.970476;Monocyte
5.5637107;6.926548;Monocyte
7.390198;8.357561;Monocyte
5.430459;6.7152677;Monocyte
5.18714;6.219541;Monocyte
5.3634553;6.1687064;Monocyte
5.0981703;6.655294;Monocyte
4.8240376;5.5291433;Monocyte
7.352221;7.1102476;Monocyte
5.7334714;7.2136955;Monocyte
4.7221065;6.1223097;Monocyte
4.910195;5.678691;Monocyte
6.1409445;6.493748;Monocyte
6.0498686;6.9277177;Monocyte
5.442335;6.313498;Monocyte
5.4197807;6.2110524;Monocyte
4.9543786;5.949787;Monocyte
5.134447;5.9316435;Monocyte
-2.3151834;18.836658;Monocyte
5.2569466;6.2019696;Monocyte
5.6835246;7.1649504;Monocyte
4.452116;5.777021;Monocyte
5.255572;6.2453027;Monocyte
4.5394907;5.8889856;Monocyte
6.055424;6.837498;Monocyte
5.0468135;6.4371142;Monocyte
5.391712;6.5156584;Monocyte
5.2221985;6.177788;Monocyte
5.7885265;6.6606073;Monocyte
6.3759027;6.8584423;Monocyte
6.12137;6.9221134;Monocyte
4.71623;5.7720137;Monocyte
5.818217;7.558952;Monocyte
5.735231;6.4163036;Monocyte
5.565942;6.22607;Monocyte
4.855639;6.319434;Monocyte
6.8983293;7.318229;Monocyte
5.4190516;5.9888535;Monocyte
6.449474;6.7146683;Monocyte
5.5224786;6.2518153;Monocyte
6.38604;7.0513806;Monocyte
6.2047367;6.3951864;Monocyte
5.915917;6.6714168;Monocyte
5.433464;7.121724;Monocyte
5.920283;6.45163;Monocyte
5.26114;6.266258;Monocyte
6.064194;6.858134;Monocyte
5.871497;6.1376915;Monocyte
7.6729264;7.0724716;Monocyte
5.5922194;6.224973;Monocyte
5.7086563;6.893695;Monocyte
4.8461504;6.112526;Monocyte
4.697817;6.181108;Monocyte
5.3061223;6.7323227;Monocyte
5.418549;6.1265206;Monocyte
6.000522;6.708406;Monocyte
5.250351;5.7460876;Monocyte
4.8045845;6.1169887;Monocyte
5.2960734;5.7292056;Monocyte
6.2490296;6.9096994;Monocyte
5.1788387;5.5556;Monocyte
4.6382546;5.689001;Monocyte
4.943328;6.2200522;Monocyte
5.4432187;5.8748136;Monocyte
4.6787977;5.711699;Monocyte
5.69786;6.5542836;Monocyte
5.2989807;6.204788;Monocyte
7.473763;6.806747;Monocyte
5.4176135;5.8748903;Monocyte
6.4808865;6.7604856;Monocyte
6.2677555;6.890289;Monocyte
5.1439214;5.748017;Monocyte
5.3587427;6.332421;Monocyte
5.4237704;6.2416773;Monocyte
4.3808947;5.6959496;Monocyte
5.691443;6.4368424;Monocyte
6.259837;7.048378;Monocyte
5.062727;6.0703487;Monocyte
6.1126246;7.091479;Monocyte
4.386295;5.526135;Monocyte
5.2172694;5.96088;Monocyte
5.4477515;6.152594;Monocyte
4.618827;5.7325187;Monocyte
5.7996907;7.724685;Monocyte
4.9647694;6.20379;Monocyte
5.6616387;8.71022;Monocyte
6.3115263;6.999815;Monocyte
6.836182;6.8569226;Monocyte
-2.2537518;18.869106;Monocyte
5.800209;6.241042;Monocyte
6.7341814;7.1241255;Monocyte
5.0155134;6.7984614;Monocyte
6.655268;7.03282;Monocyte
4.5193825;6.0794525;Monocyte
4.518601;5.529699;Monocyte
5.658091;6.7802815;Monocyte
4.735769;5.7164993;Monocyte
4.593028;5.446584;Monocyte
5.9991074;6.723628;Monocyte
5.5717196;6.226848;Monocyte
6.188465;6.9267516;Monocyte
-2.246445;18.882017;Monocyte
5.742432;6.914904;Monocyte
6.7405667;6.8723893;Monocyte
5.418876;5.996004;Monocyte
5.6940393;7.192822;Monocyte
7.504967;7.0925875;Monocyte
5.2554994;6.5749197;Monocyte
5.189668;5.9256597;Monocyte
5.31136;6.30014;Monocyte
5.1148477;5.8496847;Monocyte
5.926972;6.5009303;Monocyte
6.456616;6.8704863;Monocyte
4.726006;6.1330624;Monocyte
5.5835958;5.914528;Monocyte
4.790574;5.8957934;Monocyte
5.309286;6.309405;Monocyte
4.4134307;5.6868405;Monocyte
4.595442;5.9499497;Monocyte
7.257384;7.0133452;Monocyte
4.9721875;5.8735766;Monocyte
5.2464886;6.4086685;Monocyte
6.3237977;7.0354085;Monocyte
6.4354887;6.6225843;Monocyte
5.2995486;6.090274;Monocyte
5.9115787;7.0562825;Monocyte
5.806106;6.9423647;Monocyte
7.711124;6.5351877;Monocyte
5.650767;6.1378946;Monocyte
-2.391759;19.048923;Monocyte
5.348488;5.8848124;Monocyte
5.150551;5.805346;Monocyte
5.1979;5.9673843;Monocyte
4.276979;5.7473636;Monocyte
5.2150273;6.307897;Monocyte
4.964227;6.257218;Monocyte
5.7103763;6.298455;Monocyte
-2.2018607;18.875906;Monocyte
5.3791504;6.4502306;Monocyte
7.6665916;8.8075905;Monocyte
6.294066;8.477021;Monocyte
5.4830074;7.3796434;Monocyte
-2.1336102;18.942009;Monocyte
5.9594693;6.9217854;Monocyte
4.7803636;5.556641;Monocyte
5.641158;6.431805;Monocyte
6.245717;7.1502357;Monocyte
5.212325;5.72872;Monocyte
4.7090826;5.443418;Monocyte
5.4002934;5.688324;Monocyte
5.593177;6.036499;Monocyte
6.6827526;6.9941263;Monocyte
6.4896617;6.7626524;Monocyte
5.8451476;6.613959;Monocyte
5.425911;6.86889;Monocyte
4.7325687;5.9276824;Monocyte
5.1960063;6.280394;Monocyte
4.591836;5.891568;Monocyte
-2.419763;18.91353;Monocyte
5.331785;5.901892;Monocyte
6.088954;6.966492;Monocyte
5.451662;7.100619;Monocyte
8.042129;7.564744;Monocyte
5.337285;5.869973;Monocyte
5.144114;6.4786606;Monocyte
5.7790504;6.735484;Monocyte
4.871265;5.536646;Monocyte
5.5817947;6.722858;Monocyte
7.2211113;6.932028;Monocyte
5.441017;9.279494;Monocyte
4.8481116;6.37699;Monocyte
7.0903935;7.324381;Monocyte
4.882851;6.2111535;Monocyte
4.920505;6.3873854;Monocyte
8.619455;8.108399;Monocyte
-2.2925403;18.871675;Monocyte
4.7558436;5.5332103;Monocyte
4.916186;6.3230095;Monocyte
6.105168;6.8498154;Monocyte
5.6544094;6.6769443;Monocyte
4.685144;6.121063;Monocyte
5.3660913;6.413216;Monocyte
5.625245;6.5514736;Monocyte
5.050115;5.8947697;Monocyte
4.8790603;5.6726646;Monocyte
6.975134;7.786377;Monocyte
7.8357635;7.1461806;Monocyte
5.696353;7.051902;Monocyte
9.10276;5.833892;Monocyte
7.6024933;7.0139728;Monocyte
5.9975038;6.219572;Monocyte
-2.1026292;18.9805;Monocyte
4.8316393;6.0324707;Monocyte
-2.2249317;18.86138;Monocyte
4.610929;6.043647;Monocyte
7.966747;7.4141803;Monocyte
4.8011403;5.7875195;Monocyte
7.63361;8.756074;Monocyte
6.4199505;6.872064;Monocyte
6.9587727;7.2046547;Monocyte
5.5907993;6.2279277;Monocyte
6.0886803;7.0286117;Monocyte
6.195432;6.9231753;Monocyte
5.835929;6.867624;Monocyte
5.9950485;6.8333035;Monocyte
4.8890696;5.6588306;Monocyte
5.175319;6.5034003;Monocyte
5.7982354;6.6797543;Monocyte
4.747424;5.570801;Monocyte
6.6979823;6.6568437;Monocyte
6.0427637;6.4133673;Monocyte
5.905326;7.725179;Monocyte
6.357276;6.6714377;Monocyte
5.0878105;6.22433;Monocyte
5.71008;8.718559;Monocyte
5.698667;7.6653304;Monocyte
6.1142235;6.588064;Monocyte
-2.2567163;18.836542;Monocyte
6.4549055;6.9022365;Monocyte
-2.6383226;18.731773;Monocyte
4.217961;5.750691;Monocyte
8.682027;7.992642;Monocyte
4.9361835;6.080373;Monocyte
5.6440263;6.0781674;Monocyte
4.7708426;5.822001;Monocyte
5.021418;5.5203166;Monocyte
5.137544;6.1823535;Monocyte
4.864631;6.464937;Monocyte
4.539819;6.1495166;Monocyte
7.3811607;7.1740212;Monocyte
4.423026;5.542927;Monocyte
5.495729;6.9869957;Monocyte
8.00197;8.658197;Monocyte
6.1594443;6.357568;Monocyte
6.742126;6.779135;Monocyte
4.86961;6.1556864;Monocyte
6.936124;7.584069;Monocyte
6.1490455;7.143072;Monocyte
6.80646;7.063715;Monocyte
6.748005;7.152651;Monocyte
6.646172;6.850276;Monocyte
6.1434116;6.9029427;Monocyte
4.6202984;6.163377;Monocyte
4.527912;5.787213;Monocyte
4.880509;6.1112194;Monocyte
4.9054894;5.7228713;Monocyte
4.72523;5.566291;Monocyte
5.0417867;6.339268;Monocyte
5.6053824;6.145079;Monocyte
4.7234964;6.1808167;Monocyte
5.7445965;6.1448207;Monocyte
4.751654;8.286801;Monocyte
4.649423;5.9937425;Monocyte
5.1541233;6.003027;Monocyte
5.2846837;6.2689857;Monocyte
6.1217303;6.410925;Monocyte
5.671295;6.8416123;Monocyte
5.4712605;6.0594697;Monocyte
5.7842126;7.8988566;Monocyte
4.9114633;5.7003717;Monocyte
6.4814363;6.6711464;Monocyte
5.0974255;6.0208316;Monocyte
7.3881702;7.184007;Monocyte
6.2956767;6.5176473;Monocyte
5.4769435;5.932215;Monocyte
6.518629;6.7228355;Monocyte
5.745532;7.314963;Monocyte
4.803968;6.0152907;Monocyte
8.550713;8.355958;Monocyte
4.927942;6.1242223;Monocyte
5.3114853;6.1411376;Monocyte
4.9510202;6.193531;Monocyte
4.984164;6.3990855;Monocyte
5.7282734;7.6036234;Monocyte
7.0489016;8.25087;Monocyte
5.560939;5.9450617;Monocyte
4.944258;6.3218985;Monocyte
7.494667;6.9283957;Monocyte
7.8093886;7.1893587;Monocyte
4.5529227;5.5926766;Monocyte
4.853709;6.2291603;Monocyte
5.0936494;5.7508345;Monocyte
4.336275;5.537162;Monocyte
4.345507;5.5783744;Monocyte
5.783237;7.0642505;Monocyte
6.7857227;6.8372574;Monocyte
6.0384235;6.772578;Monocyte
4.4547167;5.5758004;Monocyte
5.5306396;6.0486393;Monocyte
4.7477994;5.831508;Monocyte
4.9746175;6.252454;Monocyte
4.6538696;6.0283966;Monocyte
4.8888288;6.2133584;Monocyte
6.2487645;6.5720987;Monocyte
6.092108;6.4755187;Monocyte
4.615445;5.5944605;Monocyte
7.2911553;6.984038;Monocyte
4.600435;5.707531;Monocyte
6.47167;6.6921782;Monocyte
5.0952373;6.4298973;Monocyte
7.5473347;7.117802;Monocyte
6.0329666;6.3578143;Monocyte
6.0692225;6.3999686;Monocyte
4.4915724;5.7129073;Monocyte
8.65968;8.2614565;Monocyte
4.810405;6.249522;Monocyte
4.6410394;5.931047;Monocyte
4.652887;6.343009;Monocyte
4.7777886;5.82396;Monocyte
4.6352267;6.093272;Monocyte
6.867093;6.9148693;Monocyte
5.8689384;6.0812826;Monocyte
7.582697;7.172635;Monocyte
6.310394;7.2614503;Monocyte
6.516473;6.816508;Monocyte
5.372879;5.9921174;Monocyte
4.4034014;5.9045954;Monocyte
6.050917;6.739154;Monocyte
6.0902805;6.6273007;Monocyte
4.5106707;5.615145;Monocyte
7.434287;7.001403;Monocyte
5.541813;6.3228374;Monocyte
6.4444532;7.6265364;Monocyte
4.9808054;5.7235956;Monocyte
6.6581454;7.486445;Monocyte
5.604509;6.2302923;Monocyte
5.3542914;6.6744347;Monocyte
4.813878;6.2303295;Monocyte
6.444901;6.6083627;Monocyte
5.653414;6.9521317;Monocyte
4.290934;5.790321;Monocyte
4.362874;5.7467675;Monocyte
4.5818386;6.070409;Monocyte
-2.5770779;18.909323;Monocyte
4.5673766;6.0297313;Monocyte
5.3916345;6.0290647;Monocyte
4.848828;6.3397903;Monocyte
4.8491488;6.360704;Monocyte
4.6813364;6.2058983;Monocyte
6.1666965;7.0027547;Monocyte
6.905248;7.116589;Monocyte
6.100922;6.7168455;Monocyte
-2.4986842;18.803743;Monocyte
6.6545706;6.9395785;Monocyte
5.347331;6.4635835;Monocyte
5.0714803;6.05172;Monocyte
5.302727;6.3632936;Monocyte
5.2445087;6.084672;Monocyte
5.358529;6.7444696;Monocyte
4.99849;6.3914723;Monocyte
6.0463367;6.9531198;Monocyte
5.7809086;6.946782;Monocyte
5.324223;6.4299297;Monocyte
4.9097004;6.1867228;Monocyte
5.378336;5.9556804;Monocyte
5.082378;6.5749693;Monocyte
7.5831184;6.5762844;Monocyte
6.3201213;6.498282;Monocyte
6.1021676;7.0289774;Monocyte
-2.243656;18.860418;Monocyte
7.5036683;7.0342135;Monocyte
7.7971644;7.3546653;Monocyte
6.338979;6.834522;Monocyte
7.2280498;7.1468854;Monocyte
8.568078;6.3008065;Monocyte
4.9868484;6.1614885;Monocyte
5.5920734;6.4041824;Monocyte
-2.4191399;19.035254;Monocyte
5.975825;6.671239;Monocyte
4.8921843;5.466797;Monocyte
4.746546;5.556495;Monocyte
5.4555373;6.6526313;Monocyte
4.8161635;5.491435;Monocyte
5.800569;6.335899;Monocyte
6.1500163;6.802603;Monocyte
4.650403;5.6934547;Monocyte
5.1459517;6.492493;Monocyte
5.3765364;6.5751896;Monocyte
5.0304074;6.509949;Monocyte
5.086165;6.121442;Monocyte
5.453776;6.6671624;Monocyte
7.533435;7.1381426;Monocyte
6.2286043;6.871635;Monocyte
5.040536;7.8620143;Monocyte
6.444386;6.7351637;Monocyte
5.506404;6.6664443;Monocyte
5.063561;6.076877;Monocyte
5.5515265;7.0282006;Monocyte
4.776082;5.586567;Monocyte
6.1118374;6.641971;Monocyte
5.9778843;6.5279;Monocyte
4.213221;5.7440524;Monocyte
4.848273;6.3360567;Monocyte
5.422432;6.1331773;Monocyte
4.9730434;6.336742;Monocyte
-2.5346353;18.732544;Monocyte
5.6360793;6.8541903;Monocyte
8.484844;7.912683;Monocyte
7.2449255;7.5028777;Monocyte
5.5593834;6.140327;Monocyte
5.2455254;5.9219775;Monocyte
4.7062154;6.033422;Monocyte
4.345918;5.7638626;Monocyte
4.8794303;6.313878;Monocyte
8.917577;8.523818;Monocyte
5.510023;8.004388;Monocyte
4.2990637;5.7295446;Monocyte
7.199815;7.051587;Monocyte
7.130584;6.96183;Monocyte
6.07382;6.7888827;Monocyte
5.708729;7.3656116;Monocyte
5.4620624;6.3157682;Monocyte
6.763851;6.910863;Monocyte
4.7969427;6.192734;Monocyte
4.6430826;5.4340835;Monocyte
6.436511;6.831405;Monocyte
6.795027;6.876589;Monocyte
5.573523;7.239408;Monocyte
6.444845;6.525654;Monocyte
4.6512613;6.1328287;Monocyte
6.1081867;6.9418716;Monocyte
6.2491913;8.285729;Monocyte
6.034963;6.7288365;Monocyte
-1.5695877;18.817204;Monocyte
5.083083;5.734727;Monocyte
5.970036;7.8091664;Monocyte
5.000762;5.735124;Monocyte
4.5279484;5.4356513;Monocyte
5.436237;6.975609;Monocyte
5.274376;6.216272;Monocyte
5.65151;5.8689723;Monocyte
4.547572;5.9890447;Monocyte
5.148619;6.651785;Monocyte
5.4083123;7.483547;Monocyte
5.4064775;6.0401397;Monocyte
6.3679194;6.559671;Monocyte
5.8919497;6.9210334;Monocyte
5.105786;5.982418;Monocyte
6.6982446;6.862609;Monocyte
5.424467;6.5002875;Monocyte
5.1199603;6.0969563;Monocyte
5.9872375;6.9861917;Monocyte
6.183773;6.7283926;Monocyte
6.6148334;6.751176;Monocyte
6.232527;6.89681;Monocyte
5.97376;7.1366673;Monocyte
6.2819734;6.927968;Monocyte
5.3512287;6.1457214;Monocyte
5.5783715;7.8705974;Monocyte
4.810436;5.549903;Monocyte
6.1758647;6.913371;Monocyte
4.512248;5.9486985;Monocyte
4.932235;5.5015287;Monocyte
5.0548415;5.7827086;Monocyte
4.8417892;5.780045;Monocyte
6.5980864;7.95087;Monocyte
5.1377926;6.639942;Monocyte
4.419981;5.8548145;Monocyte
-2.3707225;19.01342;Monocyte
5.5213866;6.8160753;Monocyte
8.674759;8.436268;Monocyte
4.4487495;5.9341426;Monocyte
4.9014883;5.58692;Monocyte
5.2000647;6.3575497;Monocyte
5.054881;6.5167217;Monocyte
6.212475;6.973324;Monocyte
10.234771;5.5925946;Monocyte
5.366136;6.2523885;Monocyte
4.8560615;5.723075;Monocyte
7.5376587;7.098135;Monocyte
6.9652567;6.851521;Monocyte
4.8628087;5.758284;Monocyte
8.73936;8.004214;Monocyte
5.7753625;6.7146516;Monocyte
5.416011;7.172435;Monocyte
6.621803;6.844407;Monocyte
6.631733;6.6766815;Monocyte
4.49941;5.6130924;Monocyte
5.23477;6.139436;Monocyte
5.1118503;6.400903;Monocyte
5.193712;6.4514966;Monocyte
5.3279114;7.0571327;Monocyte
-2.204825;19.030113;Monocyte
4.4065857;5.500222;Monocyte
4.4266973;5.6255717;Monocyte
5.601422;6.7100825;Monocyte
-2.5195577;19.148434;Monocyte
5.093031;6.355898;Monocyte
4.376893;5.9170885;Monocyte
6.3208184;6.658657;Monocyte
4.9228444;6.3039384;Monocyte
5.7185283;6.3870544;Monocyte
5.137769;5.6922207;Monocyte
4.79737;5.762165;Monocyte
5.612823;6.936747;Monocyte
5.488373;6.73077;Monocyte
5.130925;5.899021;Monocyte
6.6823964;6.866869;Monocyte
5.341996;6.0902014;Monocyte
6.303529;6.9505215;Monocyte
4.2549305;5.8091903;Monocyte
5.99067;6.462009;Monocyte
5.0678725;6.160629;Monocyte
4.712013;6.1713734;Monocyte
4.3754654;5.6191726;Monocyte
4.7636824;5.9835606;Monocyte
6.8650136;6.916987;Monocyte
5.8219976;7.250769;Monocyte
5.3800673;6.598854;Monocyte
4.849253;5.948238;Monocyte
5.654489;6.330355;Monocyte
5.845426;9.10018;Monocyte
4.273737;5.805148;Monocyte
5.072436;6.0058165;Monocyte
5.909317;6.8773117;Monocyte
4.7874475;5.9955945;Monocyte
-2.428454;18.784212;Monocyte
9.013685;8.321367;Monocyte
5.625883;6.240185;Monocyte
4.6983094;5.9771385;Monocyte
-2.5288777;19.164705;Monocyte
5.5500646;6.2786713;Monocyte
4.6624227;6.0713234;Monocyte
5.8081584;7.265751;Monocyte
-2.404113;18.91221;Monocyte
5.1313024;6.397959;Monocyte
5.5397415;5.9752812;Monocyte
-2.2076023;18.84627;Monocyte
6.1918244;7.5529127;Monocyte
4.3729405;5.8967476;Monocyte
6.565065;6.7771697;Monocyte
4.8788533;5.4886284;Monocyte
5.1096916;5.951222;Monocyte
5.869939;7.281256;Monocyte
5.8946133;6.9260354;Monocyte
5.359445;5.822717;Monocyte
5.380557;6.5623894;Monocyte
6.14713;6.776957;Monocyte
6.429007;6.608914;Monocyte
6.8532076;7.329561;Monocyte
4.718177;5.9984365;Monocyte
5.894723;6.4012365;Monocyte
5.0446754;6.5978045;Monocyte
4.8792863;6.3290515;Monocyte
6.16642;6.8789253;Monocyte
6.6147547;6.8458343;Monocyte
4.4099402;5.747412;Monocyte
4.9150124;5.6014934;Monocyte
5.2308846;6.288657;Monocyte
6.8489556;6.8309536;Monocyte
-2.4809473;18.708616;Monocyte
5.511905;8.081049;Monocyte
6.3070936;8.5502615;Monocyte
6.8677373;6.856589;Monocyte
4.237763;5.6832356;Monocyte
4.833397;5.4933095;Monocyte
5.273391;6.1354704;Monocyte
5.0614448;6.4177485;Monocyte
6.9742055;6.84753;Monocyte
5.4024134;6.2507896;Monocyte
4.825661;5.5113907;Monocyte
4.8994417;5.774428;Monocyte
7.4054475;9.27809;Monocyte
6.3241816;8.796473;Monocyte
4.5229526;5.755239;Monocyte
4.7707405;6.09833;Monocyte
5.417524;6.515481;Monocyte
4.9001646;6.2254314;Monocyte
4.516387;6.0002985;Monocyte
5.371282;6.1357117;Monocyte
5.802281;6.1710157;Monocyte
6.239283;7.0937924;Monocyte
4.507828;5.539496;Monocyte
7.2514772;7.1499314;Monocyte
4.731786;5.8376665;Monocyte
6.4194016;6.845595;Monocyte
4.8387637;5.5594964;Monocyte
6.476337;7.511072;Monocyte
4.620987;6.0028095;Monocyte
6.107711;6.592621;Monocyte
4.4006095;5.575657;Monocyte
5.375411;6.130416;Monocyte
5.7816763;8.785834;Monocyte
4.6474185;6.251862;Monocyte
7.35745;6.993365;Monocyte
6.51803;6.796185;Monocyte
5.1320763;6.6630025;Monocyte
4.700293;5.850412;Monocyte
6.459668;6.990001;Monocyte
6.4609456;6.858703;Monocyte
4.5597653;6.0562687;Monocyte
7.3986197;7.3107505;Monocyte
5.655325;7.4241447;Monocyte
7.531355;7.1099715;Monocyte
6.002865;6.9408855;Monocyte
4.365659;5.5667257;Monocyte
6.460053;6.5598536;Monocyte
-2.4972801;19.080624;Monocyte
4.698543;6.0451984;Monocyte
4.4412384;5.9156303;Monocyte
4.4106455;5.7349577;Monocyte
4.448286;6.1164494;Monocyte
7.7409744;7.0872436;Monocyte
4.727831;6.204477;Monocyte
7.479747;7.0106487;Monocyte
6.43919;6.8833222;Monocyte
4.7141843;5.6080513;Monocyte
5.8481355;6.215249;Monocyte
6.1285276;6.696663;Monocyte
6.7850585;7.030059;Monocyte
5.869917;7.071299;Monocyte
4.52738;5.944521;Monocyte
5.8477454;6.8771176;Monocyte
5.486034;6.126339;Monocyte
6.8382354;7.312711;Monocyte
7.1203713;7.613692;Monocyte
5.523049;6.1429725;Monocyte
4.62764;6.2123866;Monocyte
5.7228656;6.947585;Monocyte
6.088348;6.93625;Monocyte
6.549444;6.740459;Monocyte
5.482961;6.1798115;Monocyte
5.505786;6.232022;Monocyte
4.6686687;6.01925;Monocyte
5.4180603;6.592909;Monocyte
4.8774295;5.792779;Monocyte
4.650084;6.0944977;Monocyte
4.9236307;5.796338;Monocyte
4.7492294;5.745615;Monocyte
5.6440287;7.414281;Monocyte
6.0690866;6.5286016;Monocyte
5.942099;6.540111;Monocyte
5.1780505;5.7024775;Monocyte
4.8490005;5.9038734;Monocyte
6.415183;6.909179;Monocyte
5.649825;6.2223616;Monocyte
7.347244;7.075659;Monocyte
5.6027327;6.4012094;Monocyte
4.96656;6.4796205;Monocyte
4.7826905;5.542822;Monocyte
5.468396;6.3976254;Monocyte
4.773711;6.2521906;Monocyte
7.209376;7.346739;Monocyte
5.829204;7.118276;Monocyte
5.0815673;6.429229;Monocyte
5.188355;7.7517433;Monocyte
5.9132166;6.631178;Monocyte
5.3986187;6.2191176;Monocyte
5.351395;6.293493;Monocyte
4.7372465;5.6928673;Monocyte
4.635354;5.677661;Monocyte
5.465674;6.356231;Monocyte
4.2283735;5.7446647;Monocyte
5.4662466;6.3514957;Monocyte
7.5700154;7.072485;Monocyte
5.6984105;6.420966;Monocyte
5.21998;5.645484;Monocyte
5.1950545;5.6946564;Monocyte
5.5717945;7.794121;Monocyte
5.360062;6.7268243;Monocyte
4.2888794;5.8558846;Monocyte
6.2093115;6.639857;Monocyte
5.1828365;6.470957;Monocyte
5.602691;6.0922813;Monocyte
4.918932;6.0541935;Monocyte
7.2328787;7.1650047;Monocyte
6.461296;6.80669;Monocyte
7.024872;6.9802876;Monocyte
7.519703;6.9933295;Monocyte
5.427843;6.4909573;Monocyte
4.465861;5.5385113;Monocyte
5.4033523;6.8299785;Monocyte
5.024737;5.9543;Monocyte
5.578797;5.9722333;Monocyte
6.1376762;6.4597077;Monocyte
5.5100436;7.8471437;Monocyte
5.33722;6.5964317;Monocyte
6.7293906;7.1544104;Monocyte
6.1179833;6.23472;Monocyte
5.210829;6.0270357;Monocyte
5.6275063;7.277776;Monocyte
5.3621683;6.8705883;Monocyte
5.4364552;6.2932286;Monocyte
5.3827157;9.2875805;Monocyte
6.1482425;6.408492;Monocyte
4.5855045;8.188286;Monocyte
6.9057875;7.221564;Monocyte
6.462297;6.615677;Monocyte
5.060043;6.4506307;Monocyte
5.220235;6.549133;Monocyte
5.0095057;5.884055;Monocyte
5.123671;5.451025;Monocyte
4.960296;5.957502;Monocyte
4.35885;5.9107203;Monocyte
6.1716847;6.9242034;Monocyte
6.5051994;7.0025477;Monocyte
5.5059075;6.7916126;Monocyte
5.342368;6.2411194;Monocyte
5.276655;6.264202;Monocyte
5.6209655;6.5415463;Monocyte
5.131664;6.669825;Monocyte
4.661564;5.5019526;Monocyte
5.585136;6.09326;Monocyte
5.0172095;6.3427453;Monocyte
4.491308;5.9704027;Monocyte
5.0049596;6.286495;Monocyte
5.585603;5.9257393;Monocyte
4.88208;6.454973;Monocyte
5.66384;7.568339;Monocyte
5.8084197;9.142598;Monocyte
4.4716716;5.5794835;Monocyte
4.8000274;5.579262;Monocyte
4.706047;6.116267;Monocyte
-2.4153543;19.064854;Monocyte
6.971369;6.8422713;Monocyte
4.791441;6.3633947;Monocyte
7.586395;7.327599;Monocyte
4.636411;5.494665;Monocyte
4.855274;5.6880894;Monocyte
5.646142;7.06798;Monocyte
5.2563767;6.0567646;Monocyte
5.3812623;6.7802544;Monocyte
7.5320406;7.94098;Monocyte
7.372036;8.179982;Monocyte
6.109129;6.926577;Monocyte
6.446788;6.5235705;Monocyte
8.966356;5.4904995;Monocyte
4.772172;13.133395;Monocyte
6.135831;6.973384;Monocyte
5.1958747;6.412896;Monocyte
5.549792;6.312561;Monocyte
5.0404363;5.961828;Monocyte
5.3143106;6.597814;Monocyte
6.1492033;6.75458;Monocyte
4.6944265;5.7066727;Monocyte
5.0757627;5.6964574;Monocyte
4.6335354;5.656333;Monocyte
6.0488214;6.8012314;Monocyte
5.2202783;6.3480473;Monocyte
4.8915243;5.812406;Monocyte
6.227828;6.706273;Monocyte
4.804258;5.5428977;Monocyte
5.6941185;6.6660657;Monocyte
4.61732;6.304155;Monocyte
6.0350304;6.642621;Monocyte
6.665774;6.872714;Monocyte
5.171438;5.584237;Monocyte
6.7583857;7.293291;Monocyte
4.6767845;5.904549;Monocyte
5.5351677;6.072212;Monocyte
-2.2479427;18.918524;Monocyte
5.9298577;6.989502;Monocyte
4.586968;5.6349435;Monocyte
6.8523183;6.847468;Monocyte
4.86129;5.929078;Monocyte
4.6185727;5.9631276;Monocyte
5.124164;6.770453;Monocyte
5.8591394;7.732202;Monocyte
5.013386;5.90845;Monocyte
6.368549;6.801173;Monocyte
6.245606;6.923611;Monocyte
5.7904425;6.8361506;Monocyte
6.4342456;6.79711;Monocyte
7.42581;7.0550117;Monocyte
5.6484904;7.3502846;Monocyte
7.180978;6.968703;Monocyte
7.5326977;7.1586103;Monocyte
5.6074696;6.777053;Monocyte
5.0895376;6.1175456;Monocyte
5.210269;6.1488423;Monocyte
6.4961314;7.017556;Monocyte
6.2820473;6.764169;Monocyte
6.1833277;6.7461576;Monocyte
6.61521;6.96462;Monocyte
4.8878226;6.221747;Monocyte
5.248794;6.601623;Monocyte
5.690325;6.222793;Monocyte
5.21212;6.5366173;Monocyte
5.189327;5.5509477;Monocyte
7.8108983;7.148147;Monocyte
8.487389;8.077687;Monocyte
6.4023166;7.512164;Monocyte
4.5191574;6.0230284;Monocyte
5.7891707;6.68987;Monocyte
4.6630464;5.8925567;Monocyte
4.813774;5.968175;Monocyte
6.978263;6.907852;Monocyte
4.5922375;5.457408;Monocyte
7.683761;7.2765718;Monocyte
4.872235;6.218694;Monocyte
6.423734;6.5576005;Monocyte
5.581402;7.203383;Monocyte
4.2740445;5.707639;Monocyte
6.4252152;6.809897;Monocyte
4.8658195;5.6643915;Monocyte
8.227545;8.401406;Monocyte
4.2233024;5.7704334;Monocyte
6.262991;7.1069403;Monocyte
5.583153;6.266561;Monocyte
4.618234;5.949571;Monocyte
6.34366;7.0632644;Monocyte
5.7485723;7.2141113;Monocyte
6.5598316;7.2403374;Monocyte
5.8185005;6.2889752;Monocyte
5.5124907;6.7819724;Monocyte
5.955056;6.2494044;Monocyte
5.5797787;7.014187;Monocyte
5.519457;6.7898808;Monocyte
5.083617;5.5662293;Monocyte
5.964239;6.3784866;Monocyte
5.2202206;5.5361056;Monocyte
7.726165;7.2103844;Monocyte
5.785018;6.3851147;Monocyte
4.9345646;6.382294;Monocyte
4.5436053;5.9571533;Monocyte
5.1369166;5.524674;Monocyte
5.572652;6.3757997;Monocyte
5.9186087;6.640919;Monocyte
4.8855786;5.6691704;Monocyte
5.8649893;6.6624274;Monocyte
5.2571783;6.02394;Monocyte
4.4535346;5.8964252;Monocyte
6.529553;7.235548;Monocyte
-2.32159;18.88541;Monocyte
5.776724;7.239185;Monocyte
6.1535254;6.4487824;Monocyte
5.5084453;6.474191;Monocyte
5.2225165;6.289719;Monocyte
4.337865;5.869333;Monocyte
4.917467;5.8528714;Monocyte
6.719919;7.301104;Monocyte
4.6944914;5.6091638;Monocyte
4.6802006;5.6121936;Monocyte
6.414597;6.746819;Monocyte
4.8279824;5.475331;Monocyte
7.149965;7.1265883;Monocyte
5.139707;6.372991;Monocyte
5.112747;5.7759137;Monocyte
4.436906;5.634486;Monocyte
4.6734467;5.7430363;Monocyte
4.517534;5.860134;Monocyte
7.4019465;7.3372684;Monocyte
8.554289;8.215531;Monocyte
4.265244;5.5957675;Monocyte
6.673293;7.075112;Monocyte
-2.3796024;18.828684;Monocyte
5.3999743;6.3855186;Monocyte
5.5183945;6.5419207;Monocyte
4.6718135;5.506984;Monocyte
5.681366;7.095208;Monocyte
6.558823;6.8584223;Monocyte
4.554379;5.7091937;Monocyte
5.1869116;5.633205;Monocyte
6.336311;6.847941;Monocyte
5.0529227;5.8560247;Monocyte
9.334128;5.854116;Monocyte
4.930948;6.103344;Monocyte
5.90863;6.844797;Monocyte
5.974761;6.647047;Monocyte
8.133659;8.5813;Monocyte
7.2438903;7.0783844;Monocyte
-2.284925;18.864244;Monocyte
5.6229954;8.033732;Monocyte
6.2228937;6.52803;Monocyte
4.8907776;6.097779;Monocyte
6.670245;6.8652315;Monocyte
6.1689043;6.839183;Monocyte
4.7450852;5.9132395;Monocyte
5.5750756;6.8246446;Monocyte
4.5114985;5.584844;Monocyte
4.4992576;5.735541;Monocyte
5.2994504;6.416622;Monocyte
6.6839666;7.1331306;Monocyte
5.7565126;7.430138;Monocyte
6.6651726;6.978021;Monocyte
4.8600187;6.096977;Monocyte
5.7178864;6.774277;Monocyte
6.346755;6.6235447;Monocyte
6.121829;6.8400474;Monocyte
5.976286;6.9569674;Monocyte
8.47514;8.024321;Monocyte
4.5699215;5.8467817;Monocyte
7.004572;6.9396043;Monocyte
7.5615425;7.0611577;Monocyte
8.893034;8.5201435;Monocyte
5.0925283;6.2181544;Monocyte
-2.2502325;18.86647;Monocyte
6.2261014;6.560001;Monocyte
5.36984;6.4459915;Monocyte
5.7780757;7.3609176;Monocyte
4.568339;5.4875703;Monocyte
8.683257;7.9861045;Monocyte
5.092609;6.635827;Monocyte
6.040389;6.97313;Monocyte
4.6820335;6.145933;Monocyte
7.2601695;7.1793404;Monocyte
9.058826;10.060088;Monocyte
6.424079;6.718839;Monocyte
5.535073;7.001895;Monocyte
4.4899473;5.507275;Monocyte
5.1940794;6.9026904;Monocyte
5.169243;5.6806602;Monocyte
7.3557305;6.9831734;Monocyte
6.312334;6.7999144;Monocyte
4.9899025;6.158225;Monocyte
6.3417544;6.9131207;Monocyte
-2.1448708;18.983662;Monocyte
5.844711;8.06258;Monocyte
5.3915243;6.717121;Monocyte
8.825843;8.465874;Monocyte
4.220159;5.7378836;Monocyte
8.37576;6.2743196;Monocyte
6.934386;6.935284;Monocyte
4.868043;6.300076;Monocyte
5.024664;6.1387467;Monocyte
4.9948144;6.2467546;Monocyte
6.3286443;6.5362997;Monocyte
5.6748576;6.397564;Monocyte
6.755572;6.915527;Monocyte
-2.462867;18.773464;Monocyte
4.732618;6.35718;Monocyte
4.587737;5.971536;Monocyte
5.3922367;5.7222705;Monocyte
4.9578238;5.538706;Monocyte
8.883467;5.332236;Monocyte
5.0287237;6.131069;Monocyte
4.812499;5.445328;Monocyte
5.77617;6.055988;Monocyte
6.289501;6.523962;Monocyte
6.1976967;6.804504;Monocyte
4.449151;5.8309016;Monocyte
4.7538824;5.6103926;Monocyte
6.953645;6.8575006;Monocyte
5.742836;6.790809;Monocyte
4.9424086;6.4736705;Monocyte
6.676966;6.733637;Monocyte
4.5258465;5.505375;Monocyte
4.955716;6.00047;Monocyte
5.1555915;5.5688667;Monocyte
-2.3828385;18.969807;Monocyte
5.065618;5.515915;Monocyte
-2.1745698;18.975187;Monocyte
5.940443;6.6889715;Monocyte
5.2395825;6.1745186;Monocyte
6.492252;6.6298757;Monocyte
5.040083;6.1277814;Monocyte
5.760918;7.130311;Monocyte
7.0543385;7.041492;Monocyte
6.16925;7.6184583;Monocyte
5.9779053;6.4592047;Monocyte
6.4530554;6.562352;Monocyte
7.192851;6.7203183;Monocyte
4.2671857;5.7035365;Monocyte
6.8054695;7.0328345;Monocyte
6.1897683;7.0109835;Monocyte
4.6239324;5.5267377;Monocyte
4.8048215;8.269327;Monocyte
5.020247;6.0173216;Monocyte
6.9252877;6.7802258;Monocyte
4.2721047;5.727302;Monocyte
5.174413;6.201382;Monocyte
6.487779;7.056309;Monocyte
4.601588;5.6588135;Monocyte
5.5685782;6.263514;Monocyte
5.427434;5.970007;Monocyte
6.978475;6.8908377;Monocyte
4.327571;5.796558;Monocyte
5.8303704;6.626999;Monocyte
5.9449306;6.4316854;Monocyte
4.667425;6.2952356;Monocyte
-2.212187;18.898262;Monocyte
5.106399;6.7060404;Monocyte
5.4518137;6.2527094;Monocyte
5.1850796;5.855236;Monocyte
5.198878;5.5354667;Monocyte
4.8534036;5.998585;Monocyte
5.4074254;6.2280574;Monocyte
5.291193;8.52867;Monocyte
5.426065;6.2186127;Monocyte
5.328499;6.0911713;Monocyte
4.748275;5.4998865;Monocyte
4.6426287;6.000606;Monocyte
7.530896;7.057663;Monocyte
5.4858437;5.9421983;Monocyte
5.5118766;6.1252418;Monocyte
6.704977;6.9527884;Monocyte
5.6745815;6.8251967;Monocyte
6.3952336;6.404646;Monocyte
5.118231;5.522037;Monocyte
6.1184683;7.4561653;Monocyte
4.7411313;5.6344223;Monocyte
6.2579494;6.533605;Monocyte
4.9673405;6.460762;Monocyte
4.812288;6.1959543;Monocyte
6.076427;6.4797287;Monocyte
4.6499963;6.0905905;Monocyte
5.5055747;6.3494344;Monocyte
5.1544847;5.7095747;Monocyte
7.5448747;7.1081386;Monocyte
4.8106856;6.311429;Monocyte
4.587917;5.6493545;Monocyte
6.523943;7.03741;Monocyte
6.038701;6.743132;Monocyte
4.861527;6.1892276;Monocyte
5.054562;6.530176;Monocyte
7.2021527;6.9644423;Monocyte
8.799233;5.8508053;Monocyte
5.595097;6.348878;Monocyte
4.9360676;5.659056;Monocyte
4.242826;5.7538085;Monocyte
5.223534;6.1406384;Monocyte
5.826955;7.704572;Monocyte
5.6788917;6.241803;Monocyte
6.7088914;6.946714;Monocyte
6.977584;7.841997;Monocyte
5.314058;6.1580396;Monocyte
5.0399876;5.937957;Monocyte
4.928188;6.2826443;Monocyte
5.298392;6.038484;Monocyte
4.842304;6.1240277;Monocyte
4.6642704;5.840776;Monocyte
8.737348;5.9111047;Monocyte
5.396055;6.4104466;Monocyte
6.077016;6.9486628;Monocyte
5.9994;6.8521986;Monocyte
4.5504656;5.8761177;Monocyte
4.849287;6.225566;Monocyte
5.550216;6.287283;Monocyte
6.233563;7.0519342;Monocyte
5.0199594;5.736289;Monocyte
4.9834347;6.2669673;Monocyte
4.3891478;5.6322107;Monocyte
6.566116;6.934665;Monocyte
6.0325823;6.9812193;Monocyte
4.843097;6.0093064;Monocyte
4.9500256;5.6009073;Monocyte
4.704948;5.5509014;Monocyte
-2.2410421;18.948507;Monocyte
6.921271;7.2827835;Monocyte
4.9914427;6.035914;Monocyte
6.285353;7.0748215;Monocyte
5.250636;6.0211267;Monocyte
5.7210283;6.2714686;Monocyte
7.7208056;7.1042733;Monocyte
4.793713;5.8590293;Monocyte
-2.359965;18.949856;Monocyte
7.1785755;-4.8972383;Eosinophil
7.038534;-4.9866953;Eosinophil
7.666183;-3.0854056;Eosinophil
8.780044;-7.213114;Eosinophil
7.8407564;-4.605602;Eosinophil
7.066245;-5.555133;Eosinophil
8.438272;-4.797931;Eosinophil
8.072077;-5.81204;Eosinophil
8.071399;-4.4276204;Eosinophil
7.0203705;-4.0687847;Eosinophil
7.9463124;-4.893615;Eosinophil
7.9795146;-3.8587012;Eosinophil
7.618223;-3.9113095;Eosinophil
7.171002;-3.3792777;Eosinophil
8.659849;-6.287999;Eosinophil
7.13318;-3.671455;Eosinophil
8.271194;-4.286278;Eosinophil
7.234451;-4.0625205;Eosinophil
8.498273;-4.900973;Eosinophil
6.8921533;-3.8197968;Eosinophil
7.8671556;-4.44401;Eosinophil
7.1408305;-5.492879;Eosinophil
8.407516;-5.2215333;Eosinophil
7.6840243;-3.3819575;Eosinophil
7.571747;-3.5036807;Eosinophil
7.5752354;-6.059995;Eosinophil
8.015527;-3.5958831;Eosinophil
8.541113;-4.686923;Eosinophil
8.553834;-4.559945;Eosinophil
7.179877;-4.265171;Eosinophil
7.2837634;-4.874461;Eosinophil
7.6337996;-5.0301485;Eosinophil
8.507853;-4.4459796;Eosinophil
8.683801;-4.837109;Eosinophil
8.617839;-4.7776914;Eosinophil
6.8316393;-4.14372;Eosinophil
8.624484;-5.0370173;Eosinophil
8.848257;-5.818504;Eosinophil
7.5119762;-4.3512225;Eosinophil
-2.2521296;18.48556;Eosinophil
7.6618443;-5.939475;Eosinophil
7.2289195;-5.7415757;Eosinophil
8.721326;-5.1110415;Eosinophil
8.65074;-5.2448406;Eosinophil
7.81963;-4.7246056;Eosinophil
7.676739;-4.1248164;Eosinophil
7.4432597;-5.11662;Eosinophil
8.376216;-4.7448387;Eosinophil
7.792472;-5.810189;Eosinophil
8.588354;-5.164016;Eosinophil
8.600946;-4.8422213;Eosinophil
5.751223;-4.535435;Eosinophil
8.809997;-7.242426;Eosinophil
8.161661;-4.5465937;Eosinophil
8.709537;-6.005135;Eosinophil
8.575538;-5.9294887;Eosinophil
7.2347283;-3.7414365;Eosinophil
3.2556126;11.893609;Eosinophil
7.2690396;-4.399047;Eosinophil
7.732814;-4.1748266;Eosinophil
8.647664;-4.5184793;Eosinophil
6.871688;-4.099569;Eosinophil
8.517684;-4.7281785;Eosinophil
7.9364343;-3.6931055;Eosinophil
7.918113;-5.4173374;Eosinophil
8.819761;-4.6546197;Eosinophil
6.864954;-4.639646;Eosinophil
6.989347;-4.872831;Eosinophil
8.382066;-3.9980483;Eosinophil
8.092473;-6.2958035;Eosinophil
7.9969954;-4.185081;Eosinophil
6.856409;-4.6370683;Eosinophil
7.7241597;-5.701518;Eosinophil
5.7602777;-4.5293336;Eosinophil
7.440882;-5.3371215;Eosinophil
7.750418;-4.937708;Eosinophil
7.6133637;-4.501431;Eosinophil
8.127528;-5.561354;Eosinophil
7.352498;-5.4675965;Eosinophil
8.636774;-4.7902336;Eosinophil
8.710074;-5.242875;Eosinophil
7.16368;-3.7893968;Eosinophil
8.346287;-6.1148396;Eosinophil
7.8796954;-3.5347955;Eosinophil
7.8569317;-3.8909538;Eosinophil
8.863885;-5.234954;Eosinophil
7.4712806;-5.774422;Eosinophil
5.853174;-4.521192;Eosinophil
8.449082;-5.861149;Eosinophil
7.5940704;-5.2937684;Eosinophil
7.8129272;-6.3413773;Eosinophil
7.665528;-5.9901314;Eosinophil
8.712175;-5.0011168;Eosinophil
7.02938;-4.6958904;Eosinophil
7.7825418;-6.2233853;Eosinophil
8.683317;-5.557659;Eosinophil
7.2965617;-5.344779;Eosinophil
5.7480607;-4.532605;Eosinophil
7.4995604;-3.4188004;Eosinophil
7.6120086;-4.293107;Eosinophil
7.423362;-4.355429;Eosinophil
8.790978;-4.839517;Eosinophil
8.303168;-4.721382;Eosinophil
8.153659;-5.4765215;Eosinophil
7.6147914;-4.9769835;Eosinophil
7.9636335;-4.378711;Eosinophil
7.128471;-4.0904937;Eosinophil
8.280337;-5.867812;Eosinophil
8.070002;-3.9144669;Eosinophil
6.997457;-3.482641;Eosinophil
8.858768;-5.682284;Eosinophil
7.3856745;-4.6625166;Eosinophil
8.895316;-5.880402;Eosinophil
7.069336;-4.171474;Eosinophil
7.2897644;-4.2047415;Eosinophil
8.664074;-5.7926426;Eosinophil
8.482687;-4.264124;Eosinophil
8.709171;-4.644357;Eosinophil
7.867773;-3.205359;Eosinophil
8.024445;-5.4723783;Eosinophil
5.8069687;-4.5449185;Eosinophil
8.835474;-5.995127;Eosinophil
7.511731;-5.384213;Eosinophil
8.547953;-4.6561694;Eosinophil
8.680092;-5.7274942;Eosinophil
6.87053;-4.703345;Eosinophil
8.658056;-5.1705713;Eosinophil
7.631733;-3.269007;Eosinophil
8.188649;-6.247794;Eosinophil
7.6688557;-3.809284;Eosinophil
7.0304856;-5.1209493;Eosinophil
8.091745;-4.5480037;Eosinophil
7.115046;-3.827671;Eosinophil
8.513009;-5.0521774;Eosinophil
7.8980966;-3.4996097;Eosinophil
7.9527817;-6.3027835;Eosinophil
8.659248;-4.8673944;Eosinophil
7.463385;-5.683726;Eosinophil
7.413147;-4.602899;Eosinophil
7.9582353;-3.9957461;Eosinophil
8.786974;-5.510098;Eosinophil
8.183649;-4.244673;Eosinophil
1.2624683;11.4976425;Eosinophil
8.853703;-6.12296;Eosinophil
7.0101466;-3.80776;Eosinophil
7.9164453;-4.4670553;Eosinophil
7.7597847;-5.925867;Eosinophil
8.806074;-7.2690253;Eosinophil
8.771404;-7.188975;Eosinophil
8.566146;-4.5995994;Eosinophil
7.2616367;-3.3480918;Eosinophil
7.741314;-3.5853019;Eosinophil
8.144191;-6.0313053;Eosinophil
5.7345037;-4.535396;Eosinophil
7.854737;-5.596323;Eosinophil
7.7918067;-6.214852;Eosinophil
7.014728;-4.5633464;Eosinophil
7.420715;-5.1185803;Eosinophil
7.2502165;-5.457063;Eosinophil
7.5925403;-4.237098;Eosinophil
7.1555457;-4.6647816;Eosinophil
7.857767;-5.627553;Eosinophil
7.474819;-4.482964;Eosinophil
7.35723;-4.3413234;Eosinophil
8.822597;-6.122353;Eosinophil
6.84654;-4.006083;Eosinophil
8.605421;-6.0091124;Eosinophil
8.173864;-6.3630233;Eosinophil
6.8516245;-4.833481;Eosinophil
7.564708;-4.188463;Eosinophil
7.5704885;-3.6934915;Eosinophil
7.1757517;-4.496375;Eosinophil
7.401826;-4.737697;Eosinophil
8.098245;-4.864836;Eosinophil
7.8915334;-4.2773566;Eosinophil
8.822433;-7.266493;Eosinophil
8.08371;-3.9836416;Eosinophil
7.687987;-5.614946;Eosinophil
7.634316;-3.0715754;Eosinophil
7.3456926;-4.1565757;Eosinophil
-2.5156524;18.67742;Eosinophil
8.608399;-4.8103495;Eosinophil
7.0445304;-4.3954477;Eosinophil
7.440357;-3.1196413;Eosinophil
8.347074;-4.1904073;Eosinophil
8.057094;-3.650024;Eosinophil
7.4195414;-4.63829;Eosinophil
8.672119;-5.0117526;Eosinophil
7.6709085;-5.3764763;Eosinophil
8.774327;-5.716804;Eosinophil
7.052223;-4.635271;Eosinophil
8.2043085;-6.31846;Eosinophil
7.983279;-4.637086;Eosinophil
7.9412394;-3.2747467;Eosinophil
7.7144165;-4.4777346;Eosinophil
7.874443;-4.470579;Eosinophil
7.934577;-5.4684563;Eosinophil
8.343;-4.282563;Eosinophil
8.6936245;-4.5002437;Eosinophil
8.151069;-5.730835;Eosinophil
7.2016754;-4.9913173;Eosinophil
8.293283;-5.8168325;Eosinophil
7.6385694;-4.05244;Eosinophil
7.307819;-3.4204154;Eosinophil
8.270333;-4.1868877;Eosinophil
7.810707;-4.3378286;Eosinophil
7.8211064;-5.5770698;Eosinophil
7.913715;-6.217409;Eosinophil
8.038309;-5.978245;Eosinophil
7.4214196;-4.6826625;Eosinophil
7.573467;-5.365679;Eosinophil
7.801343;-3.6498315;Eosinophil
7.3257427;-5.75825;Eosinophil
7.8501368;-5.9700236;Eosinophil
7.564847;-3.7457025;Eosinophil
7.427438;-4.3695397;Eosinophil
8.28609;-4.2720404;Eosinophil
7.9613547;-5.0710483;Eosinophil
8.604208;-6.314426;Eosinophil
7.5051837;-5.2563233;Eosinophil
8.452371;-5.870723;Eosinophil
6.860894;-4.704273;Eosinophil
8.499425;-4.6908803;Eosinophil
7.6730394;-3.2804704;Eosinophil
8.600652;-4.4962425;Eosinophil
8.242831;-4.1676555;Eosinophil
8.689696;-5.0433116;Eosinophil
7.4555354;-4.235154;Eosinophil
8.548446;-5.7754493;Eosinophil
8.579384;-5.9364257;Eosinophil
7.582432;-3.6727023;Eosinophil
7.4792895;-3.4360595;Eosinophil
6.9462986;-4.8177056;Eosinophil
7.40737;-5.080674;Eosinophil
7.918003;-4.785424;Eosinophil
7.7153697;-3.2026072;Eosinophil
7.800638;-3.637571;Eosinophil
8.747889;-6.087821;Eosinophil
8.274918;-4.402409;Eosinophil
7.57841;-5.8701735;Eosinophil
7.0885277;-3.7926023;Eosinophil
7.7592983;-3.4580078;Eosinophil
8.759647;-4.8015456;Eosinophil
8.824148;-7.261892;Eosinophil
8.251419;-4.470614;Eosinophil
6.9425173;-4.2271004;Eosinophil
6.9032993;-4.2757707;Eosinophil
8.580402;-6.170563;Eosinophil
8.636879;-4.6547914;Eosinophil
8.050281;-3.4057584;Eosinophil
6.922841;-4.0225916;Eosinophil
7.730616;-3.1806831;Eosinophil
8.374399;-6.091879;Eosinophil
7.9191704;-4.687218;Eosinophil
7.0007253;-3.6524003;Eosinophil
7.889145;-6.1249433;Eosinophil
8.802518;-7.22302;Eosinophil
7.835152;-4.5151515;Eosinophil
8.730817;-5.062916;Eosinophil
-2.1891992;18.416265;Eosinophil
7.3880086;-4.9445486;Eosinophil
7.177099;-4.710886;Eosinophil
7.2018704;-5.5876727;Eosinophil
7.648076;-3.8812208;Eosinophil
7.9522147;-5.2972;Eosinophil
7.06535;-4.220937;Eosinophil
7.1348133;-5.032462;Eosinophil
8.045964;-6.294702;Eosinophil
7.1653776;-4.3907595;Eosinophil
7.853728;-3.7605965;Eosinophil
8.209456;-6.229639;Eosinophil
8.252673;-3.7387521;Eosinophil
7.1769576;-4.413095;Eosinophil
7.9253883;-5.103596;Eosinophil
7.757311;-5.2298894;Eosinophil
8.221999;-4.891144;Eosinophil
8.652152;-4.380576;Eosinophil
7.9478908;-5.829203;Eosinophil
7.6737876;-3.2046397;Eosinophil
6.9481025;-3.805497;Eosinophil
7.034596;-4.683373;Eosinophil
-5.463086;3.553903;Eosinophil
-2.2556064;18.471046;Eosinophil
7.2706294;-3.7152152;Eosinophil
7.7870626;-4.5876784;Eosinophil
7.4238234;-4.7011185;Eosinophil
7.4788136;-5.5972095;Eosinophil
7.7791867;-5.7207146;Eosinophil
-2.578085;18.776249;Eosinophil
7.8862705;-3.8013573;Eosinophil
7.8066006;-4.1917496;Eosinophil
7.9368443;-3.4802155;Eosinophil
8.487939;-5.234122;Eosinophil
7.699055;-3.1312497;Eosinophil
7.9762692;-5.6426396;Eosinophil
8.758794;-4.907887;Eosinophil
8.698668;-4.44219;Eosinophil
7.2551413;-3.8048756;Eosinophil
8.562615;-4.4360347;Eosinophil
7.3792915;-3.1928163;Eosinophil
7.190049;-5.4248366;Eosinophil
7.658239;-5.616021;Eosinophil
8.624331;-5.679509;Eosinophil
7.725832;-5.4442196;Eosinophil
8.827044;-5.970833;Eosinophil
7.747138;-3.1048343;Eosinophil
8.71148;-6.0808253;Eosinophil
7.7632565;-3.3743665;Eosinophil
7.1501403;-5.500882;Eosinophil
7.487909;-4.510265;Eosinophil
7.2983627;-3.8428876;Eosinophil
7.894381;-6.20464;Eosinophil
8.093758;-5.584305;Eosinophil
7.2301955;-3.7858243;Eosinophil
8.711032;-6.9680414;Eosinophil
7.738047;-5.433618;Eosinophil
7.097837;-3.8538408;Eosinophil
7.2961025;-4.2970395;Eosinophil
7.704481;-5.9610634;Eosinophil
7.2282643;-3.8102036;Eosinophil
7.784331;-3.4010844;Eosinophil
8.192674;-3.8591256;Eosinophil
8.880989;-6.10924;Eosinophil
7.016433;-4.846279;Eosinophil
8.04316;-4.71648;Eosinophil
7.798114;-5.9357595;Eosinophil
7.39868;-5.154598;Eosinophil
7.699737;-3.7818556;Eosinophil
8.666474;-5.5179043;Eosinophil
8.0292845;-5.7241273;Eosinophil
8.44604;-4.7141147;Eosinophil
8.374362;-4.474624;Eosinophil
8.383444;-4.22219;Eosinophil
6.932666;-4.0035434;Eosinophil
7.291108;-3.3977652;Eosinophil
6.871944;-4.027785;Eosinophil
8.467171;-5.6586432;Eosinophil
7.49378;-4.964651;Eosinophil
8.442179;-4.428143;Eosinophil
7.5012074;-4.913589;Eosinophil
7.797754;-4.852145;Eosinophil
8.096551;-4.0830417;Eosinophil
7.648769;-5.649012;Eosinophil
7.7868967;-5.3173075;Eosinophil
7.2405534;-4.3168435;Eosinophil
7.8194275;-5.519253;Eosinophil
8.633575;-5.098803;Eosinophil
8.621316;-4.7024255;Eosinophil
8.685803;-4.752942;Eosinophil
8.089176;-3.883766;Eosinophil
8.436152;-4.7900233;Eosinophil
7.2553854;-4.7088556;Eosinophil
7.3451934;-5.621147;Eosinophil
8.685593;-4.8748584;Eosinophil
7.4234586;-3.9387379;Eosinophil
8.242863;-4.7929482;Eosinophil
7.6070666;-4.0347986;Eosinophil
8.734672;-5.9327083;Eosinophil
5.7664943;-4.53591;Eosinophil
7.134054;-3.3538375;Eosinophil
8.673512;-4.5026083;Eosinophil
8.365551;-4.7261424;Eosinophil
5.7401114;-4.4981933;Eosinophil
8.076559;-3.4666438;Eosinophil
8.707119;-4.746417;Eosinophil
7.4334517;-3.5122373;Eosinophil
8.072596;-3.6871817;Eosinophil
7.7673197;-4.8913026;Eosinophil
8.13767;-3.4920535;Eosinophil
7.44369;-5.6104617;Eosinophil
6.996413;-4.2979784;Eosinophil
7.7176514;-5.492604;Eosinophil
7.772081;-3.842464;Eosinophil
7.2894464;-5.4925165;Eosinophil
8.500481;-4.8929334;Eosinophil
8.567976;-4.316818;Eosinophil
7.1059937;-5.080108;Eosinophil
6.804624;-4.6150537;Eosinophil
7.8640456;-5.8919773;Eosinophil
7.960146;-5.8115125;Eosinophil
6.9045997;-4.6210823;Eosinophil
7.694489;-6.117321;Eosinophil
7.2261357;-5.0663433;Eosinophil
8.148713;-4.264919;Eosinophil
8.341367;-4.5722275;Eosinophil
7.313552;-3.6493845;Eosinophil
7.6242743;-4.523031;Eosinophil
7.8280435;-6.0355797;Eosinophil
8.4310875;-4.295989;Eosinophil
7.6124125;-4.480757;Eosinophil
8.041467;-4.850386;Eosinophil
7.160248;-4.915126;Eosinophil
8.630115;-4.4391584;Eosinophil
8.694029;-6.094481;Eosinophil
6.9892545;-4.8765097;Eosinophil
8.831192;-7.2694;Eosinophil
7.592665;-4.0322466;Eosinophil
6.912524;-3.8788142;Eosinophil
8.684412;-5.571833;Eosinophil
7.882743;-3.8641114;Eosinophil
7.398898;-5.2998457;Eosinophil
7.73109;-3.7174678;Eosinophil
7.751857;-5.3624425;Eosinophil
8.599404;-4.616821;Eosinophil
7.1523275;-4.247782;Eosinophil
8.104767;-5.981086;Eosinophil
8.738017;-4.805095;Eosinophil
7.7493258;-5.310282;Eosinophil
7.262511;-4.8312197;Eosinophil
6.9570255;-3.755985;Eosinophil
8.103591;-4.7906547;Eosinophil
7.845218;-6.3299246;Eosinophil
8.079999;-6.2453895;Eosinophil
7.1604614;-5.4414473;Eosinophil
8.782386;-4.716033;Eosinophil
8.081666;-3.669421;Eosinophil
7.7245927;-3.2946486;Eosinophil
8.278603;-3.5186267;Eosinophil
7.875646;-6.3125014;Eosinophil
7.8282466;-5.0298433;Eosinophil
8.050232;-5.766843;Eosinophil
8.25747;-4.3622174;Eosinophil
7.1481256;-4.8229384;Eosinophil
8.0668125;-5.415135;Eosinophil
8.669105;-5.277812;Eosinophil
8.768625;-4.6033664;Eosinophil
-2.2723708;18.51174;Eosinophil
8.149893;-4.8759117;Eosinophil
7.726387;-5.2649074;Eosinophil
7.6710405;-4.2161937;Eosinophil
-2.2997217;18.450056;Eosinophil
7.9846683;-4.288744;Eosinophil
8.792907;-5.9016924;Eosinophil
7.951296;-3.281665;Eosinophil
8.852738;-4.76745;Eosinophil
8.045649;-6.223146;Eosinophil
8.264594;-5.985995;Eosinophil
-2.21134;18.5558;Eosinophil
7.842196;-4.5932465;Eosinophil
7.328104;-3.498308;Eosinophil
7.638285;-5.447978;Eosinophil
8.193298;-5.277804;Eosinophil
5.7845616;-4.5409636;Eosinophil
8.025156;-6.3388076;Eosinophil
8.534914;9.12389;Eosinophil
7.4611406;-5.4416566;Eosinophil
7.567677;-4.795124;Eosinophil
8.8142;-5.9735436;Eosinophil
7.980599;-3.3053277;Eosinophil
5.797956;-4.537472;Eosinophil
7.528486;-4.939234;Eosinophil
8.543939;-4.8052425;Eosinophil
8.281632;-5.1078386;Eosinophil
8.824436;-6.0595016;Eosinophil
8.096039;-4.7131066;Eosinophil
7.0801516;-5.1642227;Eosinophil
8.444358;-4.1278696;Eosinophil
8.366954;-4.3485875;Eosinophil
7.4493647;-4.028523;Eosinophil
8.464371;-4.575736;Eosinophil
7.5185113;-3.7539191;Eosinophil
7.7889433;-3.651687;Eosinophil
7.8195887;-3.4351711;Eosinophil
7.8037786;-3.9951103;Eosinophil
7.562225;-5.3320336;Eosinophil
7.1559916;-5.599679;Eosinophil
7.1377997;-4.606219;Eosinophil
8.553768;-5.2594295;Eosinophil
8.1040945;-3.5228922;Eosinophil
7.9007688;-4.058248;Eosinophil
7.65781;-3.4328227;Eosinophil
6.994358;-4.233165;Eosinophil
6.692356;-4.495928;Eosinophil
8.281165;-4.7968893;Eosinophil
7.735335;-4.198507;Eosinophil
7.7487316;-4.4034276;Eosinophil
6.7991686;-4.1375976;Eosinophil
7.7423882;-3.3598924;Eosinophil
7.808591;-5.520278;Eosinophil
6.9229803;-5.241667;Eosinophil
8.657115;-4.955306;Eosinophil
8.173849;-5.483243;Eosinophil
7.2201357;-4.568138;Eosinophil
7.727928;-5.644878;Eosinophil
8.053062;-4.549925;Eosinophil
7.32195;-3.4006104;Eosinophil
7.0628524;-5.053309;Eosinophil
8.264905;-5.958245;Eosinophil
8.778736;-6.3769455;Eosinophil
7.558442;-4.3748164;Eosinophil
8.1215105;-5.539537;Eosinophil
7.901826;-4.9767756;Eosinophil
7.510407;-5.491688;Eosinophil
8.711287;-5.596855;Eosinophil
8.448516;-4.2804575;Eosinophil
7.7184987;-3.0819628;Eosinophil
7.9946213;-4.645485;Eosinophil
7.756011;-3.7849014;Eosinophil
8.713926;-5.4623847;Eosinophil
7.1071815;-4.810882;Eosinophil
6.7854486;-4.421558;Eosinophil
7.8992243;-3.6317475;Eosinophil
7.795857;-5.7805443;Eosinophil
7.055126;-4.9617085;Eosinophil
8.189581;-4.3017817;Eosinophil
8.16741;-3.8493028;Eosinophil
8.860237;-7.3254633;Eosinophil
7.8965945;-3.368746;Eosinophil
8.768926;-5.1615314;Eosinophil
8.192443;-5.7522426;Eosinophil
7.116307;-4.598726;Eosinophil
7.4428043;-4.224229;Eosinophil
7.0346036;-4.3285584;Eosinophil
7.1584244;-4.1006985;Eosinophil
8.212501;-5.776082;Eosinophil
8.867821;-5.7837963;Eosinophil
8.203775;-5.6960177;Eosinophil
7.552335;-4.654823;Eosinophil
8.214066;-4.824687;Eosinophil
8.41153;-6.083526;Eosinophil
8.479915;-5.039346;Eosinophil
7.89241;-5.5751543;Eosinophil
8.829394;-5.1057906;Eosinophil
7.12549;-4.4800124;Eosinophil
7.561438;-3.1445582;Eosinophil
7.6844344;-4.4427257;Eosinophil
8.087445;-3.9369297;Eosinophil
8.458461;-5.9883666;Eosinophil
7.591034;-3.9989092;Eosinophil
7.3212442;-3.9810753;Eosinophil
7.4632463;-3.3815455;Eosinophil
7.9543066;-3.5597997;Eosinophil
8.819888;-5.537758;Eosinophil
7.3320765;-4.5718117;Eosinophil
8.339574;-4.3043766;Eosinophil
8.579578;-4.6802197;Eosinophil
7.578512;-5.9415855;Eosinophil
7.3907576;-3.9591043;Eosinophil
7.56138;-5.435615;Eosinophil
7.810229;-4.1148205;Eosinophil
7.0247884;-4.06249;Eosinophil
7.9813447;-6.1449914;Eosinophil
8.518387;-4.2674694;Eosinophil
8.073572;-5.0410132;Eosinophil
7.529119;-3.8647764;Eosinophil
5.7219753;-4.49608;Eosinophil
7.783599;-3.7046063;Eosinophil
7.3177166;-5.6203275;Eosinophil
8.363509;-4.8463283;Eosinophil
8.57841;-5.3020554;Eosinophil
7.608412;-5.2122583;Eosinophil
8.212495;-4.655842;Eosinophil
8.603498;-6.244876;Eosinophil
8.270491;-4.197395;Eosinophil
7.551039;-5.412749;Eosinophil
-2.244641;18.470728;Eosinophil
7.3747168;-4.763156;Eosinophil
7.3876915;-4.817105;Eosinophil
6.9646735;-4.6930904;Eosinophil
7.4839077;-3.8630009;Eosinophil
8.841619;-5.894527;Eosinophil
7.6365466;-5.5455666;Eosinophil
7.8651;-4.604557;Eosinophil
8.864278;-5.6748767;Eosinophil
7.021066;-4.61179;Eosinophil
-2.2229576;18.465668;Eosinophil
8.737479;-4.8498425;Eosinophil
8.0265255;-5.8947644;Eosinophil
7.6394176;-5.3775373;Eosinophil
7.9850183;-4.4379344;Eosinophil
8.281231;-4.9164085;Eosinophil
8.767258;-6.006708;Eosinophil
6.995987;-3.5844975;Eosinophil
7.1044545;-4.5973926;Eosinophil
8.6692095;-4.8678155;Eosinophil
7.831595;-6.248463;Eosinophil
8.136307;-3.7462816;Eosinophil
7.0778065;-5.2333617;Eosinophil
6.926218;-4.7611203;Eosinophil
7.874547;-5.0819616;Eosinophil
8.384928;-4.885203;Eosinophil
8.790585;-5.70353;Eosinophil
8.36299;-5.736392;Eosinophil
8.36452;-5.6587205;Eosinophil
8.165637;-6.1414847;Eosinophil
7.312375;-3.3886588;Eosinophil
8.417264;-4.4276576;Eosinophil
8.695001;-4.633184;Eosinophil
7.9807696;-5.874372;Eosinophil
7.3025756;-4.0375834;Eosinophil
7.335427;-5.4845657;Eosinophil
7.7887754;-3.4468787;Eosinophil
7.634176;-3.384561;Eosinophil
8.887962;-5.628759;Eosinophil
8.314462;-5.754706;Eosinophil
8.115466;-4.33213;Eosinophil
7.249178;-3.8288188;Eosinophil
8.11653;-4.1014237;Eosinophil
7.0394936;-4.04766;Eosinophil
8.55409;-6.11273;Eosinophil
7.111211;-3.5977108;Eosinophil
7.3081675;-4.1768537;Eosinophil
7.0372477;-3.4126391;Eosinophil
7.8642187;-3.433133;Eosinophil
8.252768;-5.209777;Eosinophil
8.326209;-4.020074;Eosinophil
8.262588;-4.667092;Eosinophil
7.1046205;-4.710332;Eosinophil
6.9858427;-4.708258;Eosinophil
8.845172;-5.8491244;Eosinophil
7.82917;-3.7253423;Eosinophil
8.600662;-5.360888;Eosinophil
5.8397336;-4.5013995;Eosinophil
8.158111;-3.494882;Eosinophil
7.9060383;-4.242809;Eosinophil
8.660401;-5.22126;Eosinophil
7.86294;-4.0157824;Eosinophil
7.808555;-4.701944;Eosinophil
7.8145967;-3.2013035;Eosinophil
8.827874;-7.26918;Eosinophil
7.2133727;-5.3375926;Eosinophil
7.4030037;-5.204735;Eosinophil
7.842922;-4.484159;Eosinophil
7.1976833;-4.9016066;Eosinophil
8.3953705;-4.0202503;Eosinophil
7.851482;-3.4873803;Eosinophil
6.898772;-4.5239005;Eosinophil
6.892738;-4.7140603;Eosinophil
8.213928;-3.8649538;Eosinophil
7.92448;-6.0616813;Eosinophil
7.3404565;-5.2346478;Eosinophil
6.945074;-4.6934686;Eosinophil
7.550518;-3.3737698;Eosinophil
6.8416395;-3.8521004;Eosinophil
7.504492;-4.5968738;Eosinophil
8.328724;-4.728938;Eosinophil
7.9536467;-4.2938666;Eosinophil
8.734292;-4.863461;Eosinophil
-2.3190198;18.512001;Eosinophil
7.621747;-3.1574614;Eosinophil
8.003814;-5.3597136;Eosinophil
7.3915443;-4.2843776;Eosinophil
8.404588;-4.1864653;Eosinophil
6.9639573;-4.506645;Eosinophil
7.50367;-4.745074;Eosinophil
7.466354;-5.7061286;Eosinophil
7.774675;-3.9824224;Eosinophil
8.628733;-4.456523;Eosinophil
8.281504;-4.985135;Eosinophil
7.197767;-3.5746977;Eosinophil
8.797007;-6.146977;Eosinophil
7.764923;-3.2873855;Eosinophil
7.433524;-5.332234;Eosinophil
5.7411304;-4.5259824;Eosinophil
8.075667;-3.5729702;Eosinophil
8.047837;-3.9354162;Eosinophil
8.644752;-5.3317494;Eosinophil
7.0997853;-4.0999465;Eosinophil
7.367982;-4.2382007;Eosinophil
8.156899;-5.384581;Eosinophil
7.593824;-3.6397936;Eosinophil
8.666688;-4.4526653;Eosinophil
7.0663886;-3.9759696;Eosinophil
7.12301;-3.8535306;Eosinophil
8.63796;-5.323952;Eosinophil
8.504223;-5.254461;Eosinophil
8.846727;-7.309226;Eosinophil
8.0786;-4.693991;Eosinophil
8.816034;-5.798929;Eosinophil
7.1517076;-4.9881516;Eosinophil
7.6862454;-3.6968668;Eosinophil
7.1009507;-4.517178;Eosinophil
8.017967;-6.1570163;Eosinophil
6.938804;-3.978434;Eosinophil
7.705695;-3.9823308;Eosinophil
8.071946;-3.9837804;Eosinophil
8.1906805;-6.027172;Eosinophil
8.754125;-5.722906;Eosinophil
8.603905;-5.3004975;Eosinophil
8.007606;-5.1098228;Eosinophil
7.016449;-4.0022116;Eosinophil
8.818173;-7.21357;Eosinophil
7.768644;-5.3976674;Eosinophil
6.9000025;-4.5459337;Eosinophil
8.692889;-4.8542995;Eosinophil
8.591317;-5.4916906;Eosinophil
8.149275;-5.146959;Eosinophil
5.753139;-4.5141125;Eosinophil
8.818927;-4.7478414;Eosinophil
8.308807;-5.7939672;Eosinophil
7.454792;-5.8985496;Eosinophil
8.457357;-5.9181824;Eosinophil
7.0973563;-4.3588305;Eosinophil
7.4856467;-3.8912532;Eosinophil
7.0280848;-4.7938;Eosinophil
8.8441305;-5.9149356;Eosinophil
7.885155;-3.6335382;Eosinophil
7.7517514;-3.3448362;Eosinophil
7.5729876;-3.3808806;Eosinophil
8.1124115;-3.678361;Eosinophil
7.7343254;-5.494237;Eosinophil
7.2810235;-5.460873;Eosinophil
7.557823;-3.1886387;Eosinophil
7.9676337;-6.3946266;Eosinophil
8.107734;-6.193243;Eosinophil
7.3837485;-4.3147974;Eosinophil
8.087391;-5.224609;Eosinophil
7.9980354;-4.5064917;Eosinophil
8.745549;-6.3839064;Eosinophil
7.507474;-3.2958713;Eosinophil
8.814723;-4.9530745;Eosinophil
8.370318;-4.6524363;Eosinophil
8.634882;-4.3983836;Eosinophil
8.761781;-5.030311;Eosinophil
7.964013;-4.89695;Eosinophil
6.791394;-4.002379;Eosinophil
8.100667;-3.7059953;Eosinophil
8.7128;-5.5528092;Eosinophil
7.6908245;-3.5428545;Eosinophil
7.355997;-3.2124362;Eosinophil
8.29628;-5.7376027;Eosinophil
7.091222;-3.4281852;Eosinophil
8.023816;-3.9472177;Eosinophil
7.726799;-3.09098;Eosinophil
7.2290645;-4.2783146;Eosinophil
7.594489;-4.3932157;Eosinophil
7.7354746;-5.7325306;Eosinophil
7.682185;-5.2860537;Eosinophil
8.3779745;-5.27489;Eosinophil
7.719239;-5.954525;Eosinophil
8.430923;-4.4720597;Eosinophil
8.711194;-4.905647;Eosinophil
7.4204736;-4.139216;Eosinophil
7.648008;-3.6094112;Eosinophil
8.813115;-6.083142;Eosinophil
7.547317;-5.205601;Eosinophil
8.6753;-6.2261686;Eosinophil
7.944133;-5.290938;Eosinophil
8.756295;-6.40864;Eosinophil
8.012535;-6.2014184;Eosinophil
7.314643;-3.3404927;Eosinophil
8.216231;-3.5773947;Eosinophil
8.434898;-5.6370783;Eosinophil
7.0747385;-5.4853253;Eosinophil
8.723746;-6.922901;Eosinophil
7.496069;-4.921535;Eosinophil
7.6317096;-5.0858145;Eosinophil
7.923803;-3.57987;Eosinophil
7.1213884;-3.6002996;Eosinophil
7.456368;-4.8153043;Eosinophil
5.809973;-4.524458;Eosinophil
7.107606;-4.386672;Eosinophil
7.39871;-5.7514687;Eosinophil
6.792679;-4.4651027;Eosinophil
7.778511;-3.962564;Eosinophil
7.5076523;-3.7713575;Eosinophil
8.299243;-5.6018596;Eosinophil
8.951209;-5.2558913;Eosinophil
7.8920794;-4.660772;Eosinophil
7.7953563;-3.4392304;Eosinophil
8.300152;-5.2093153;Eosinophil
8.817803;-5.318798;Eosinophil
7.191451;-3.3990674;Eosinophil
7.3531456;-3.4776013;Eosinophil
7.9771957;-3.5849197;Eosinophil
5.778289;-4.5374618;Eosinophil
8.8382435;-6.0000677;Eosinophil
8.154623;-3.8100147;Eosinophil
8.2691345;-4.3294983;Eosinophil
8.77852;-6.395632;Eosinophil
8.445979;-4.1825776;Eosinophil
7.2573915;-3.2157583;Eosinophil
8.822755;-7.263803;Eosinophil
7.4639745;-4.656773;Eosinophil
7.5978403;-3.8793576;Eosinophil
8.498115;-5.4774857;Eosinophil
7.4706626;-4.553046;Eosinophil
7.874182;-5.4917893;Eosinophil
7.940245;-5.830681;Eosinophil
7.793896;-5.501969;Eosinophil
8.157576;-5.3973637;Eosinophil
8.47614;-6.033104;Eosinophil
8.635413;-4.5988812;Eosinophil
8.376274;-6.353118;Eosinophil
7.1554837;-3.320412;Eosinophil
8.642105;-4.8156786;Eosinophil
7.607669;-5.233426;Eosinophil
-2.274232;18.472296;Eosinophil
7.001064;-4.865717;Eosinophil
8.782001;-4.914607;Eosinophil
8.833287;-6.0156116;Eosinophil
6.7908187;-3.983561;Eosinophil
8.15299;-5.370592;Eosinophil
7.5429974;-3.1720386;Eosinophil
8.039359;-3.924555;Eosinophil
7.7473083;-3.99399;Eosinophil
7.9023943;-3.5187514;Eosinophil
8.626044;-5.8393316;Eosinophil
8.5995;-5.940191;Eosinophil
6.918044;-4.5316153;Eosinophil
8.226747;-4.3383684;Eosinophil
7.7904987;-4.6083016;Eosinophil
7.6256022;-5.4700513;Eosinophil
8.640727;-5.299273;Eosinophil
7.6622324;-4.0977244;Eosinophil
7.431828;-4.2201552;Eosinophil
8.881172;-4.62679;Eosinophil
8.644017;-4.4793315;Eosinophil
8.447106;-5.035904;Eosinophil
7.8645387;-5.6037993;Eosinophil
8.028502;-5.3067565;Eosinophil
8.065206;-4.0056324;Eosinophil
7.310506;-5.597004;Eosinophil
8.839047;-4.779137;Eosinophil
7.622786;-4.860864;Eosinophil
8.84422;-4.8993583;Eosinophil
8.109473;-5.551245;Eosinophil
8.3233595;-5.033498;Eosinophil
8.128861;-5.5539956;Eosinophil
7.622743;-4.404531;Eosinophil
7.971581;-4.6838365;Eosinophil
8.857765;-5.1377254;Eosinophil
8.73103;-5.4468575;Eosinophil
7.3832555;-4.763552;Eosinophil
-2.2377934;18.403221;Eosinophil
7.2119;-5.2179785;Eosinophil
7.8096266;-4.438861;Eosinophil
7.8545194;-4.6638865;Eosinophil
8.756445;-5.196911;Eosinophil
8.798098;-4.8876534;Eosinophil
8.408483;-5.720509;Eosinophil
8.633299;-5.312878;Eosinophil
8.102659;-4.7478013;Eosinophil
7.8508277;-5.7559137;Eosinophil
7.376271;-5.4385257;Eosinophil
8.039663;-4.318272;Eosinophil
8.045143;-5.340111;Eosinophil
8.175775;-4.2173333;Eosinophil
7.6331177;-4.0828967;Eosinophil
5.209096;9.428947;Eosinophil
7.230199;-5.023349;Eosinophil
8.457351;-4.417103;Eosinophil
8.656893;-6.305359;Eosinophil
8.275738;-4.0692587;Eosinophil
7.71964;-3.7322903;Eosinophil
8.653638;-5.9821725;Eosinophil
7.9174247;-5.8062797;Eosinophil
8.193653;-4.572531;Eosinophil
7.3379207;-4.5243397;Eosinophil
8.783541;-4.9097;Eosinophil
7.534252;-3.627638;Eosinophil
8.778533;-7.1944304;Eosinophil
7.3959384;-4.6400805;Eosinophil
7.3098526;-3.5672963;Eosinophil
8.426777;-5.4603972;Eosinophil
8.757689;-4.715175;Eosinophil
7.369953;-3.2048311;Eosinophil
7.511433;-4.4118114;Eosinophil
8.257331;-5.5433903;Eosinophil
8.813605;-4.950014;Eosinophil
7.618856;-3.7157693;Eosinophil
8.631868;-4.4516354;Eosinophil
7.893664;-4.4757643;Eosinophil
7.916193;-4.7275705;Eosinophil
7.6442847;-3.1516895;Eosinophil
8.018669;-6.2205215;Eosinophil
8.159887;-4.998293;Eosinophil
8.28862;-4.6564164;Eosinophil
8.85744;-5.277522;Eosinophil
8.743173;-4.7122865;Eosinophil
8.04551;-5.0354757;Eosinophil
8.135279;-4.733265;Eosinophil
7.347319;-5.5892234;Eosinophil
7.8802705;-3.7147412;Eosinophil
-5.487893;3.561957;Eosinophil
8.969122;-5.6796346;Eosinophil
7.8103476;-3.156218;Eosinophil
7.125247;-4.3029284;Eosinophil
7.315697;-3.2719836;Eosinophil
8.263169;-4.4916277;Eosinophil
8.26625;-4.246962;Eosinophil
8.806131;-7.240457;Eosinophil
8.094509;-5.9361353;Eosinophil
7.934793;-4.431393;Eosinophil
7.6335673;-3.120957;Eosinophil
8.189653;-5.352178;Eosinophil
7.615317;-4.3057656;Eosinophil
5.9314957;-4.5126143;Eosinophil
7.588722;-4.9775386;Eosinophil
8.143987;-4.302673;Eosinophil
7.4666305;-5.3188124;Eosinophil
6.90722;-3.8897097;Eosinophil
8.15089;-4.1799417;Eosinophil
8.35288;-5.5952053;Eosinophil
8.795715;-5.9755144;Eosinophil
8.476767;-4.8397985;Eosinophil
7.2273507;-3.885267;Eosinophil
7.1767907;-4.3761606;Eosinophil
7.6723022;-4.560812;Eosinophil
7.888261;-4.318071;Eosinophil
7.040695;-4.641162;Eosinophil
8.658999;-5.2960477;Eosinophil
8.255531;-5.8252816;Eosinophil
8.551656;-5.7046924;Eosinophil
8.785121;-7.209718;Eosinophil
8.412604;-4.4691424;Eosinophil
8.792423;-7.2104545;Eosinophil
8.67672;-5.655915;Eosinophil
7.4860873;-3.3065543;Eosinophil
7.257135;-4.537542;Eosinophil
7.888861;-3.5199485;Eosinophil
7.2507505;-3.847655;Eosinophil
8.5339985;-4.4119015;Eosinophil
7.075909;-4.984093;Eosinophil
7.5883913;-4.0356083;Eosinophil
8.810685;-5.0068927;Eosinophil
8.298339;-4.6879916;Eosinophil
7.988106;-4.3573375;Eosinophil
7.359288;-4.589677;Eosinophil
7.436511;-3.7659075;Eosinophil
5.748712;-4.539127;Eosinophil
7.8479786;-3.7983925;Eosinophil
7.618077;-4.326283;Eosinophil
7.265548;-4.8707643;Eosinophil
8.113401;-4.4927983;Eosinophil
7.093714;-5.5707235;Eosinophil
8.643802;-4.5546865;Eosinophil
7.429087;-4.2361608;Eosinophil
7.772841;-3.3114176;Eosinophil
7.826685;-3.3911164;Eosinophil
8.571072;-5.965126;Eosinophil
8.628036;-5.7682366;Eosinophil
8.065477;-4.370958;Eosinophil
8.539327;-4.479793;Eosinophil
6.7863703;-4.1654644;Eosinophil
8.292247;-6.2874007;Eosinophil
7.0971766;-4.407113;Eosinophil
8.057381;-4.6602216;Eosinophil
7.043919;-4.572454;Eosinophil
7.4357533;-5.004471;Eosinophil
8.202493;-4.358983;Eosinophil
7.561145;-3.212944;Eosinophil
7.2714634;-4.524395;Eosinophil
7.2595186;-4.5475016;Eosinophil
8.777201;-6.067434;Eosinophil
7.0234547;-4.695641;Eosinophil
7.6266236;-5.4586425;Eosinophil
7.2806005;-4.2775054;Eosinophil
8.764756;-7.2374988;Eosinophil
7.9114456;-4.788363;Eosinophil
7.9094687;-4.3836336;Eosinophil
8.116522;-4.9934688;Eosinophil
8.015383;-5.6178346;Eosinophil
7.4046397;-4.62871;Eosinophil
7.055784;-4.3182235;Eosinophil
7.885523;-4.216633;Eosinophil
7.3886395;-3.2498634;Eosinophil
7.4746056;-5.180119;Eosinophil
9.013374;-5.6297736;Eosinophil
8.669097;-4.7541394;Eosinophil
7.3708305;-4.594816;Eosinophil
5.931039;-4.511302;Eosinophil
8.040384;-6.2498155;Eosinophil
8.677411;-6.126972;Eosinophil
7.792399;-4.544199;Eosinophil
7.0825872;-4.196088;Eosinophil
8.197054;-5.101149;Eosinophil
7.516836;-3.7501564;Eosinophil
8.073465;-5.5176897;Eosinophil
7.902949;-4.185402;Eosinophil
8.946017;-5.3514776;Eosinophil
8.554281;-4.166829;Eosinophil
7.6572757;-3.1010342;Eosinophil
7.667051;-4.5568237;Eosinophil
7.4566083;-5.775766;Eosinophil
7.804838;-5.0213075;Eosinophil
8.112263;-5.354519;Eosinophil
7.1022334;-4.9264684;Eosinophil
7.2141366;-3.9664664;Eosinophil
7.77753;-5.3682685;Eosinophil
7.3996143;-4.9143906;Eosinophil
7.801565;-5.6115265;Eosinophil
5.7371316;-4.522482;Eosinophil
-2.2260783;18.467533;Eosinophil
7.672043;-4.805441;Eosinophil
7.896574;-4.16406;Eosinophil
8.619624;-6.084722;Eosinophil
7.5604;-3.8800836;Eosinophil
7.245993;-4.1131387;Eosinophil
8.762943;-5.3410525;Eosinophil
7.8816214;-4.325172;Eosinophil
8.389673;-4.1476474;Eosinophil
8.401018;-4.503289;Eosinophil
7.927698;-4.8250523;Eosinophil
8.068335;-6.1650267;Eosinophil
7.413948;-5.4163284;Eosinophil
7.9845686;-6.3602295;Eosinophil
7.437125;-3.9485917;Eosinophil
8.575854;-5.857078;Eosinophil
8.683705;-5.355756;Eosinophil
7.3678823;-3.197884;Eosinophil
8.363609;-5.2669573;Eosinophil
8.071376;-4.7759104;Eosinophil
7.688607;-4.8651805;Eosinophil
8.773736;-7.1434216;Eosinophil
8.673039;-6.043907;Eosinophil
7.7822175;-5.6656184;Eosinophil
5.777666;-4.529653;Eosinophil
7.415055;-5.535003;Eosinophil
8.428287;-6.2123876;Eosinophil
7.773708;-5.566643;Eosinophil
8.5696335;-6.0906878;Eosinophil
8.420969;-5.648382;Eosinophil
7.50506;-5.0360126;Eosinophil
8.643753;-5.0011554;Eosinophil
7.960429;-5.1897354;Eosinophil
8.620632;-6.1534753;Eosinophil
7.320899;-4.124952;Eosinophil
8.7010975;-3.907815;Eosinophil
8.433204;-5.0700655;Eosinophil
7.800638;-4.152627;Eosinophil
8.179134;-4.331231;Eosinophil
6.9453106;-5.0668507;Eosinophil
8.194919;-6.2876697;Eosinophil
7.546976;-3.6238327;Eosinophil
8.168688;-4.944565;Eosinophil
7.9811683;-4.906251;Eosinophil
7.961143;-5.300517;Eosinophil
8.491609;-5.8044734;Eosinophil
6.8236694;-4.1285696;Eosinophil
7.2192802;-4.3103356;Eosinophil
7.6868973;-3.0971518;Eosinophil
8.069039;-3.9746897;Eosinophil
8.648604;-6.085295;Eosinophil
8.665898;-5.501466;Eosinophil
7.4854507;-3.686524;Eosinophil
8.18574;-6.3332777;Eosinophil
7.8325787;-6.0048447;Eosinophil
7.392783;-4.2436576;Eosinophil
7.200985;-5.136424;Eosinophil
7.375526;-5.721756;Eosinophil
6.963707;-4.775732;Eosinophil
6.979855;-4.722414;Eosinophil
7.7337604;-3.3862183;Eosinophil
8.784785;-4.802246;Eosinophil
8.2570095;-5.040718;Eosinophil
8.2012615;-4.6688814;Eosinophil
7.895756;-5.622525;Eosinophil
8.57408;-5.33869;Eosinophil
6.8126407;-4.0118437;Eosinophil
8.448663;-4.2082286;Eosinophil
7.3858147;-3.7902293;Eosinophil
8.135588;-5.4937425;Eosinophil
8.187006;-5.247196;Eosinophil
7.7260633;-3.6935642;Eosinophil
7.9623895;-6.302343;Eosinophil
7.166825;-4.8358393;Eosinophil
8.3725;-4.3000755;Eosinophil
8.739447;-4.714793;Eosinophil
8.831747;-5.8273106;Eosinophil
6.982849;-5.119821;Eosinophil
7.680007;-5.0121145;Eosinophil
7.5674896;-3.3391335;Eosinophil
7.135775;-5.557406;Eosinophil
7.5711985;-5.908488;Eosinophil
7.3517566;-3.188945;Eosinophil
8.237897;-4.373071;Eosinophil
7.107613;-5.1539583;Eosinophil
7.8408775;-4.44714;Eosinophil
7.121179;-3.865395;Eosinophil
8.817474;-7.250974;Eosinophil
8.037715;-3.433743;Eosinophil
8.514939;-4.2512503;Eosinophil
7.9052057;-5.1901703;Eosinophil
8.655313;-5.70002;Eosinophil
8.144958;-4.905656;Eosinophil
7.8392277;-3.3397136;Eosinophil
7.3705173;-4.6181645;Eosinophil
7.619528;-4.524851;Eosinophil
7.4701686;-4.1786914;Eosinophil
6.058849;8.385219;Eosinophil
8.8743925;-5.9075007;Eosinophil
7.8376455;-5.312496;Eosinophil
7.745919;-4.739137;Eosinophil
7.2876983;-4.651164;Eosinophil
6.7369657;8.94629;Eosinophil
8.791057;-5.628457;Eosinophil
7.146259;-4.701659;Eosinophil
7.0538282;-4.8679495;Eosinophil
6.906138;-4.945837;Eosinophil
7.1051064;-4.623974;Eosinophil
7.7703543;-3.1317158;Eosinophil
7.488052;-5.755575;Eosinophil
7.218323;-4.6624193;Eosinophil
8.201779;-5.0691867;Eosinophil
7.744521;-4.7728148;Eosinophil
8.73054;-5.101073;Eosinophil
8.452185;-6.1184654;Eosinophil
7.1652107;-3.8178356;Eosinophil
7.901921;-3.4330146;Eosinophil
7.5459003;-5.3337135;Eosinophil
8.610538;-4.7137733;Eosinophil
7.6430974;-4.7885895;Eosinophil
7.6594143;-3.1972687;Eosinophil
7.6347036;-4.453162;Eosinophil
8.008101;-5.1470466;Eosinophil
6.9968705;-3.6936727;Eosinophil
7.397326;-3.5993695;Eosinophil
7.4447193;-4.401796;Eosinophil
7.5799203;-3.5414526;Eosinophil
7.037226;-5.1951494;Eosinophil
8.072829;-4.8159566;Eosinophil
8.649054;-5.84718;Eosinophil
7.249308;-3.7116497;Eosinophil
8.830148;-6.017445;Eosinophil
7.42858;-3.2428348;Eosinophil
8.773651;-5.5439177;Eosinophil
7.4846597;-3.8345194;Eosinophil
8.870868;-5.7592516;Eosinophil
7.00286;-5.1027265;Eosinophil
7.837896;-5.314848;Eosinophil
8.129595;-5.535778;Eosinophil
8.798591;-5.6687393;Eosinophil
7.961708;-4.264722;Eosinophil
-2.0472238;18.349426;Eosinophil
7.948837;-3.4159966;Eosinophil
6.883763;-4.5344396;Eosinophil
8.736017;-4.3388743;Eosinophil
6.762775;-4.0443616;Eosinophil
8.839279;-6.0221825;Eosinophil
8.835146;-7.303156;Eosinophil
6.9216714;-5.118402;Eosinophil
7.526393;-4.267882;Eosinophil
7.8597345;-4.435104;Eosinophil
6.9441037;-3.8294048;Eosinophil
8.240758;-3.457983;Eosinophil
8.826665;-5.8661485;Eosinophil
7.504337;-5.8354306;Eosinophil
7.0910807;-5.3025303;Eosinophil
8.030688;-5.318615;Eosinophil
8.139102;-4.5616164;Eosinophil
8.554509;-6.2711263;Eosinophil
7.411014;-5.5445433;Eosinophil
7.040827;-5.0776677;Eosinophil
7.084596;-5.0640903;Eosinophil
7.614441;-3.2722187;Eosinophil
7.4490237;-3.1664336;Eosinophil
8.027981;-3.976361;Eosinophil
8.432869;-5.2208495;Eosinophil
7.2507377;-4.1174417;Eosinophil
6.993408;-3.704725;Eosinophil
6.943424;-4.832362;Eosinophil
8.268429;-5.8614545;Eosinophil
8.282562;-4.0481224;Eosinophil
7.449463;-4.2765017;Eosinophil
8.708324;-7.0794864;Eosinophil
-2.2055042;18.478464;Eosinophil
8.131097;-4.840212;Eosinophil
8.486895;-4.842198;Eosinophil
8.465053;-4.9215803;Eosinophil
8.778066;-7.257986;Eosinophil
7.8488746;-6.2375574;Eosinophil
8.606299;-6.2324533;Eosinophil
5.783732;-4.544996;Eosinophil
7.2582417;-4.9832764;Eosinophil
8.790337;-7.1798234;Eosinophil
7.3369703;-3.5367727;Eosinophil
8.162929;-4.851561;Eosinophil
7.6376925;-5.23263;Eosinophil
8.183895;-4.3826566;Eosinophil
8.6405735;-4.5372787;Eosinophil
8.021893;-4.702516;Eosinophil
7.771757;-4.088474;Eosinophil
7.5525246;-4.4896765;Eosinophil
8.133241;-4.955509;Eosinophil
7.4796658;-5.667856;Eosinophil
6.8190336;-4.680366;Eosinophil
8.684502;-6.135163;Eosinophil
7.2790146;-4.878887;Eosinophil
7.447807;-4.698715;Eosinophil
8.806289;-5.343628;Eosinophil
7.651774;-3.7052615;Eosinophil
7.5101876;-4.500765;Eosinophil
8.713325;-5.6894174;Eosinophil
7.906526;-5.20863;Eosinophil
8.807231;-7.2234845;Eosinophil
7.629454;-5.0119143;Eosinophil
6.8418756;-4.4717646;Eosinophil
7.902808;-4.294217;Eosinophil
7.5520144;-5.1411366;Eosinophil
7.4499717;-4.588026;Eosinophil
8.838755;-7.2834654;Eosinophil
8.028909;-4.7390924;Eosinophil
7.7874417;-6.1171412;Eosinophil
6.842331;-4.691136;Eosinophil
7.640448;-5.1294866;Eosinophil
8.522231;-4.971968;Eosinophil
7.0642676;-5.5448503;Eosinophil
8.724417;-6.36097;Eosinophil
7.4662466;-4.1822696;Eosinophil
8.271422;-5.766373;Eosinophil
7.2268085;-3.9095175;Eosinophil
7.3061757;-4.5895185;Eosinophil
7.332607;-4.4700623;Eosinophil
8.507217;-6.1796923;Eosinophil
8.665388;-4.855356;Eosinophil
7.803755;-3.4125354;Eosinophil
8.405298;-4.141936;Eosinophil
8.334374;-5.169814;Eosinophil
8.649122;-6.10736;Eosinophil
-2.2774658;18.476961;Eosinophil
7.7142496;-4.256719;Eosinophil
7.062435;-4.7239165;Eosinophil
8.441673;-5.4350443;Eosinophil
7.791502;-4.3000026;Eosinophil
8.753719;-5.1604786;Eosinophil
7.0425076;-3.644799;Eosinophil
7.927239;-4.232581;Eosinophil
8.346727;-4.285267;Eosinophil
7.564136;-4.0717397;Eosinophil
7.2129593;-5.0220656;Eosinophil
8.602314;-4.6522007;Eosinophil
7.46553;-5.7895365;Eosinophil
7.6360674;-3.784302;Eosinophil
8.333422;-4.143366;Eosinophil
8.402956;-5.736285;Eosinophil
7.5253773;-5.3815465;Eosinophil
8.450752;-4.3155184;Eosinophil
8.538081;-4.6827235;Eosinophil
8.125668;-3.629812;Eosinophil
6.9992075;-4.4813714;Eosinophil
7.913151;-4.287512;Eosinophil
8.325286;-4.452003;Eosinophil
7.5931354;-5.7834983;Eosinophil
8.111766;-5.362662;Eosinophil
6.982377;-4.6714487;Eosinophil
8.730061;-4.8915944;Eosinophil
8.920089;-4.9032373;Eosinophil
6.9673557;-3.8107088;Eosinophil
7.0596366;-3.4747105;Eosinophil
7.7568626;-4.738984;Eosinophil
7.903483;-5.4010053;Eosinophil
8.144656;-5.374218;Eosinophil
8.72222;-4.4791994;Eosinophil
7.788757;-4.6098905;Eosinophil
7.088102;-5.3191752;Eosinophil
8.214649;-4.9539657;Eosinophil
8.274626;-5.4608126;Eosinophil
8.5704565;-5.246331;Eosinophil
7.876464;-3.4264684;Eosinophil
6.7827134;-3.9573336;Eosinophil
8.418768;-3.8402326;Eosinophil
8.809811;-7.210923;Eosinophil
7.9410405;-4.5008993;Eosinophil
7.159442;-4.8625426;Eosinophil
7.2121296;-4.230351;Eosinophil
7.134799;-4.1524997;Eosinophil
8.757076;-5.3569326;Eosinophil
7.5930057;-3.6935952;Eosinophil
5.8264537;-4.515691;Eosinophil
7.3991914;-3.9303336;Eosinophil
7.1865664;-4.960341;Eosinophil
8.857522;-5.6853886;Eosinophil
7.965144;-4.144103;Eosinophil
7.409211;-4.5662155;Eosinophil
7.5058017;-4.600073;Eosinophil
7.8144984;-5.3488965;Eosinophil
6.9516907;-4.3447003;Eosinophil
6.826738;-4.202962;Eosinophil
7.8819423;-3.6047344;Eosinophil
6.9053545;-4.1215196;Eosinophil
7.3346176;-5.2568035;Eosinophil
8.796064;-4.864887;Eosinophil
7.809022;-5.7040744;Eosinophil
7.0595813;-4.158926;Eosinophil
8.772299;-6.200862;Eosinophil
8.747847;-6.012938;Eosinophil
7.0969253;-3.7734115;Eosinophil
8.699974;-5.1767387;Eosinophil
7.5472455;-5.197026;Eosinophil
8.045602;-3.914046;Eosinophil
5.9382157;-4.5121207;Eosinophil
7.278905;-3.2805943;Eosinophil
7.0109105;-4.1444025;Eosinophil
7.646518;-3.7785716;Eosinophil
8.4060545;-4.533986;Eosinophil
7.7089434;-3.8719308;Eosinophil
8.84115;-7.25894;Eosinophil
7.9433575;-3.2932992;Eosinophil
8.736752;-6.4132986;Eosinophil
8.349418;-4.84728;Eosinophil
6.987091;-3.5085232;Eosinophil
7.476994;-5.236434;Eosinophil
7.021369;-4.4655;Eosinophil
7.2075915;-3.8312278;Eosinophil
7.8607173;-3.6354442;Eosinophil
-2.533647;18.648052;Eosinophil
7.4182396;-5.838174;Eosinophil
8.716788;-7.0484605;Eosinophil
7.5300593;-3.4046166;Eosinophil
8.110083;-3.779075;Eosinophil
6.905677;-4.3995275;Eosinophil
-2.2374623;18.49428;Eosinophil
6.9059486;-4.679956;Eosinophil
6.774913;-3.928996;Eosinophil
8.007962;-4.6727815;Eosinophil
7.8469768;-6.144616;Eosinophil
5.7648063;-4.5594077;Eosinophil
6.990316;-3.6550994;Eosinophil
7.3947077;-3.8003733;Eosinophil
6.951962;-4.110761;Eosinophil
7.9764075;-4.204286;Eosinophil
7.5201697;-4.4270825;Eosinophil
7.9847937;-4.417858;Eosinophil
7.6658993;-4.0032806;Eosinophil
7.329927;-4.646324;Eosinophil
7.598969;-3.5202317;Eosinophil
8.299347;-4.9658985;Eosinophil
7.5518084;-5.472858;Eosinophil
7.1777973;-3.8552518;Eosinophil
7.313221;-5.6834035;Eosinophil
7.7052913;-4.0285563;Eosinophil
7.806182;-4.862615;Eosinophil
7.9458127;-3.4769228;Eosinophil
7.536705;-4.4136543;Eosinophil
7.801748;-5.0725656;Eosinophil
7.141264;-3.747372;Eosinophil
8.941567;-5.8100734;Eosinophil
7.4163933;-3.7070875;Eosinophil
8.068105;-5.123046;Eosinophil
7.9279184;-3.6830926;Eosinophil
7.1320906;-4.5062;Eosinophil
8.118529;-5.036979;Eosinophil
8.523832;-4.8857455;Eosinophil
8.11578;-3.943517;Eosinophil
7.741952;-3.6541564;Eosinophil
8.009583;-3.8220959;Eosinophil
7.781333;-4.3429036;Eosinophil
7.448911;-3.6937916;Eosinophil
7.177908;-4.584028;Eosinophil
8.184392;-4.669068;Eosinophil
8.152268;-5.0974965;Eosinophil
7.0142536;-3.7897205;Eosinophil
8.048589;-6.0795507;Eosinophil
8.721105;-6.2448163;Eosinophil
-2.2029626;18.468472;Eosinophil
7.033145;-3.9920845;Eosinophil
7.441195;-3.201368;Eosinophil
8.28217;-4.258539;Eosinophil
7.1744018;-4.1492653;Eosinophil
7.3472576;-5.69645;Eosinophil
8.686781;-5.22578;Eosinophil
8.041279;-5.0279016;Eosinophil
7.8207126;-5.4431458;Eosinophil
8.16589;-3.4512022;Eosinophil
6.85576;-4.610155;Eosinophil
8.121598;-5.4469595;Eosinophil
8.270948;-4.3273873;Eosinophil
8.229639;-5.32779;Eosinophil
7.7777576;-3.3636537;Eosinophil
8.584671;-5.7923517;Eosinophil
7.1264367;-5.1439767;Eosinophil
7.7553134;-3.3461854;Eosinophil
6.9903812;-4.7569594;Eosinophil
7.8263783;-6.13764;Eosinophil
8.272757;-4.4576607;Eosinophil
7.4369626;-3.3494222;Eosinophil
7.8889823;-6.08912;Eosinophil
8.659185;-4.2703342;Eosinophil
7.520134;-3.4908302;Eosinophil
8.823579;-7.2840323;Eosinophil
6.9273367;-3.8830922;Eosinophil
7.595471;-3.778258;Eosinophil
7.627357;-4.014446;Eosinophil
8.706602;-6.0988593;Eosinophil
6.8816338;-4.0169306;Eosinophil
6.749114;-4.210738;Eosinophil
7.3926888;-4.366722;Eosinophil
8.821751;-7.2061944;Eosinophil
7.9414053;-6.2720695;Eosinophil
7.5787063;-4.5091634;Eosinophil
7.504311;-3.4991255;Eosinophil
7.5797315;-3.6811683;Eosinophil
7.098702;-4.3635707;Eosinophil
8.4022255;-5.5216327;Eosinophil
7.335134;-3.7254508;Eosinophil
7.832563;-5.725669;Eosinophil
7.139397;-5.034233;Eosinophil
8.8660145;-5.3681383;Eosinophil
8.66302;-6.1966925;Eosinophil
7.8561816;-6.184163;Eosinophil
7.9549403;-5.5287657;Eosinophil
8.543669;-5.0231423;Eosinophil
7.652589;-6.1047697;Eosinophil
8.380151;-4.461887;Eosinophil
8.547853;-5.499304;Eosinophil
7.5240216;-3.3155055;Eosinophil
7.7753973;-3.6608377;Eosinophil
7.6308823;-3.3490593;Eosinophil
8.105806;-4.6670976;Eosinophil
7.917806;-6.3823986;Eosinophil
-2.3124108;18.632065;Eosinophil
7.5934696;-5.1670785;Eosinophil
7.9281325;-3.2149925;Eosinophil
7.820282;-3.4574032;Eosinophil
8.881118;-5.1693964;Eosinophil
8.55769;-4.5006924;Eosinophil
8.801961;-5.016935;Eosinophil
7.0240874;-4.746394;Eosinophil
7.9692826;-3.1834896;Eosinophil
6.887359;-4.6234484;Eosinophil
8.122695;-4.600255;Eosinophil
7.743896;-3.469161;Eosinophil
8.465555;-4.720763;Eosinophil
8.686357;-4.9194183;Eosinophil
7.3380837;-3.282565;Eosinophil
7.8323274;-5.5275235;Eosinophil
7.8219666;-3.8683527;Eosinophil
8.651897;-5.1081305;Eosinophil
7.8294916;-6.288622;Eosinophil
7.393913;-5.6786757;Eosinophil
7.541841;-3.6505947;Eosinophil
8.810245;-7.24749;Eosinophil
8.018826;-6.1443377;Eosinophil
7.018167;-4.538663;Eosinophil
8.648306;-4.450424;Eosinophil
7.9639473;-5.4936094;Eosinophil
8.084066;-3.7681947;Eosinophil
8.853006;-5.760281;Eosinophil
6.9142203;-5.146197;Eosinophil
8.311241;-3.503182;Eosinophil
7.655225;-3.4161518;Eosinophil
7.5752945;-5.3530602;Eosinophil
7.7949767;-4.2606187;Eosinophil
7.449036;-3.6711829;Eosinophil
7.6391916;-3.1351316;Eosinophil
7.5515194;-3.5719922;Eosinophil
7.327636;-3.9946966;Eosinophil
8.029233;-6.2939754;Eosinophil
8.447582;-4.9249005;Eosinophil
8.475173;-4.8600945;Eosinophil
8.781993;-4.8802214;Eosinophil
6.9915905;-3.7603488;Eosinophil
7.649025;-5.73105;Eosinophil
7.1951184;-5.1247005;Eosinophil
8.202837;-4.897786;Eosinophil
8.268111;-4.485269;Eosinophil
7.2954288;-3.1400657;Eosinophil
7.794662;-3.8173537;Eosinophil
7.639276;-3.0647838;Eosinophil
8.326788;-4.32761;Eosinophil
7.3345423;-4.021807;Eosinophil
8.467827;-5.4241557;Eosinophil
7.3558917;-4.7236423;Eosinophil
6.916519;-3.7632036;Eosinophil
7.5747585;-4.308866;Eosinophil
8.809483;-7.2309213;Eosinophil
6.9705553;-4.3007684;Eosinophil
8.816325;-5.98045;Eosinophil
7.5386214;-4.820623;Eosinophil
8.198095;-4.0096135;Eosinophil
7.3412223;-3.4786026;Eosinophil
8.003827;-3.438633;Eosinophil
7.081031;-3.7487326;Eosinophil
6.927933;-4.446094;Eosinophil
7.8764167;-4.316068;Eosinophil
8.004115;-4.814043;Eosinophil
8.457666;-4.7180767;Eosinophil
8.7246275;-4.5674906;Eosinophil
8.5075445;-4.784488;Eosinophil
8.212751;-4.750776;Eosinophil
7.0514164;-4.3588166;Eosinophil
8.415551;-5.23122;Eosinophil
5.793497;-4.528885;Eosinophil
7.828251;-4.4158893;Eosinophil
7.1192613;-5.334673;Eosinophil
7.761333;-4.608392;Eosinophil
7.345784;-4.1796336;Eosinophil
7.855206;-3.3988152;Eosinophil
8.630861;-4.7650185;Eosinophil
8.573152;-4.738137;Eosinophil
8.797906;-7.141398;Eosinophil
7.2776604;-3.6128762;Eosinophil
7.8527575;-3.2682397;Eosinophil
8.100571;-5.599452;Eosinophil
7.6621675;-3.0697386;Eosinophil
8.448783;-4.114442;Eosinophil
8.587685;-6.1942334;Eosinophil
7.2320485;-4.3723;Eosinophil
7.25926;-4.2268066;Eosinophil
7.588226;-3.5576136;Eosinophil
8.615402;-5.2688484;Eosinophil
7.692471;-5.491185;Eosinophil
8.552908;-4.4729266;Eosinophil
6.9810047;-3.7691138;Eosinophil
7.554068;-3.0696619;Eosinophil
8.626197;-6.0227175;Eosinophil
6.916229;-3.884813;Eosinophil
8.275463;-4.412136;Eosinophil
7.3501797;-4.5908403;Eosinophil
7.5880466;-5.470857;Eosinophil
8.962539;-5.685057;Eosinophil
7.06227;-5.2701397;Eosinophil
7.914518;-3.9602988;Eosinophil
8.418288;-4.702723;Eosinophil
8.209492;-4.4366865;Eosinophil
7.8473935;-4.2470694;Eosinophil
8.276299;-5.2471786;Eosinophil
7.9369097;-4.9599113;Eosinophil
7.008781;-5.19551;Eosinophil
6.985649;-4.5540223;Eosinophil
8.42501;-5.4040594;Eosinophil
8.23791;-4.8651624;Eosinophil
8.886856;-5.7175894;Eosinophil
8.882823;-5.9735107;Eosinophil
7.2829247;-3.4103284;Eosinophil
8.30127;-4.457382;Eosinophil
7.864275;-5.459048;Eosinophil
8.174386;-5.722166;Eosinophil
7.4647446;-4.479551;Eosinophil
7.1051826;-3.276739;Eosinophil
7.8113174;-5.07052;Eosinophil
8.516116;-4.654343;Eosinophil
7.320656;-4.098237;Eosinophil
7.6414886;-4.6286507;Eosinophil
8.774929;-7.125538;Eosinophil
7.353988;-3.4848468;Eosinophil
8.758416;-5.7613826;Eosinophil
8.485235;-4.227974;Eosinophil
7.760175;-4.377892;Eosinophil
7.707759;-4.5293994;Eosinophil
7.7534933;-3.45061;Eosinophil
7.8303638;-3.5239418;Eosinophil
8.744723;-4.529193;Eosinophil
8.829782;-7.2852206;Eosinophil
7.5512743;-4.528277;Eosinophil
7.9604406;-3.3517935;Eosinophil
8.490407;-5.4349146;Eosinophil
8.543948;-4.9132843;Eosinophil
7.7237926;-4.2106323;Eosinophil
7.8827443;-4.032775;Eosinophil
7.1229916;-4.2021885;Eosinophil
7.7093134;-4.1882815;Eosinophil
7.912263;-3.8453095;Eosinophil
8.41139;-4.5359564;Eosinophil
8.002527;-3.7815678;Eosinophil
8.804274;-5.089984;Eosinophil
8.022024;-3.9679782;Eosinophil
8.368493;-4.764274;Eosinophil
6.8305306;-3.9941428;Eosinophil
8.125682;-6.3439703;Eosinophil
7.566935;-4.02585;Eosinophil
6.8974695;-3.8001978;Eosinophil
7.8832903;-6.308406;Eosinophil
8.426379;-4.627535;Eosinophil
8.100711;-6.149349;Eosinophil
8.416294;-4.96544;Eosinophil
8.23055;-5.524536;Eosinophil
8.814378;-5.793932;Eosinophil
8.192153;-5.8027263;Eosinophil
8.335533;-4.318906;Eosinophil
8.1498;-4.822303;Eosinophil
8.537583;-6.402789;Eosinophil
7.3520503;-3.2069728;Eosinophil
6.875201;-4.5644937;Eosinophil
7.384835;-5.4550657;Eosinophil
7.5744953;-4.531046;Eosinophil
7.0536685;-5.4466834;Eosinophil
5.73312;-4.5276895;Eosinophil
8.45881;-6.306874;Eosinophil
8.030512;-5.0770674;Eosinophil
8.321223;-4.2492585;Eosinophil
7.9511247;-6.4120045;Eosinophil
8.758944;-6.381302;Eosinophil
8.82759;-5.950708;Eosinophil
7.5565734;-5.5276737;Eosinophil
7.9645114;-5.4327497;Eosinophil
8.809264;-5.5937147;Eosinophil
8.195708;-3.901139;Eosinophil
7.162;-5.624139;Eosinophil
8.382634;-3.7498906;Eosinophil
7.6411777;-4.3434963;Eosinophil
7.5933084;-2.9785402;Eosinophil
7.7889075;-5.3901653;Eosinophil
-2.2712905;18.446106;Eosinophil
7.394783;-3.6832833;Eosinophil
7.3050094;-3.2312326;Eosinophil
7.354818;-5.1725707;Eosinophil
8.172376;-5.991952;Eosinophil
8.463711;-5.678437;Eosinophil
7.548365;-3.3683264;Eosinophil
8.516162;-4.690073;Eosinophil
7.9318585;-3.2831714;Eosinophil
8.510156;-4.5992146;Eosinophil
8.416947;-5.9089217;Eosinophil
8.218181;-5.7625747;Eosinophil
5.7708964;-4.5216794;Eosinophil
8.042656;-3.721608;Eosinophil
7.268445;-4.6796827;Eosinophil
7.818648;-3.3789895;Eosinophil
8.214335;-3.5061069;Eosinophil
7.6122937;-3.5151677;Eosinophil
8.955567;-5.4592714;Eosinophil
7.9419117;-5.398504;Eosinophil
7.31444;-4.9510183;Eosinophil
7.789943;-4.704507;Eosinophil
8.053245;-4.623449;Eosinophil
8.0660515;-6.30403;Eosinophil
7.4004664;-4.977246;Eosinophil
7.3768682;-3.4622676;Eosinophil
8.861425;-4.586392;Eosinophil
7.071715;-4.5526977;Eosinophil
7.754985;-4.5138226;Eosinophil
8.714889;-4.8612075;Eosinophil
8.288306;-4.374389;Eosinophil
8.324142;-6.326898;Eosinophil
8.69165;-5.201973;Eosinophil
7.8159904;-4.2054048;Eosinophil
7.1176076;-4.2243524;Eosinophil
7.7670765;-4.5850887;Eosinophil
8.5967865;-4.9397926;Eosinophil
7.359854;-5.739266;Eosinophil
8.179812;-4.437691;Eosinophil
7.3941307;-4.689456;Eosinophil
8.786027;-4.667374;Eosinophil
7.1248584;-5.3143635;Eosinophil
6.966882;-4.9571257;Eosinophil
7.636831;-4.967745;Eosinophil
8.405739;-4.7037144;Eosinophil
8.402862;-4.6794057;Eosinophil
5.740179;-4.531954;Eosinophil
8.577051;-4.7483954;Eosinophil
8.678964;-6.3508983;Eosinophil
8.808857;-5.305673;Eosinophil
6.9504094;-4.106176;Eosinophil
8.444412;-4.3834176;Eosinophil
7.6961794;-4.652824;Eosinophil
6.940197;-3.6309292;Eosinophil
5.7788186;-4.5446587;Eosinophil
8.577894;-4.7456656;Eosinophil
6.8337297;-4.752822;Eosinophil
8.441804;-4.1633554;Eosinophil
8.475192;-5.4190526;Eosinophil
8.675251;-4.6519012;Eosinophil
8.174422;-4.700759;Eosinophil
7.8568172;-4.052693;Eosinophil
7.748236;-3.5963104;Eosinophil
7.3543725;-3.8054113;Eosinophil
8.792431;-4.9109845;Eosinophil
8.140368;-4.7991395;Eosinophil
7.298521;-5.621501;Eosinophil
6.145445;-4.562649;Eosinophil
8.061527;-4.662742;Eosinophil
8.148223;-3.4182773;Eosinophil
7.7316604;-5.443175;Eosinophil
8.86421;-4.597435;Eosinophil
7.560607;-4.4853244;Eosinophil
7.850389;-3.836151;Eosinophil
8.392317;-5.0914035;Eosinophil
7.369271;-5.063873;Eosinophil
7.203821;-4.745142;Eosinophil
7.857484;-3.8372252;Eosinophil
6.9917645;-4.674912;Eosinophil
7.8673997;-3.3866992;Eosinophil
7.633407;-4.0861917;Eosinophil
8.361925;-4.541713;Eosinophil
7.1744823;-4.3225565;Eosinophil
8.5358715;-5.0802417;Eosinophil
8.137589;-4.496891;Eosinophil
7.417663;-5.474796;Eosinophil
8.602778;-6.1495094;Eosinophil
8.250906;-4.503947;Eosinophil
8.83183;-5.8474855;Eosinophil
7.8600173;-3.4960291;Eosinophil
8.121239;-6.318514;Eosinophil
8.170445;-5.7342486;Eosinophil
8.17514;-4.043521;Eosinophil
7.0723057;-4.472635;Eosinophil
8.803754;-4.6923923;Eosinophil
7.550704;-3.386511;Eosinophil
7.8093786;-4.754051;Eosinophil
7.893928;-4.581541;Eosinophil
7.46308;-3.5132008;Eosinophil
7.703941;-5.2152057;Eosinophil
8.026779;-5.5419674;Eosinophil
7.6558704;-5.524081;Eosinophil
6.9372816;-3.5816112;Eosinophil
7.2460394;-3.597262;Eosinophil
7.9913716;-5.067628;Eosinophil
7.983744;-4.195345;Eosinophil
7.871049;-6.29921;Eosinophil
6.968981;-4.2185187;Eosinophil
7.3432174;-3.9837656;Eosinophil
7.9445367;-3.2910872;Eosinophil
8.775629;-5.4354277;Eosinophil
7.607417;-3.282646;Eosinophil
7.6859865;-5.6155663;Eosinophil
8.569756;-4.5181355;Eosinophil
8.873821;-4.939768;Eosinophil
7.5789833;-5.848417;Eosinophil
7.857466;-5.5198317;Eosinophil
7.8252945;-3.6660917;Eosinophil
8.779511;-7.166254;Eosinophil
7.7480426;-5.6802773;Eosinophil
8.749397;-5.2967668;Eosinophil
7.6081147;-5.6087303;Eosinophil
8.080554;-3.779025;Eosinophil
7.7121735;-3.5540466;Eosinophil
7.344215;-4.5567713;Eosinophil
8.480805;-5.6917768;Eosinophil
8.01666;-3.48992;Eosinophil
8.136139;-5.5372777;Eosinophil
7.8244014;-5.3087034;Eosinophil
8.7534895;-5.7206383;Eosinophil
7.80227;-4.198717;Eosinophil
7.5093327;-4.2167263;Eosinophil
-2.285172;18.454668;Eosinophil
7.1488647;-4.3387218;Eosinophil
7.2347507;-3.3991604;Eosinophil
7.623961;-5.058318;Eosinophil
7.1869283;-3.814363;Eosinophil
5.7886643;-4.54892;Eosinophil
8.045368;-3.616074;Eosinophil
8.090312;-3.6201284;Eosinophil
7.85907;-6.257406;Eosinophil
8.347863;-5.0583344;Eosinophil
7.677223;-4.0467496;Eosinophil
8.157634;-4.277672;Eosinophil
6.7075405;-4.167085;Eosinophil
8.895869;-6.0543675;Eosinophil
8.543039;-4.676998;Eosinophil
7.7167244;-4.651517;Eosinophil
8.299617;-4.1945353;Eosinophil
8.813448;-7.2279463;Eosinophil
7.8391924;-6.1335516;Eosinophil
8.178219;-4.233956;Eosinophil
7.1347017;-4.500844;Eosinophil
7.6317897;-3.2391348;Eosinophil
8.805077;-7.260239;Eosinophil
8.719577;-6.395158;Eosinophil
7.728727;-5.849927;Eosinophil
7.089101;-5.447057;Eosinophil
7.2891383;-4.1334085;Eosinophil
7.332071;-3.202301;Eosinophil
8.677875;-6.1844645;Eosinophil
7.254826;-3.46014;Eosinophil
8.404884;-4.163897;Eosinophil
7.7026987;-4.078139;Eosinophil
7.765256;-3.182468;Eosinophil
7.9477234;-4.5077853;Eosinophil
7.730447;-4.4571705;Eosinophil
8.132504;-5.3922906;Eosinophil
8.249084;-4.3699503;Eosinophil
6.780452;-4.513656;Eosinophil
7.4526725;-3.5007808;Eosinophil
8.250653;-4.9463463;Eosinophil
7.528016;-3.664731;Eosinophil
7.7816863;-6.138594;Eosinophil
7.7826014;-3.0290189;Eosinophil
8.258114;-5.22671;Eosinophil
6.956928;-4.4613214;Eosinophil
7.7663345;-3.859308;Eosinophil
7.07601;-4.3204274;Eosinophil
7.5436707;-3.7451892;Eosinophil
8.526175;-5.1171927;Eosinophil
7.4862914;-4.5758386;Eosinophil
8.126141;-5.5610886;Eosinophil
8.677572;-5.441416;Eosinophil
8.182406;-3.8138032;Eosinophil
8.320772;-4.438296;Eosinophil
7.8856297;-5.3822026;Eosinophil
7.102788;-4.1240597;Eosinophil
7.094238;-4.8713546;Eosinophil
8.2416115;-3.7762206;Eosinophil
8.876169;-4.8361673;Eosinophil
8.129712;-4.5307355;Eosinophil
8.064932;-4.0838904;Eosinophil
8.312698;-6.0053024;Eosinophil
-2.253085;18.50274;Eosinophil
8.125249;-4.2365894;Eosinophil
8.237257;-5.6045403;Eosinophil
8.533015;-5.263947;Eosinophil
8.054062;-3.7068355;Eosinophil
7.6738057;-3.301089;Eosinophil
7.6185484;-5.11384;Eosinophil
7.9659033;-5.28442;Eosinophil
8.12325;-5.602443;Eosinophil
7.967749;-3.615227;Eosinophil
8.592746;-6.140596;Eosinophil
8.032284;-3.630336;Eosinophil
7.8182335;-4.977642;Eosinophil
8.895768;-5.857318;Eosinophil
8.218985;-3.8358002;Eosinophil
7.878715;-4.5089707;Eosinophil
7.9231086;-3.8843467;Eosinophil
7.7030897;-6.101099;Eosinophil
7.294528;-3.610302;Eosinophil
7.954378;-4.9743924;Eosinophil
-2.5640662;18.752459;Eosinophil
7.4807005;-3.3650932;Eosinophil
6.9263225;-4.1240416;Eosinophil
8.288298;-5.1111755;Eosinophil
7.704046;-5.4511323;Eosinophil
8.837308;-6.0448995;Eosinophil
8.760966;-5.2148438;Eosinophil
7.580263;-3.8174722;Eosinophil
8.525267;-4.6984315;Eosinophil
7.208875;-5.384428;Eosinophil
7.1974754;-5.329328;Eosinophil
8.707724;-4.709695;Eosinophil
6.849897;-4.0512934;Eosinophil
8.2737665;-4.4370117;Eosinophil
7.0421686;-4.9921465;Eosinophil
7.0401807;-5.1081576;Eosinophil
8.545718;-4.5535917;Eosinophil
7.844354;-5.2238708;Eosinophil
7.29241;-4.883757;Eosinophil
8.025961;-3.5919096;Eosinophil
7.103477;-4.332424;Eosinophil
7.8232794;-5.5469646;Eosinophil
7.3746266;-3.5303442;Eosinophil
8.345379;-4.5881524;Eosinophil
8.601868;-5.7490273;Eosinophil
8.055019;-3.5731597;Eosinophil
6.9675307;-4.124833;Eosinophil
8.1319065;-5.100871;Eosinophil
7.437893;-4.139586;Eosinophil
6.9658656;-4.0147495;Eosinophil
6.8241677;-3.8324726;Eosinophil
7.074122;-5.5732675;Eosinophil
8.562195;-4.912668;Eosinophil
8.5242;-5.9797306;Eosinophil
8.631191;-5.0538316;Eosinophil
7.487214;-3.5680058;Eosinophil
6.9899;-3.8938675;Eosinophil
7.9004345;-5.5462356;Eosinophil
8.573797;-4.52276;Eosinophil
8.846535;-5.9252787;Eosinophil
7.390342;-5.8779974;Eosinophil
8.093674;-5.381;Eosinophil
7.9300528;-3.3049746;Eosinophil
7.8788056;-6.240584;Eosinophil
7.6904674;-4.1194787;Eosinophil
7.86094;-6.223515;Eosinophil
7.548443;-4.701974;Eosinophil
7.7719426;-3.9626858;Eosinophil
8.549574;-4.387695;Eosinophil
7.8272195;-5.0390844;Eosinophil
8.56373;-5.5971675;Eosinophil
8.142867;-3.8435917;Eosinophil
8.7023115;-5.3234267;Eosinophil
7.9525013;-4.4209523;Eosinophil
8.843401;-4.782769;Eosinophil
7.6931515;-3.0797987;Eosinophil
7.738551;-2.9570487;Eosinophil
8.737973;-5.1883054;Eosinophil
7.749067;-4.783791;Eosinophil
8.2115755;-4.5206103;Eosinophil
7.821742;-3.5925176;Eosinophil
8.0308275;-4.1651273;Eosinophil
7.776695;-3.1017935;Eosinophil
6.9068794;-3.906552;Eosinophil
7.907464;-6.0538726;Eosinophil
7.75431;-3.1463585;Eosinophil
8.192368;-3.430471;Eosinophil
8.684518;-5.5171466;Eosinophil
7.1706786;-3.891235;Eosinophil
7.584728;-3.7301288;Eosinophil
8.603027;-4.4869056;Eosinophil
7.430462;-3.297992;Eosinophil
7.596249;-3.6072087;Eosinophil
8.186932;-3.9354222;Eosinophil
7.816656;-5.4572744;Eosinophil
7.502465;-4.3166604;Eosinophil
7.799597;-3.4891698;Eosinophil
7.9437656;-3.519996;Eosinophil
7.5830803;-4.8419213;Eosinophil
7.1264815;-4.2448626;Eosinophil
8.534216;-5.5597477;Eosinophil
7.1004515;-4.3932056;Eosinophil
7.1580367;-3.5104396;Eosinophil
8.359376;-3.7947865;Eosinophil
7.6481404;-4.554881;Eosinophil
8.000724;-4.2352734;Eosinophil
8.525455;-4.827842;Eosinophil
8.470677;-4.1518974;Eosinophil
7.114019;-5.375793;Eosinophil
7.676734;-3.6017997;Eosinophil
8.30187;-4.003586;Eosinophil
7.4419107;-5.127483;Eosinophil
7.308231;-4.201116;Eosinophil
8.526734;-4.077475;Eosinophil
7.165057;-4.282716;Eosinophil
8.171016;-3.828295;Eosinophil
7.8271985;-5.731385;Eosinophil
7.0984635;-5.139032;Eosinophil
6.7561007;-4.040052;Eosinophil
7.0068274;-4.789935;Eosinophil
5.7371974;-4.5239854;Eosinophil
7.017042;-4.1524158;Eosinophil
7.3933234;-4.0683894;Eosinophil
8.726805;-4.6101995;Eosinophil
7.4188457;-5.1716547;Eosinophil
8.816353;-5.034807;Eosinophil
7.2100224;-5.643666;Eosinophil
7.9099255;-3.6951988;Eosinophil
8.259231;-5.5721993;Eosinophil
8.6251;-5.123344;Eosinophil
7.8274083;-4.5656047;Eosinophil
8.078918;-3.8786755;Eosinophil
7.633217;-3.7877445;Eosinophil
8.383681;-6.4978347;Eosinophil
8.313287;-5.5688176;Eosinophil
7.2937427;-4.4557867;Eosinophil
7.029586;-3.679568;Eosinophil
7.471337;-4.7840033;Eosinophil
8.863658;-4.9391913;Eosinophil
7.9542217;-5.54907;Eosinophil
7.4469895;-4.022888;Eosinophil
7.584479;-5.3041034;Eosinophil
8.067893;-6.471701;Eosinophil
8.793007;-6.7062054;Eosinophil
8.680031;-4.8372574;Eosinophil
7.96285;-4.3803277;Eosinophil
7.665021;-6.0551424;Eosinophil
8.580373;-4.3970575;Eosinophil
8.180769;-6.218625;Eosinophil
7.6351423;-3.2885976;Eosinophil
8.826225;-7.266584;Eosinophil
7.542175;-3.1373374;Eosinophil
8.40309;-5.7350464;Eosinophil
7.8775606;-5.185238;Eosinophil
8.724595;-7.0427794;Eosinophil
8.761346;-6.9834676;Eosinophil
7.7776494;-4.419614;Eosinophil
6.856031;-3.8293324;Eosinophil
8.249792;-3.5789907;Eosinophil
7.0013514;-3.7205637;Eosinophil
8.82251;-7.297044;Eosinophil
8.303747;-5.58098;Eosinophil
8.660526;-5.326662;Eosinophil
7.851795;-3.8168237;Eosinophil
7.4894905;-4.2362823;Eosinophil
7.0841904;-3.7497208;Eosinophil
7.4184113;-3.4524863;Eosinophil
7.7099686;-4.5708137;Eosinophil
7.9474444;-5.608679;Eosinophil
7.6464953;-3.6763425;Eosinophil
8.140293;-4.28935;Eosinophil
8.066701;-4.067545;Eosinophil
7.2086964;-3.3362803;Eosinophil
7.479183;-4.4343233;Eosinophil
8.63381;-6.1830826;Eosinophil
7.5636435;-5.553774;Eosinophil
8.538679;-6.870383;Eosinophil
7.870159;-4.515262;Eosinophil
7.4510756;-4.5175037;Eosinophil
8.033249;-4.717999;Eosinophil
8.447473;-5.0913444;Eosinophil
8.488242;-4.3118205;Eosinophil
7.892014;-6.2598743;Eosinophil
8.015205;-6.0984025;Eosinophil
7.597763;-5.842567;Eosinophil
7.8085527;-5.555203;Eosinophil
8.13754;-3.3207116;Eosinophil
7.830722;-5.1501665;Eosinophil
8.024723;-4.36202;Eosinophil
8.038199;-4.180295;Eosinophil
8.487985;-5.2923245;Eosinophil
7.663875;-5.5011716;Eosinophil
8.572019;-4.912188;Eosinophil
8.7861805;-6.159246;Eosinophil
7.2289515;-3.5285237;Eosinophil
8.812662;-5.1124887;Eosinophil
8.826899;-7.2804403;Eosinophil
8.761112;-4.7619166;Eosinophil
8.714425;-5.4243846;Eosinophil
8.466275;-4.2196655;Eosinophil
8.114641;-3.8866394;Eosinophil
8.470853;-4.8925276;Eosinophil
7.6087074;-5.5147643;Eosinophil
8.70014;-5.495243;Eosinophil
5.7428994;-4.527845;Eosinophil
8.1924095;-4.8947415;Eosinophil
7.711927;-5.842839;Eosinophil
8.26848;-5.2781663;Eosinophil
7.408372;-5.8820024;Eosinophil
8.134827;-4.4757175;Eosinophil
6.9883585;-3.7562287;Eosinophil
7.1942363;-5.3148155;Eosinophil
7.748739;-5.334318;Eosinophil
8.625291;-5.037395;Eosinophil
7.1134696;-3.5871737;Eosinophil
8.714204;-6.2497683;Eosinophil
8.564569;-5.011601;Eosinophil
8.429423;-4.1849627;Eosinophil
8.06228;-5.194806;Eosinophil
8.926055;-5.2144866;Eosinophil
7.9011097;-3.4743285;Eosinophil
7.6477914;-4.524843;Eosinophil
7.653215;-3.0421484;Eosinophil
5.614396;8.682088;Eosinophil
8.6119375;-4.7840557;Eosinophil
7.7513895;-6.1719832;Eosinophil
7.7555614;-5.067965;Eosinophil
7.5663157;-3.1669745;Eosinophil
8.079251;-4.0723157;Eosinophil
8.923937;-5.3267493;Eosinophil
8.365565;-3.9586399;Eosinophil
8.790882;-6.000442;Eosinophil
7.2768764;-4.6990614;Eosinophil
7.6002803;-4.481872;Eosinophil
7.313899;-5.5003567;Eosinophil
8.527279;-4.3980856;Eosinophil
8.227465;-5.2730236;Eosinophil
8.752969;-5.4962916;Eosinophil
7.658218;-3.8601139;Eosinophil
8.469478;-4.4388833;Eosinophil
8.784401;-5.320011;Eosinophil
7.9576283;-4.8366404;Eosinophil
8.6348295;-4.5012336;Eosinophil
8.080931;-6.039812;Eosinophil
7.653125;-4.1577625;Eosinophil
7.678506;-5.606085;Eosinophil
7.0790787;-5.0158772;Eosinophil
7.814032;-4.4225783;Eosinophil
8.799471;-5.8587117;Eosinophil
8.15596;-5.6136136;Eosinophil
-2.334146;18.574741;Eosinophil
7.6420064;-3.379588;Eosinophil
7.2661777;-3.3494358;Eosinophil
7.2768764;-4.8493047;Eosinophil
7.7397695;-4.9802213;Eosinophil
8.572223;-5.6297393;Eosinophil
7.563898;-5.303757;Eosinophil
8.240514;-3.4536448;Eosinophil
6.9841022;-3.761527;Eosinophil
8.166536;-3.9572723;Eosinophil
7.1986628;-3.8774264;Eosinophil
8.88306;-5.5261345;Eosinophil
8.741068;-5.5073757;Eosinophil
7.445913;-5.514087;Eosinophil
7.8897953;-3.7672343;Eosinophil
7.457706;-4.761381;Eosinophil
8.435475;-4.366147;Eosinophil
8.430767;-4.873928;Eosinophil
7.245496;-4.8692417;Eosinophil
8.142574;-4.471952;Eosinophil
7.078887;-5.223714;Eosinophil
8.093247;-5.8989816;Eosinophil
7.1361055;-5.5726748;Eosinophil
8.726847;-6.362017;Eosinophil
7.067106;-4.1558447;Eosinophil
8.408944;-6.5911875;Eosinophil
7.011459;-3.5439544;Eosinophil
7.319822;-5.2992105;Eosinophil
7.6373577;-5.948049;Eosinophil
8.130055;-4.4008703;Eosinophil
7.6071634;-4.618331;Eosinophil
7.2011275;-4.3465924;Eosinophil
7.415914;-5.098796;Eosinophil
7.8752794;-5.505806;Eosinophil
7.646874;-6.046688;Eosinophil
8.810935;-4.7847066;Eosinophil
8.824761;-5.9170585;Eosinophil
8.761433;-4.6329026;Eosinophil
7.5467362;-3.7263832;Eosinophil
7.350409;-4.051128;Eosinophil
8.062553;-4.0815945;Eosinophil
8.501174;-6.2942843;Eosinophil
7.6294227;-3.7573528;Eosinophil
8.0849695;-3.7046983;Eosinophil
8.787048;-5.9578743;Eosinophil
7.332597;-3.4951928;Eosinophil
7.939166;-3.4738739;Eosinophil
7.895882;-5.66729;Eosinophil
7.8201513;-5.759213;Eosinophil
8.47204;-4.765202;Eosinophil
7.783679;-5.676443;Eosinophil
8.743287;-5.741776;Eosinophil
8.274817;-4.2786345;Eosinophil
8.475655;-6.153756;Eosinophil
7.476024;-4.7341933;Eosinophil
7.731282;-4.3552485;Eosinophil
8.600835;-5.603718;Eosinophil
7.1216736;-4.611214;Eosinophil
7.360396;-3.6452339;Eosinophil
8.188977;-5.6438713;Eosinophil
5.765484;-4.5092025;Eosinophil
7.2821302;-4.3889904;Eosinophil
8.257415;-4.081989;Eosinophil
7.9245467;-5.273622;Eosinophil
7.823561;-5.6226945;Eosinophil
1.1990575;11.630392;Eosinophil
7.1158576;-5.253131;Eosinophil
7.343989;-3.3314824;Eosinophil
8.816714;-6.136194;Eosinophil
-2.3098226;18.579338;Eosinophil
8.461649;-4.4362063;Eosinophil
8.832102;-5.9919567;Eosinophil
8.262838;-4.7777853;Eosinophil
8.191759;-4.314509;Eosinophil
8.792609;-4.9469423;Eosinophil
8.537687;-5.723526;Eosinophil
8.153237;-5.0305047;Eosinophil
8.819113;-7.296975;Eosinophil
8.813396;-5.503786;Eosinophil
8.034792;-4.0092325;Eosinophil
6.8260875;-4.7213097;Eosinophil
8.6511;-4.733791;Eosinophil
8.875719;-5.580523;Eosinophil
7.174375;-3.966435;Eosinophil
6.97416;-4.2620273;Eosinophil
8.517028;-5.216062;Eosinophil
7.598123;-3.8625712;Eosinophil
8.250712;-4.7835536;Eosinophil
7.942594;-4.368698;Eosinophil
7.8125467;-3.4669735;Eosinophil
7.334847;-5.716013;Eosinophil
7.026176;-4.673709;Eosinophil
7.7747197;-4.6074615;Eosinophil
7.908768;-3.3447852;Eosinophil
8.009446;-6.143042;Eosinophil
7.6284175;-4.590792;Eosinophil
5.824501;-4.5241265;Eosinophil
8.407068;-4.4290137;Eosinophil
7.7899227;-4.6805873;Eosinophil
7.3722444;-3.6603115;Eosinophil
7.7299957;-6.060978;Eosinophil
7.8985095;-6.245124;Eosinophil
8.52969;-5.8890038;Eosinophil
7.9900966;-3.271493;Eosinophil
8.152214;-5.414638;Eosinophil
8.061164;-4.261969;Eosinophil
7.196952;-4.7238097;Eosinophil
7.5721436;-5.1399884;Eosinophil
8.028461;-3.964115;Eosinophil
8.631473;-6.0825744;Eosinophil
8.654142;-6.117313;Eosinophil
8.806424;-5.8478055;Eosinophil
8.442578;-4.859702;Eosinophil
8.576971;-5.787215;Eosinophil
8.384736;-4.980555;Eosinophil
8.606443;-3.9685316;Eosinophil
8.623764;-4.4959464;Eosinophil
8.406146;-4.4494896;Eosinophil
8.592652;-5.4277873;Eosinophil
7.2625775;-5.463249;Eosinophil
8.645888;-5.2954698;Eosinophil
8.491054;-5.210182;Eosinophil
8.341695;-5.516464;Eosinophil
8.36922;-4.8057775;Eosinophil
7.4505663;-5.394132;Eosinophil
8.768771;-4.9365463;Eosinophil
8.925262;-5.214132;Eosinophil
7.9942;-4.445995;Eosinophil
7.4660144;-5.135568;Eosinophil
7.5548577;-4.830941;Eosinophil
7.639253;-3.030645;Eosinophil
7.0171876;-4.7468204;Eosinophil
7.507294;-3.3533144;Eosinophil
8.633838;-5.992604;Eosinophil
6.977723;-3.4023476;Eosinophil
8.179759;-5.239009;Eosinophil
8.406121;-4.575504;Eosinophil
8.508287;-4.2473617;Eosinophil
7.091925;-4.4423394;Eosinophil
6.8708763;-4.184063;Eosinophil
8.031443;-5.4459853;Eosinophil
7.416951;-5.761444;Eosinophil
7.570076;-6.0384636;Eosinophil
8.26023;-4.825777;Eosinophil
8.4559765;-4.621606;Eosinophil
8.787577;-5.999493;Eosinophil
7.9001274;-6.284987;Eosinophil
7.3093095;-3.9759684;Eosinophil
7.1016154;-3.746466;Eosinophil
7.150072;-3.3013082;Eosinophil
5.75046;-4.5304027;Eosinophil
8.264553;-4.6083865;Eosinophil
7.2545185;-5.31588;Eosinophil
7.264761;-4.454787;Eosinophil
6.8972607;-4.63337;Eosinophil
8.166374;-6.1265783;Eosinophil
7.8248444;-4.7829785;Eosinophil
8.599266;-4.359661;Eosinophil
7.6166143;-4.8736887;Eosinophil
7.6881075;-4.6465745;Eosinophil
7.691611;-3.0149639;Eosinophil
6.976309;-4.083509;Eosinophil
7.8072815;-5.1452374;Eosinophil
7.6598043;-5.3129363;Eosinophil
7.047255;-4.788238;Eosinophil
8.733805;-4.737066;Eosinophil
8.884119;-5.8287044;Eosinophil
7.6479435;-5.5908213;Eosinophil
6.946254;-3.8009293;Eosinophil
6.9534173;-4.1538343;Eosinophil
7.5041103;-3.6746213;Eosinophil
7.52883;-3.2092073;Eosinophil
8.263103;-4.9231014;Eosinophil
7.064909;-5.049843;Eosinophil
8.7586;-6.3590193;Eosinophil
7.2934713;-4.68257;Eosinophil
7.181358;-3.3509135;Eosinophil
7.244358;-5.724672;Eosinophil
7.7257323;-3.1155777;Eosinophil
8.008469;-4.3879695;Eosinophil
7.0971584;-3.9190202;Eosinophil
7.9299192;-6.3183856;Eosinophil
6.95185;-4.012392;Eosinophil
-2.5999742;18.774405;Eosinophil
6.9008107;-4.69927;Eosinophil
7.245318;-4.836747;Eosinophil
7.633879;-3.3824625;Eosinophil
8.740622;-4.8938017;Eosinophil
8.753837;-5.147021;Eosinophil
7.432188;-4.930832;Eosinophil
8.022415;-4.2570353;Eosinophil
8.332664;-6.2402015;Eosinophil
8.321886;-5.162914;Eosinophil
7.062804;-4.509517;Eosinophil
5.8301363;-4.5037417;Eosinophil
7.132121;-5.257641;Eosinophil
8.219838;-3.62987;Eosinophil
8.33934;-3.9964564;Eosinophil
7.665085;-3.0877767;Eosinophil
7.9123936;-6.4145427;Eosinophil
6.920877;-3.652857;Eosinophil
7.8618674;-3.9404557;Eosinophil
7.4443893;-5.9255;Eosinophil
7.5357924;-3.3742743;Eosinophil
8.574717;-4.4691634;Eosinophil
7.203105;-4.2831798;Eosinophil
7.6081367;-5.7265687;Eosinophil
8.913859;-5.804723;Eosinophil
8.210826;-5.1339006;Eosinophil
7.162102;-3.9087286;Eosinophil
7.3127337;-4.3926497;Eosinophil
7.638339;-4.2434177;Eosinophil
6.816417;-4.7368364;Eosinophil
7.580257;-4.8572497;Eosinophil
8.50372;-4.6173396;Eosinophil
7.127689;-5.5904694;Eosinophil
8.138897;-4.5051556;Eosinophil
7.6061683;-3.6593614;Eosinophil
7.4658833;-3.8713412;Eosinophil
8.296258;-6.316485;Eosinophil
7.0950546;-5.128422;Eosinophil
8.147525;-4.010811;Eosinophil
7.1804023;-3.9154696;Eosinophil
7.939293;-4.827035;Eosinophil
8.151303;-3.3530624;Eosinophil
7.9016547;-4.1942844;Eosinophil
7.7799535;-5.6449947;Eosinophil
8.708499;-6.02449;Eosinophil
7.951238;-4.8796206;Eosinophil
7.332859;-3.9627502;Eosinophil
7.1570377;-4.001681;Eosinophil
8.494651;-4.77925;Eosinophil
7.274864;-5.135144;Eosinophil
7.5356016;-3.2093465;Eosinophil
7.1655283;-3.532161;Eosinophil
7.6320786;-3.2114851;Eosinophil
8.769282;-6.114716;Eosinophil
8.312614;-4.970277;Eosinophil
8.164598;-3.918014;Eosinophil
8.77942;-4.5556746;Eosinophil
8.125294;-5.319195;Eosinophil
7.69774;-4.6342864;Eosinophil
7.264218;-4.413355;Eosinophil
8.141309;-4.181964;Eosinophil
6.881899;-4.7658353;Eosinophil
8.897074;-5.787982;Eosinophil
8.469585;-6.717485;Eosinophil
7.4960833;-3.2522137;Eosinophil
7.053929;-4.3987074;Eosinophil
8.809889;-7.2469273;Eosinophil
6.785336;-4.1136603;Eosinophil
7.4108295;-3.5683138;Eosinophil
8.668492;-5.359156;Eosinophil
7.313411;-3.5159316;Eosinophil
8.91267;-4.6327353;Eosinophil
8.270118;-5.7152276;Eosinophil
8.622446;-6.2942204;Eosinophil
7.075548;-4.463959;Eosinophil
6.9292407;-4.537679;Eosinophil
7.507189;-4.60874;Eosinophil
8.30847;-4.581368;Eosinophil
7.2707477;-4.5938497;Eosinophil
3.3110545;11.402285;Eosinophil
6.984334;-4.15391;Eosinophil
7.4857717;-4.7531967;Eosinophil
7.6083555;-5.357599;Eosinophil
8.810211;-4.9058485;Eosinophil
7.9616;-5.8751955;Eosinophil
8.053165;-5.2874246;Eosinophil
7.955379;-3.5944316;Eosinophil
5.275435;5.3188515;Eosinophil
8.662712;-4.522323;Eosinophil
8.636134;-6.0187273;Eosinophil
8.775606;-7.1954784;Eosinophil
7.9259586;-5.3441224;Eosinophil
7.3356385;-5.760689;Eosinophil
7.7235746;-3.328503;Eosinophil
7.3690205;-5.3902564;Eosinophil
7.7534356;-5.752215;Eosinophil
8.800794;-7.2358522;Eosinophil
8.500253;-4.9300227;Eosinophil
8.886739;-5.237499;Eosinophil
8.746218;-5.269798;Eosinophil
8.21657;-4.606299;Eosinophil
7.843444;-4.7338395;Eosinophil
8.667808;-5.3433843;Eosinophil
7.9697614;-5.5013175;Eosinophil
7.055976;-3.6655676;Eosinophil
8.747148;-4.871236;Eosinophil
7.849218;-4.1699767;Eosinophil
7.6810217;-3.9175415;Eosinophil
8.192232;-3.7750132;Eosinophil
7.3878593;-3.1701345;Eosinophil
7.72284;-3.7506614;Eosinophil
8.718165;-7.1287827;Eosinophil
7.011331;-4.1166954;Eosinophil
8.060512;-4.0468025;Eosinophil
5.761103;-4.5343037;Eosinophil
8.320399;-4.203467;Eosinophil
7.2260056;-4.273657;Eosinophil
8.323073;-4.6388736;Eosinophil
8.393668;-4.0935545;Eosinophil
8.712096;-6.052467;Eosinophil
7.843218;-3.1383736;Eosinophil
7.028248;-3.4055977;Eosinophil
8.710194;-5.4575067;Eosinophil
7.7889705;-6.2132325;Eosinophil
7.549863;-4.090323;Eosinophil
8.584778;-5.0097876;Eosinophil
7.063316;-3.7895746;Eosinophil
7.737548;-4.0513644;Eosinophil
6.9594994;-3.82595;Eosinophil
8.285826;-4.7363334;Eosinophil
8.435;-4.570815;Eosinophil
8.23944;-6.1670895;Eosinophil
8.862922;-7.0940313;Eosinophil
8.836989;-7.229904;Eosinophil
7.057366;-4.473151;Eosinophil
8.348107;-4.5813293;Eosinophil
7.4717484;-3.0496461;Eosinophil
7.2342014;-4.2934985;Eosinophil
7.2402062;-3.7036657;Eosinophil
5.801902;-4.527751;Eosinophil
7.1241555;-4.39272;Eosinophil
7.873016;-3.553279;Eosinophil
7.7744584;-4.801367;Eosinophil
6.8646154;-4.0948687;Eosinophil
7.534442;-4.398865;Eosinophil
8.825893;-7.211758;Eosinophil
7.904097;-5.693868;Eosinophil
7.232124;-4.7442136;Eosinophil
7.066315;-3.462731;Eosinophil
7.802052;-6.1039376;Eosinophil
8.697296;-6.075931;Eosinophil
7.2003655;-4.283936;Eosinophil
8.499831;-4.073473;Eosinophil
8.392943;-5.5937085;Eosinophil
7.493659;-3.8706298;Eosinophil
8.450833;-6.117051;Eosinophil
7.7669954;-3.1592753;Eosinophil
6.966203;-3.7895913;Eosinophil
6.905698;-4.9482074;Eosinophil
7.0381417;-4.6794124;Eosinophil
8.2503195;-4.6956806;Eosinophil
8.67605;-5.4193363;Eosinophil
8.688301;-5.006834;Eosinophil
8.73718;-5.7301483;Eosinophil
7.6148643;-5.9465165;Eosinophil
8.77605;-4.6234202;Eosinophil
7.2451077;-5.713889;Eosinophil
6.7254896;-4.673763;Eosinophil
8.562421;-4.824466;Eosinophil
6.8225713;-4.1832495;Eosinophil
7.106859;-4.04341;Eosinophil
8.101289;-3.8423686;Eosinophil
7.712939;-5.4632344;Eosinophil
7.67699;-4.458653;Eosinophil
8.034669;-4.946269;Eosinophil
8.449156;-4.290239;Eosinophil
8.237637;-4.4925656;Eosinophil
7.7122;-3.113562;Eosinophil
8.120553;-5.5187545;Eosinophil
8.705355;-5.37126;Eosinophil
-2.2448568;18.454737;Eosinophil
8.843334;-5.791671;Eosinophil
7.6155915;-4.9960046;Eosinophil
-2.211237;18.491201;Eosinophil
7.2251945;-3.6198823;Eosinophil
7.800258;-4.2914557;Eosinophil
7.6959968;-6.097438;Eosinophil
6.946555;-3.6571426;Eosinophil
8.430672;-5.5031157;Eosinophil
7.297746;-5.69254;Eosinophil
7.6301746;-3.423006;Eosinophil
7.880244;-3.4559338;Eosinophil
7.710055;-3.3062131;Eosinophil
8.314585;-4.2015505;Eosinophil
7.5194387;-3.6234708;Eosinophil
-2.3027205;18.495434;Eosinophil
6.9890757;-4.174273;Eosinophil
8.173613;-6.1851087;Eosinophil
8.788902;-7.279307;Eosinophil
8.828244;-7.2897477;Eosinophil
8.136626;-6.274998;Eosinophil
7.7740407;-5.9287643;Eosinophil
8.112478;-4.0373306;Eosinophil
8.576494;-5.0645437;Eosinophil
7.010058;-4.4971995;Eosinophil
8.567168;-4.7056456;Eosinophil
7.486187;-3.2763631;Eosinophil
7.0227375;-4.8408656;Eosinophil
5.860943;-4.5346975;Eosinophil
8.814091;-7.2617164;Eosinophil
7.7598906;-5.362682;Eosinophil
8.602787;-4.993716;Eosinophil
7.7079716;-4.4994106;Eosinophil
8.611111;-6.46825;Eosinophil
8.4610815;-5.8891597;Eosinophil
7.67023;-4.404576;Eosinophil
7.2068295;-3.7285948;Eosinophil
8.502536;-5.648042;Eosinophil
7.580895;-3.5448456;Eosinophil
7.2747006;-4.0024147;Eosinophil
8.432228;-6.0551476;Eosinophil
8.030525;-6.208152;Eosinophil
7.1140604;-5.6029906;Eosinophil
7.7688556;-3.9458897;Eosinophil
8.149221;-5.147521;Eosinophil
6.9857383;-3.7366712;Eosinophil
8.549824;-4.409894;Eosinophil
7.7023067;-5.748178;Eosinophil
7.6645103;-4.3305535;Eosinophil
7.446547;-5.4589715;Eosinophil
6.9622545;-3.5542412;Eosinophil
8.497178;-4.68827;Eosinophil
8.569795;-5.5971236;Eosinophil
6.966851;-4.725991;Eosinophil
8.410817;-5.8014684;Eosinophil
7.978708;-3.410773;Eosinophil
8.163767;-6.4401927;Eosinophil
8.601071;-4.4173207;Eosinophil
8.077483;-3.5539668;Eosinophil
7.670355;-3.0841868;Eosinophil
7.159042;-3.2026477;Eosinophil
7.7166834;-4.6228013;Eosinophil
7.2784405;-5.025177;Eosinophil
8.865309;-4.801108;Eosinophil
7.752113;-5.101871;Eosinophil
7.9170485;-6.3965373;Eosinophil
8.6014385;-6.111593;Eosinophil
6.967395;-4.85368;Eosinophil
8.717484;-4.541986;Eosinophil
7.624808;-3.0533578;Eosinophil
8.845055;-4.636102;Eosinophil
7.589472;-5.908144;Eosinophil
7.7135577;-4.8642054;Eosinophil
8.175784;-5.9338284;Eosinophil
6.873932;-4.601619;Eosinophil
7.9897766;-5.906117;Eosinophil
7.550746;-4.3404894;Eosinophil
7.7549067;-4.726926;Eosinophil
6.7185946;-4.1382008;Eosinophil
8.22154;-4.583545;Eosinophil
8.175954;-4.301608;Eosinophil
7.2978373;-4.618268;Eosinophil
7.910583;-5.7683616;Eosinophil
6.800265;-4.0334873;Eosinophil
7.7796793;-5.494392;Eosinophil
7.6313405;-5.980842;Eosinophil
8.672482;-4.6267557;Eosinophil
8.795143;-6.3598223;Eosinophil
7.553115;-5.523226;Eosinophil
7.6369543;-3.030392;Eosinophil
7.9581885;-3.3071444;Eosinophil
8.143744;-4.825379;Eosinophil
7.2448144;-3.1782386;Eosinophil
8.780317;-5.4575467;Eosinophil
7.854385;-3.7655861;Eosinophil
8.789759;-7.181526;Eosinophil
8.020825;-5.640813;Eosinophil
7.447552;-4.123299;Eosinophil
7.8183665;-6.1621356;Eosinophil
-2.3419175;18.569096;Eosinophil
7.883501;-4.629676;Eosinophil
7.450942;-3.538017;Eosinophil
7.6797686;-3.8342571;Eosinophil
7.718744;-6.124373;Eosinophil
8.529169;-6.720874;Eosinophil
7.4880533;-4.7885704;Eosinophil
8.347072;-5.0122;Eosinophil
7.0524178;-3.468221;Eosinophil
-2.377644;18.908592;Eosinophil
7.242357;-5.6523232;Eosinophil
7.658617;-5.1724687;Eosinophil
7.6322455;-4.660876;Eosinophil
7.5385356;-3.9128098;Eosinophil
8.239624;-3.5432239;Eosinophil
7.1452646;-5.4897914;Eosinophil
7.865237;-6.25008;Eosinophil
7.043303;-3.7167814;Eosinophil
6.9374623;-3.7317555;Eosinophil
8.664035;-4.312336;Eosinophil
7.0939183;-5.401736;Eosinophil
7.577279;-4.465986;Eosinophil
7.785387;-5.575619;Eosinophil
6.8140955;-4.101373;Eosinophil
7.293082;-3.7343783;Eosinophil
8.778031;-5.7770705;Eosinophil
7.2735925;-4.2958803;Eosinophil
8.197385;-4.215413;Eosinophil
7.3000665;-5.6221313;Eosinophil
8.905158;-5.9159474;Eosinophil
8.169447;-5.637179;Eosinophil
7.3031583;-3.2293174;Eosinophil
8.621093;-5.166394;Eosinophil
8.309639;-3.6317396;Eosinophil
7.661058;-3.413288;Eosinophil
8.637653;-5.3591447;Eosinophil
8.408529;-4.8995557;Eosinophil
8.913231;-5.9486465;Eosinophil
8.788515;-5.4200335;Eosinophil
8.383313;-6.1244607;Eosinophil
7.52106;-4.6416163;Eosinophil
8.787569;-7.2173743;Eosinophil
7.821526;-4.6758223;Eosinophil
7.57774;-4.559071;Eosinophil
8.965277;-5.76522;Eosinophil
7.1731734;-4.7888355;Eosinophil
7.9685807;-5.494066;Eosinophil
7.952633;-4.418109;Eosinophil
8.6251545;-5.070403;Eosinophil
8.119557;-5.145971;Eosinophil
7.7125344;-3.8824527;Eosinophil
8.184662;-5.748207;Eosinophil
8.491173;-6.172849;Eosinophil
8.185271;-4.6806054;Eosinophil
8.122406;-6.274555;Eosinophil
6.873015;-3.8653772;Eosinophil
7.970802;-4.6021156;Eosinophil
7.876932;-4.6035895;Eosinophil
8.27872;-3.683427;Eosinophil
7.831111;-3.4011202;Eosinophil
8.306005;-3.9981394;Eosinophil
8.454827;-5.265074;Eosinophil
7.5700006;-3.195011;Eosinophil
8.513044;-4.837417;Eosinophil
8.353384;-5.287038;Eosinophil
8.064017;-6.0637836;Eosinophil
8.686223;-5.4283276;Eosinophil
8.471876;-4.7324834;Eosinophil
8.27606;-3.6470952;Eosinophil
6.9217;-3.9231102;Eosinophil
8.99804;-5.554682;Eosinophil
7.4676585;-3.7243452;Eosinophil
7.6168413;-3.786121;Eosinophil
7.728067;-5.0856566;Eosinophil
7.5810885;-3.7531884;Eosinophil
7.8507943;-5.9115796;Eosinophil
8.752326;-7.054189;Eosinophil
8.075633;-4.468969;Eosinophil
8.04354;-5.863586;Eosinophil
7.6142063;-5.0993;Eosinophil
8.555023;-3.8677278;Eosinophil
7.2709737;-4.062343;Eosinophil
7.2910633;-4.535701;Eosinophil
7.9450936;-3.700536;Eosinophil
7.9638734;-6.1963587;Eosinophil
7.577927;-5.3322206;Eosinophil
7.6075983;-4.89325;Eosinophil
7.4282565;-3.9869294;Eosinophil
6.7644444;-4.480842;Eosinophil
7.879936;-5.2250624;Eosinophil
7.8202806;-4.3002496;Eosinophil
7.2227707;-3.3584945;Eosinophil
8.731176;-5.472944;Eosinophil
8.121218;-4.170861;Eosinophil
6.9646173;-4.3427916;Eosinophil
8.520473;-5.858072;Eosinophil
7.3197174;-3.5767095;Eosinophil
7.5819297;-3.5362215;Eosinophil
8.260525;-4.4364047;Eosinophil
8.474314;-5.243399;Eosinophil
7.8494906;-3.9737594;Eosinophil
7.8423033;-5.297156;Eosinophil
7.186322;-3.2181718;Eosinophil
8.554425;-6.148904;Eosinophil
7.0508842;-4.30968;Eosinophil
5.744592;-4.523091;Eosinophil
8.383934;-6.144496;Eosinophil
8.618772;-4.305077;Eosinophil
8.588694;-4.4990478;Eosinophil
8.803335;-6.357526;Eosinophil
6.8511405;-3.6482491;Eosinophil
7.9900227;-3.3172238;Eosinophil
7.4548416;-4.565275;Eosinophil
8.710161;-6.344596;Eosinophil
8.3543005;-4.69921;Eosinophil
8.75933;-7.2452364;Eosinophil
-2.2663236;18.485952;Eosinophil
8.056521;-3.4220204;Eosinophil
-2.268652;18.416212;Eosinophil
8.353617;-6.334318;Eosinophil
7.6115365;-5.115681;Eosinophil
7.779976;-3.4921322;Eosinophil
8.101053;-6.101885;Eosinophil
8.349461;-4.286078;Eosinophil
7.843194;-4.0135436;Eosinophil
7.185969;-5.398769;Eosinophil
7.597139;-3.2569025;Eosinophil
8.701428;-4.8516893;Eosinophil
8.121874;-3.5049314;Eosinophil
7.6326623;-5.1358223;Eosinophil
8.660975;-4.716061;Eosinophil
8.850879;-5.822299;Eosinophil
6.9892507;-4.864986;Eosinophil
7.4550214;-3.741942;Eosinophil
7.110094;-4.9699264;Eosinophil
7.1948476;-5.338304;Eosinophil
7.507962;-3.8660445;Eosinophil
8.876818;-4.927484;Eosinophil
7.1739516;-4.6783657;Eosinophil
7.1453295;-4.8368473;Eosinophil
7.412999;-5.719957;Eosinophil
7.6466365;-5.9695697;Eosinophil
8.409183;-4.295964;Eosinophil
6.9596453;-3.9788027;Eosinophil
7.595481;-5.85827;Eosinophil
8.719398;-5.694668;Eosinophil
7.8954067;-4.3505673;Eosinophil
7.5539436;-5.4107327;Eosinophil
8.67847;-4.8377523;Eosinophil
7.934228;-3.3881395;Eosinophil
7.3551555;-5.8042665;Eosinophil
7.178759;-5.1452336;Eosinophil
7.313687;-3.5733528;Eosinophil
8.376742;-5.037719;Eosinophil
7.9802012;-5.5072126;Eosinophil
7.6847944;-5.719478;Eosinophil
7.73497;-4.0844064;Eosinophil
8.60931;-5.4008203;Eosinophil
7.3921804;-4.0305123;Eosinophil
7.4959764;-3.278292;Eosinophil
7.230744;-5.6228876;Eosinophil
8.800561;-5.6884065;Eosinophil
8.798602;-7.2439003;Eosinophil
8.367448;-5.5806623;Eosinophil
7.9714446;-3.619196;Eosinophil
7.9069734;-4.0518823;Eosinophil
7.9188175;-4.0801616;Eosinophil
7.6097894;-5.0691805;Eosinophil
6.6776876;-4.5363646;Eosinophil
8.928783;-5.6047134;Eosinophil
-2.250036;18.466763;Eosinophil
7.0630846;-4.688072;Eosinophil
7.9873123;-4.318039;Eosinophil
8.054511;-4.3185153;Eosinophil
8.820066;-4.6274743;Eosinophil
7.9446416;-5.4935713;Eosinophil
7.051244;-4.8583326;Eosinophil
5.757787;-4.5436006;Eosinophil
6.9268756;-4.2849994;Eosinophil
8.386342;-4.249187;Eosinophil
8.898095;-5.6843834;Eosinophil
6.932395;-4.8642826;Eosinophil
7.0947;-4.2437234;Eosinophil
7.4106364;-3.2766054;Eosinophil
8.994398;-5.5709596;Eosinophil
6.800753;-4.178214;Eosinophil
6.8829856;-3.7520988;Eosinophil
7.7001066;-3.0600886;Eosinophil
8.399304;-4.096477;Eosinophil
6.8206573;-3.8535492;Eosinophil
7.960435;-5.767155;Eosinophil
7.3022037;-5.7815266;Eosinophil
7.774088;-5.1144495;Eosinophil
8.945347;-5.420928;Eosinophil
8.214436;-4.4337564;Eosinophil
8.279647;-3.5663133;Eosinophil
7.565306;-3.2605236;Eosinophil
8.486376;-3.8058207;Eosinophil
7.527045;-3.9865959;Eosinophil
7.854235;-4.30317;Eosinophil
7.9103065;-3.186475;Eosinophil
8.462287;-4.7821693;Eosinophil
7.6816926;-3.779559;Eosinophil
8.073938;-5.583791;Eosinophil
7.3136034;-3.3326914;Eosinophil
8.850032;-7.298219;Eosinophil
7.989467;-3.9249258;Eosinophil
8.24966;-5.226711;Eosinophil
8.189369;-4.802862;Eosinophil
7.4144115;-3.3217034;Eosinophil
7.48133;-3.3591118;Eosinophil
7.6302257;-5.6319175;Eosinophil
7.822486;-3.9114463;Eosinophil
7.439252;-3.5149083;Eosinophil
8.2055435;-4.631596;Eosinophil
7.670393;-4.596352;Eosinophil
7.3035784;-3.2886798;Eosinophil
7.0371943;-3.8652198;Eosinophil
8.699404;-4.948964;Eosinophil
6.97891;-4.624122;Eosinophil
7.6582966;-4.1528754;Eosinophil
8.407168;-6.2215896;Eosinophil
6.891734;-3.6476839;Eosinophil
7.830813;-5.908326;Eosinophil
8.791485;-6.328479;Eosinophil
8.792782;-5.9134903;Eosinophil
8.695909;-5.561423;Eosinophil
7.0618124;-4.981548;Eosinophil
8.1841;-3.9370353;Eosinophil
8.469755;-3.9772284;Eosinophil
8.776454;-5.4515805;Eosinophil
8.596744;-4.8869667;Eosinophil
7.482442;-3.4718351;Eosinophil
7.698404;-5.866322;Eosinophil
8.440448;-4.677989;Eosinophil
8.86596;-6.266053;Eosinophil
7.991284;-6.347945;Eosinophil
7.719268;-4.1860847;Eosinophil
8.017622;-5.8953;Eosinophil
8.226711;-6.1871057;Eosinophil
8.146225;-4.9913673;Eosinophil
8.697809;-4.2641253;Eosinophil
8.756457;-7.1910815;Eosinophil
8.819342;-7.23258;Eosinophil
7.1129274;-4.4171333;Eosinophil
5.756316;-4.5390854;Eosinophil
8.629302;-5.8726525;Eosinophil
7.8747873;-6.3857536;Eosinophil
7.7404337;-5.1246805;Eosinophil
7.7804203;-4.263164;Eosinophil
8.929117;-4.675586;Eosinophil
-2.2420037;18.471748;Eosinophil
-2.2274914;18.41272;Eosinophil
8.834221;-7.285185;Eosinophil
8.146922;-4.6351657;Eosinophil
7.022212;-4.7682467;Eosinophil
8.816773;-5.748921;Eosinophil
8.446343;-4.7409587;Eosinophil
8.166192;-4.385369;Eosinophil
8.114282;-4.951045;Eosinophil
8.233766;-6.105688;Eosinophil
7.5838118;-3.7421794;Eosinophil
7.8405623;-3.796855;Eosinophil
7.748404;-4.6361012;Eosinophil
8.077104;-4.5129166;Eosinophil
7.693854;-4.3608494;Eosinophil
7.4527125;-3.4276567;Eosinophil
7.3176465;-4.5621495;Eosinophil
7.828653;-5.1999807;Eosinophil
7.7551947;-3.0976853;Eosinophil
7.8898997;-4.747644;Eosinophil
7.5645957;-5.2526984;Eosinophil
8.752222;-6.4378424;Eosinophil
7.611141;-3.111601;Eosinophil
8.392495;-4.803456;Eosinophil
8.84195;-5.6995125;Eosinophil
8.183958;-4.093547;Eosinophil
7.337534;-4.024099;Eosinophil
7.734302;-3.2490673;Eosinophil
6.8326344;-3.7928874;Eosinophil
7.4790993;-4.4285626;Eosinophil
8.222063;-4.9386826;Eosinophil
8.604335;-4.3898664;Eosinophil
7.326842;-4.4202175;Eosinophil
7.490108;-5.5992985;Eosinophil
8.673107;-5.5129824;Eosinophil
7.7501664;-4.9919696;Eosinophil
7.5105653;-4.5902953;Eosinophil
8.218127;-5.8992457;Eosinophil
8.72083;-5.874137;Eosinophil
8.194356;-3.6734915;Eosinophil
8.167165;-6.1730347;Eosinophil
-2.6868849;18.624199;Eosinophil
6.8521504;-3.8574226;Eosinophil
8.054435;-3.8829937;Eosinophil
7.7799807;-3.868178;Eosinophil
8.475185;-6.110173;Eosinophil
8.051583;-4.4258113;Eosinophil
8.034937;-4.909402;Eosinophil
8.433024;-4.626657;Eosinophil
7.568899;-5.283571;Eosinophil
7.9754333;-4.55346;Eosinophil
7.534527;-4.132883;Eosinophil
8.435487;-5.461415;Eosinophil
7.9105954;-5.430584;Eosinophil
7.610177;-5.82819;Eosinophil
7.8722267;-6.385755;Eosinophil
8.07963;-5.286691;Eosinophil
8.60977;-4.811809;Eosinophil
8.596385;-4.4759593;Eosinophil
7.7324095;-3.7621367;Eosinophil
8.678152;-4.538264;Eosinophil
7.9502716;-5.254947;Eosinophil
7.649565;-5.547719;Eosinophil
8.781272;-5.8756733;Eosinophil
8.580445;-4.294859;Eosinophil
8.80053;-4.9700713;Eosinophil
8.404346;-3.9774761;Eosinophil
7.224268;-3.7206702;Eosinophil
7.3789425;-4.4934998;Eosinophil
7.1792383;-3.1846375;Eosinophil
8.390411;-5.571751;Eosinophil
6.913537;-4.8060155;Eosinophil
7.7581396;-5.9028916;Eosinophil
8.204228;-5.553133;Eosinophil
8.594302;-6.076933;Eosinophil
7.17226;-4.410283;Eosinophil
7.9993305;-5.0435205;Eosinophil
7.8170137;-4.02231;Eosinophil
8.834697;-7.294976;Eosinophil
8.278606;-4.0844183;Eosinophil
-2.4063056;18.58843;Eosinophil
7.329544;-4.147601;Eosinophil
7.407215;-4.707099;Eosinophil
8.86432;-4.695466;Eosinophil
8.511672;-4.0803833;Eosinophil
7.2429724;-3.6063983;Eosinophil
7.0809183;-5.2338347;Eosinophil
7.9929895;-5.054459;Eosinophil
8.386329;-4.8751044;Eosinophil
8.928382;-5.552484;Eosinophil
7.4044204;-5.7653937;Eosinophil
7.8372445;-4.43141;Eosinophil
8.793428;-7.254672;Eosinophil
8.621175;-4.4730463;Eosinophil
7.012332;-5.040656;Eosinophil
7.4990773;-4.354748;Eosinophil
7.1363373;-5.2302265;Eosinophil
7.9875555;-4.7877226;Eosinophil
7.574414;-3.23257;Eosinophil
8.148108;-6.011558;Eosinophil
8.932661;-4.5974503;Eosinophil
8.975816;-5.6125593;Eosinophil
8.812587;-6.454398;Eosinophil
8.385536;-4.399496;Eosinophil
7.602308;-4.64214;Eosinophil
7.027852;-5.272429;Eosinophil
8.169527;-5.8766956;Eosinophil
-2.2753885;18.446478;Eosinophil
8.336317;-5.206835;Eosinophil
8.572125;-4.9001;Eosinophil
8.773117;-6.28075;Eosinophil
7.3005333;-4.1487904;Eosinophil
7.966234;-4.1534853;Eosinophil
6.826928;-4.099343;Eosinophil
7.519928;-4.7968674;Eosinophil
8.759163;-4.416021;Eosinophil
8.308185;-5.128268;Eosinophil
7.2871366;-4.7230988;Eosinophil
7.968017;-4.116744;Eosinophil
7.58335;-4.427773;Eosinophil
7.3778977;-5.827849;Eosinophil
8.416333;-3.9025095;Eosinophil
7.9258623;-4.351897;Eosinophil
8.611879;-4.651025;Eosinophil
7.7788424;-3.2546985;Eosinophil
8.704558;-6.0901074;Eosinophil
8.759681;-4.90493;Eosinophil
7.164597;-5.122682;Eosinophil
8.161694;-4.3605943;Eosinophil
6.986937;-4.883155;Eosinophil
8.222154;-4.5155683;Eosinophil
7.455419;-5.988014;Eosinophil
8.046643;-4.493107;Eosinophil
7.0213294;-4.260778;Eosinophil
8.784284;-5.483464;Eosinophil
7.4728074;-4.1960063;Eosinophil
7.8750935;-4.2679577;Eosinophil
8.260672;-4.163262;Eosinophil
7.434909;-4.4190803;Eosinophil
8.969067;-5.619921;Eosinophil
6.950872;-5.162283;Eosinophil
8.842638;-7.2987027;Eosinophil
8.754105;-4.7956147;Eosinophil
5.709898;-4.4967666;Eosinophil
7.790836;-5.417085;Eosinophil
7.701291;-5.0238395;Eosinophil
7.326088;-5.763008;Eosinophil
7.3393035;-3.2392535;Eosinophil
8.866923;-5.9772573;Eosinophil
7.965624;-5.4638505;Eosinophil
-2.306986;18.519169;Eosinophil
8.937146;-5.6169934;Eosinophil
8.183831;-4.8848715;Eosinophil
8.443776;-4.344019;Eosinophil
8.146484;-5.830288;Eosinophil
7.7472076;-4.0490103;Eosinophil
7.628544;-6.0576463;Eosinophil
6.8720384;-4.7683334;Eosinophil
8.867927;-7.2820916;Eosinophil
7.339055;-3.6200051;Eosinophil
8.205895;-5.366869;Eosinophil
7.053865;-5.118973;Eosinophil
8.823527;-5.9013224;Eosinophil
6.983782;-4.1208596;Eosinophil
8.119176;-6.1046762;Eosinophil
7.6912684;-6.130331;Eosinophil
7.4175653;-4.796709;Eosinophil
8.256552;-4.079679;Eosinophil
8.830563;-7.264244;Eosinophil
-2.6875865;18.61753;Eosinophil
7.836726;-4.2288976;Eosinophil
6.898568;-3.78336;Eosinophil
7.966606;-3.5114949;Eosinophil
7.6607585;-5.860376;Eosinophil
8.310875;-4.3033204;Eosinophil
8.238283;-5.145399;Eosinophil
7.3792925;-3.6064148;Eosinophil
7.3529496;-4.642129;Eosinophil
8.750007;-4.8184676;Eosinophil
8.867426;-5.986709;Eosinophil
9.0193615;-5.2355723;Eosinophil
8.417952;-4.138942;Eosinophil
8.938884;-5.8828044;Eosinophil
5.797056;-4.554665;Eosinophil
8.594775;-5.606753;Eosinophil
7.69692;-5.099589;Eosinophil
-2.259681;18.445139;Eosinophil
7.911626;-5.462308;Eosinophil
8.069814;-3.5482316;Eosinophil
7.8219233;-5.816644;Eosinophil
8.469151;-5.6965556;Eosinophil
8.245704;-4.234379;Eosinophil
7.019004;-3.7465177;Eosinophil
7.6951857;-3.4624615;Eosinophil
7.9197564;-3.328719;Eosinophil
7.369706;-5.487106;Eosinophil
7.8353047;-5.4565573;Eosinophil
7.9174747;-4.7947917;Eosinophil
7.1701922;-4.945303;Eosinophil
7.937204;-5.98789;Eosinophil
6.8986583;-4.186136;Eosinophil
8.718225;-5.8639064;Eosinophil
7.0051966;-4.258109;Eosinophil
7.480905;-5.1170974;Eosinophil
7.7450733;-3.0623362;Eosinophil
8.262118;-5.800984;Eosinophil
8.434298;-5.684593;Eosinophil
7.772631;-4.277865;Eosinophil
7.017691;-4.962872;Eosinophil
8.397561;-4.2846723;Eosinophil
8.877806;-6.153664;Eosinophil
8.612624;-4.333758;Eosinophil
8.509837;-6.0800824;Eosinophil
7.8838983;-3.7207599;Eosinophil
7.282465;-3.1841612;Eosinophil
7.631004;-3.3110366;Eosinophil
8.728501;-5.8827353;Eosinophil
8.44623;-5.1377406;Eosinophil
8.731185;-4.509844;Eosinophil
8.8719225;-6.34136;Eosinophil
7.727261;-3.6929107;Eosinophil
6.841624;-3.9736056;Eosinophil
8.221091;-4.067332;Eosinophil
5.713196;-4.5764956;Eosinophil
8.547319;-6.5288115;Eosinophil
7.6711044;-6.1574287;Eosinophil
5.7597775;-4.5318093;Eosinophil
7.506242;-3.4030087;Eosinophil
7.9728546;-6.274805;Eosinophil
8.246929;-4.873635;Eosinophil
8.145631;-3.9391131;Eosinophil
8.5429535;-5.923791;Eosinophil
8.189531;-5.837717;Eosinophil
7.6063094;-4.4211216;Eosinophil
8.087853;-5.5696344;Eosinophil
8.001163;-5.536567;Eosinophil
8.191161;-3.9033744;Eosinophil
7.905002;-4.91791;Eosinophil
8.462788;-6.094832;Eosinophil
7.42429;-4.1080766;Eosinophil
8.422085;-4.710709;Eosinophil
7.33746;-3.482914;Eosinophil
7.2554135;-3.857699;Eosinophil
-2.2874074;18.499334;Eosinophil
8.727024;-5.22594;Eosinophil
7.7833896;-5.969445;Eosinophil
8.626046;-4.475492;Eosinophil
7.3707156;-4.7088695;Eosinophil
7.2967086;-5.4604607;Eosinophil
7.2251225;-3.228013;Eosinophil
8.036662;-3.5543592;Eosinophil
7.8086743;-4.0198317;Eosinophil
7.3836355;-4.1340356;Eosinophil
7.9827876;-4.619444;Eosinophil
8.331683;-4.615341;Eosinophil
8.692551;-4.5271106;Eosinophil
8.737324;-7.0133452;Eosinophil
8.632093;-5.7980614;Eosinophil
8.248285;-4.1448717;Eosinophil
7.7022676;-3.5648978;Eosinophil
7.528215;-3.409103;Eosinophil
8.761522;-5.659419;Eosinophil
7.6732607;-3.7146468;Eosinophil
8.499753;-4.4450727;Eosinophil
7.003617;-4.663526;Eosinophil
7.1324224;-4.4039884;Eosinophil
7.197441;-4.9536285;Eosinophil
7.1840386;-4.4164124;Eosinophil
8.035296;-4.339455;Eosinophil
7.826385;-4.883911;Eosinophil
8.407028;-3.6611395;Eosinophil
8.416332;-5.6575255;Eosinophil
7.7541165;-3.793285;Eosinophil
7.3747916;-5.0041213;Eosinophil
8.603251;-4.091542;Eosinophil
8.792034;-7.1874156;Eosinophil
8.815816;-7.169849;Eosinophil
6.3170347;-4.3854856;Eosinophil
7.9305696;-4.9178133;Eosinophil
8.627007;-5.220672;Eosinophil
7.9206705;-5.5167766;Eosinophil
8.097795;-5.861719;Eosinophil
8.143305;-4.6222687;Eosinophil
-2.2771788;18.419098;Eosinophil
8.590642;-4.5088754;Eosinophil
8.514156;-5.474691;Eosinophil
8.119756;-6.1796756;Eosinophil
8.0324955;-4.0758433;Eosinophil
8.653402;-4.6451144;Eosinophil
7.3284807;-4.8426237;Eosinophil
8.260964;-6.4863935;Eosinophil
8.8445835;-5.7943935;Eosinophil
8.408039;-4.290975;Eosinophil
5.8614793;-4.44271;Eosinophil
8.841896;-7.2986016;Eosinophil
5.7898927;-4.52837;Eosinophil
8.688215;-5.2602096;Eosinophil
7.5420513;-3.639483;Eosinophil
8.866731;-5.9872656;Eosinophil
8.7997055;-7.2463603;Eosinophil
7.5104775;-3.6412249;Eosinophil
8.539961;-5.317361;Eosinophil
8.226941;-4.414701;Eosinophil
6.8557;-5.106132;Eosinophil
7.305679;-5.7913365;Eosinophil
5.765227;-4.535689;Eosinophil
6.996431;-5.194304;Eosinophil
7.3606586;-5.479443;Eosinophil
7.725077;-5.8008933;Eosinophil
7.30063;-3.888889;Eosinophil
7.4983454;-4.5404053;Eosinophil
7.0599523;-5.041637;Eosinophil
8.910482;-5.7721634;Eosinophil
8.164946;-5.6700416;Eosinophil
7.0709205;-4.6875777;Eosinophil
7.3669405;-5.515801;Eosinophil
7.959277;-4.5219226;Eosinophil
7.9497366;-6.165838;Eosinophil
7.7799907;-5.700665;Eosinophil
8.822066;-5.9797797;Eosinophil
7.9500527;-3.5355556;Eosinophil
6.8985643;-4.6663733;Eosinophil
8.772646;-4.771597;Eosinophil
8.793817;-5.825894;Eosinophil
8.3611555;-4.7352457;Eosinophil
7.602957;-4.805664;Eosinophil
8.334971;-6.1733494;Eosinophil
7.5303845;-6.0361085;Eosinophil
7.8442583;-3.6840556;Eosinophil
7.522035;-3.8330283;Eosinophil
7.5007024;-4.754099;Eosinophil
5.7475295;-4.53524;Eosinophil
8.661916;-4.8021655;Eosinophil
8.4333515;-6.552223;Eosinophil
7.895879;-5.6712937;Eosinophil
7.728789;-5.5027337;Eosinophil
7.125258;-5.6054063;Eosinophil
6.846445;-4.4183264;Eosinophil
7.951674;-4.727214;Eosinophil
8.760454;-6.40062;Eosinophil
8.335864;-4.869152;Eosinophil
8.983386;-5.5259643;Eosinophil
8.810116;-7.222695;Eosinophil
7.4273286;-3.9957066;Eosinophil
9.042186;-5.5720415;Eosinophil
8.507787;-4.128344;Eosinophil
8.829776;-7.2882557;Eosinophil
8.520153;-5.3357778;Eosinophil
-2.2530594;18.442848;Eosinophil
8.047404;-4.941021;Eosinophil
8.803471;-7.2300797;Eosinophil
7.363037;-5.424906;Eosinophil
7.0569;-4.5734043;Eosinophil
7.0985374;-5.2935452;Eosinophil
7.148156;-4.2713537;Eosinophil
7.9424605;-6.214373;Eosinophil
7.84023;-4.529954;Eosinophil
7.380517;-4.211261;Eosinophil
7.833135;-4.5879364;Eosinophil
7.781896;-6.116809;Eosinophil
8.898351;-5.6152563;Eosinophil
7.0752144;-3.9517267;Eosinophil
8.841798;-5.8234477;Eosinophil
-2.2378225;18.44201;Eosinophil
7.362033;-5.0748253;Eosinophil
6.8833427;-4.6625276;Eosinophil
8.635981;-6.135727;Eosinophil
8.884621;-5.0683236;Eosinophil
6.984784;-4.92639;Eosinophil
13.165709;7.0811315;Erythroblast
13.188201;7.6098833;Erythroblast
12.859606;7.414595;Erythroblast
11.879293;7.258847;Erythroblast
13.071055;6.7564836;Erythroblast
13.171395;6.8108306;Erythroblast
12.953231;7.0001163;Erythroblast
12.553822;6.5808034;Erythroblast
10.497431;6.1150966;Erythroblast
13.113112;8.022924;Erythroblast
12.353097;6.407491;Erythroblast
12.452371;7.7934446;Erythroblast
8.862822;7.9837246;Erythroblast
12.470004;7.695948;Erythroblast
13.014757;7.745905;Erythroblast
13.115152;7.9436865;Erythroblast
13.194631;8.003531;Erythroblast
11.104238;6.0278964;Erythroblast
13.090265;7.4205494;Erythroblast
13.190354;6.9624186;Erythroblast
13.061875;7.08232;Erythroblast
13.133481;6.631439;Erythroblast
12.857873;6.401381;Erythroblast
12.297398;7.184766;Erythroblast
13.305716;6.8915663;Erythroblast
10.825769;5.512215;Erythroblast
12.575249;7.371486;Erythroblast
12.692038;7.12364;Erythroblast
12.043634;6.859066;Erythroblast
13.228925;6.7559824;Erythroblast
13.015714;7.0701275;Erythroblast
12.05232;6.175623;Erythroblast
12.893199;6.271794;Erythroblast
8.569705;8.69599;Erythroblast
12.772931;6.3994465;Erythroblast
11.991307;6.2695227;Erythroblast
12.556337;6.044455;Erythroblast
12.786229;8.009961;Erythroblast
12.820346;7.0529485;Erythroblast
13.328215;6.878471;Erythroblast
12.656398;7.317765;Erythroblast
12.1452055;6.6704164;Erythroblast
11.915856;6.008679;Erythroblast
12.691363;6.282048;Erythroblast
12.692058;7.246731;Erythroblast
12.527925;6.3463593;Erythroblast
12.285993;6.487501;Erythroblast
12.656404;7.491375;Erythroblast
10.905622;6.047455;Erythroblast
5.402003;9.451089;Erythroblast
9.653888;7.519614;Erythroblast
12.830274;6.330751;Erythroblast
5.464066;9.466017;Erythroblast
5.2118063;9.725202;Erythroblast
13.119073;7.532094;Erythroblast
-1.3575073;18.111229;Erythroblast
11.625583;6.112866;Erythroblast
12.337967;6.4560685;Erythroblast
12.809394;6.4427743;Erythroblast
13.157987;7.099173;Erythroblast
12.4673395;7.2123876;Erythroblast
12.738473;6.5647416;Erythroblast
11.068732;5.998009;Erythroblast
12.392227;7.249073;Erythroblast
13.054002;6.540907;Erythroblast
12.238553;7.436345;Erythroblast
12.548782;7.827339;Erythroblast
12.377522;6.0978885;Erythroblast
12.096662;7.6980987;Erythroblast
12.069911;6.76265;Erythroblast
12.132994;6.0382986;Erythroblast
12.527498;6.1779985;Erythroblast
13.136365;7.0554748;Erythroblast
12.767432;6.883646;Erythroblast
12.519483;7.606381;Erythroblast
12.915525;7.2561626;Erythroblast
10.790357;5.7616224;Erythroblast
12.718022;6.196386;Erythroblast
12.616513;7.867465;Erythroblast
12.909441;6.321031;Erythroblast
12.483503;7.362291;Erythroblast
12.902283;6.500062;Erythroblast
10.597544;6.0425906;Erythroblast
12.444764;7.224287;Erythroblast
11.377825;6.362419;Erythroblast
10.7985525;5.7174616;Erythroblast
13.083758;8.040305;Erythroblast
13.034903;6.4767046;Erythroblast
12.599731;6.9403243;Erythroblast
13.184506;7.7910614;Erythroblast
13.161609;7.5929146;Erythroblast
12.627554;6.2795925;Erythroblast
12.593671;6.63546;Erythroblast
13.118609;6.52556;Erythroblast
12.832988;8.104764;Erythroblast
11.718366;7.1007967;Erythroblast
-1.3508847;18.107935;Erythroblast
12.895862;6.2964635;Erythroblast
12.845547;6.2719593;Erythroblast
12.612711;6.1916285;Erythroblast
11.846446;6.6422906;Erythroblast
12.068799;6.4600286;Erythroblast
12.690853;7.1083837;Erythroblast
12.308582;7.436271;Erythroblast
13.132548;7.1402893;Erythroblast
10.418768;7.090861;Erythroblast
10.606769;6.7270303;Erythroblast
13.005838;7.8040676;Erythroblast
12.976333;6.4024057;Erythroblast
12.784619;7.9977975;Erythroblast
12.386082;7.2636294;Erythroblast
7.8620605;8.695413;Erythroblast
12.381548;7.6038895;Erythroblast
13.245571;6.7207685;Erythroblast
12.843934;8.124237;Erythroblast
13.202594;6.7954173;Erythroblast
4.4061427;9.608867;Erythroblast
13.168699;6.5907674;Erythroblast
12.149139;6.987819;Erythroblast
12.793709;7.94914;Erythroblast
10.771145;5.7404547;Erythroblast
10.993271;5.51402;Erythroblast
10.709596;5.7378626;Erythroblast
12.670685;7.648802;Erythroblast
-1.5697454;18.307936;Erythroblast
13.176425;7.8104753;Erythroblast
12.278851;7.7539277;Erythroblast
12.480771;6.5937185;Erythroblast
13.186227;6.4776955;Erythroblast
13.132055;6.7320175;Erythroblast
12.057571;6.0464144;Erythroblast
13.240224;6.961999;Erythroblast
12.230648;6.040008;Erythroblast
13.112685;6.534688;Erythroblast
12.197986;7.266385;Erythroblast
11.871092;5.99681;Erythroblast
12.371459;7.5469627;Erythroblast
12.959804;6.576896;Erythroblast
11.879904;6.0629606;Erythroblast
12.536897;6.928048;Erythroblast
12.875985;6.3290515;Erythroblast
12.462586;6.1677375;Erythroblast
11.729692;7.3211546;Erythroblast
12.803644;6.323394;Erythroblast
12.387997;6.0403404;Erythroblast
10.807222;6.4455495;Erythroblast
11.383672;6.993102;Erythroblast
12.951749;6.3568335;Erythroblast
12.318013;7.5973125;Erythroblast
12.735758;6.5382104;Erythroblast
11.039622;5.093676;Erythroblast
10.793234;6.497993;Erythroblast
12.972944;8.087768;Erythroblast
12.7348585;7.5539966;Erythroblast
5.2868366;9.294199;Erythroblast
12.630433;6.457698;Erythroblast
12.735499;6.8101177;Erythroblast
12.053368;7.540277;Erythroblast
5.6571903;9.3828535;Erythroblast
12.748917;6.464698;Erythroblast
11.008032;6.2325897;Erythroblast
13.191854;7.8450003;Erythroblast
12.00263;5.9601865;Erythroblast
12.165598;6.906536;Erythroblast
12.261759;7.6174316;Erythroblast
12.626439;6.778854;Erythroblast
-1.348021;18.122843;Erythroblast
12.273553;6.463635;Erythroblast
10.804477;5.875709;Erythroblast
11.881936;7.70656;Erythroblast
10.979147;5.8811545;Erythroblast
11.826314;7.347751;Erythroblast
-1.3525076;18.113297;Erythroblast
10.746046;6.443116;Erythroblast
13.298476;6.7642465;Erythroblast
11.011371;5.184022;Erythroblast
13.027395;7.806236;Erythroblast
13.133007;7.9976044;Erythroblast
13.114635;7.9966187;Erythroblast
12.074857;6.9623637;Erythroblast
12.265725;6.0208626;Erythroblast
12.706224;6.5778766;Erythroblast
12.371824;6.452985;Erythroblast
13.217314;6.932936;Erythroblast
9.926411;6.0807204;Erythroblast
11.771508;7.2996135;Erythroblast
12.215696;7.623971;Erythroblast
-1.3287197;18.11163;Erythroblast
12.683151;6.468293;Erythroblast
12.344362;7.6661515;Erythroblast
13.164494;6.6885715;Erythroblast
12.78854;6.8246217;Erythroblast
10.960916;5.2454686;Erythroblast
12.568207;6.265816;Erythroblast
12.821935;6.270861;Erythroblast
12.351222;7.35132;Erythroblast
13.183534;6.9624653;Erythroblast
12.928404;7.9796124;Erythroblast
10.949541;6.2123847;Erythroblast
12.540222;6.264346;Erythroblast
12.546773;7.21856;Erythroblast
12.92906;8.067212;Erythroblast
12.599968;6.175197;Erythroblast
12.583934;7.169224;Erythroblast
12.5761;6.3187785;Erythroblast
10.878363;5.956751;Erythroblast
12.492901;6.204521;Erythroblast
13.31917;6.8658676;Erythroblast
12.98513;7.9750943;Erythroblast
-1.3489747;18.113148;Erythroblast
13.080454;6.942445;Erythroblast
11.934273;6.274111;Erythroblast
10.960938;6.5273304;Erythroblast
12.333849;7.3555136;Erythroblast
10.693467;6.2078695;Erythroblast
10.317743;5.883305;Erythroblast
11.67889;5.9739957;Erythroblast
13.053428;7.7418957;Erythroblast
12.799095;6.220607;Erythroblast
12.384166;6.1466975;Erythroblast
10.704764;6.012408;Erythroblast
12.461401;6.35061;Erythroblast
13.0669985;7.779038;Erythroblast
12.567175;6.740809;Erythroblast
12.200408;6.915072;Erythroblast
12.787428;6.2890153;Erythroblast
12.093512;6.962903;Erythroblast
12.52066;6.282156;Erythroblast
11.7582245;6.2053766;Erythroblast
13.283763;6.807001;Erythroblast
9.971139;4.671131;Erythroblast
12.951738;6.3398976;Erythroblast
11.718044;5.9716573;Erythroblast
12.7907295;6.318053;Erythroblast
11.511827;6.9644;Erythroblast
12.9177885;6.6158576;Erythroblast
11.463822;5.919372;Erythroblast
12.648046;6.1856284;Erythroblast
13.129294;7.067392;Erythroblast
10.844282;5.51601;Erythroblast
10.74662;6.75533;Erythroblast
13.12117;7.977172;Erythroblast
12.94103;7.4573565;Erythroblast
12.528092;6.572701;Erythroblast
11.850426;7.3442225;Erythroblast
12.845184;6.3565063;Erythroblast
11.62301;7.2155924;Erythroblast
12.868344;8.049028;Erythroblast
12.963825;8.075077;Erythroblast
13.1264925;8.022843;Erythroblast
13.086141;6.9689746;Erythroblast
12.16465;6.0790143;Erythroblast
1.4904494;11.476479;Erythroblast
11.083274;6.614412;Erythroblast
12.651531;6.366938;Erythroblast
8.307093;8.350111;Erythroblast
11.409276;4.872478;Erythroblast
5.390721;7.840632;Erythroblast
13.093067;7.8523564;Erythroblast
13.11593;7.9825964;Erythroblast
12.7497835;6.737727;Erythroblast
12.269531;6.044406;Erythroblast
12.049326;6.9855843;Erythroblast
11.640198;7.217804;Erythroblast
12.978299;6.4586015;Erythroblast
12.355952;6.964424;Erythroblast
11.054;6.850262;Erythroblast
8.926221;8.589348;Erythroblast
11.6610565;7.2227097;Erythroblast
13.286521;6.972056;Erythroblast
3.307923;12.317034;Erythroblast
13.050461;7.9604535;Erythroblast
11.893109;7.4171796;Erythroblast
12.600172;7.346219;Erythroblast
12.497119;6.470399;Erythroblast
12.843133;8.067908;Erythroblast
11.484278;5.9569244;Erythroblast
9.492003;7.62033;Erythroblast
13.35319;6.8350167;Erythroblast
1.9395235;10.672521;Erythroblast
10.3390465;7.231214;Erythroblast
12.749282;6.212619;Erythroblast
12.652309;7.9421344;Erythroblast
12.781808;7.315614;Erythroblast
12.15769;7.70384;Erythroblast
13.167967;8.019117;Erythroblast
12.679804;7.4556055;Erythroblast
11.429299;6.4220624;Erythroblast
12.080289;6.9719334;Erythroblast
10.377264;6.055036;Erythroblast
12.5998535;7.910217;Erythroblast
12.707372;6.7216845;Erythroblast
11.027804;6.386659;Erythroblast
-1.3648973;18.113462;Erythroblast
10.446502;5.8082104;Erythroblast
12.76314;6.441218;Erythroblast
13.227028;6.6788087;Erythroblast
12.69931;6.594528;Erythroblast
10.872224;6.037958;Erythroblast
12.971231;7.9974236;Erythroblast
12.658649;6.6939387;Erythroblast
13.182604;7.8590336;Erythroblast
12.008382;7.0698643;Erythroblast
12.222662;7.62732;Erythroblast
12.950741;6.6148324;Erythroblast
13.210397;7.984492;Erythroblast
11.3951235;6.985108;Erythroblast
11.367137;6.8489895;Erythroblast
12.174931;7.210995;Erythroblast
13.233801;6.7829103;Erythroblast
13.336468;6.8236356;Erythroblast
12.65901;7.4299374;Erythroblast
12.557158;6.523167;Erythroblast
11.659542;6.108765;Erythroblast
11.472692;6.9859095;Erythroblast
10.869436;5.70443;Erythroblast
13.155072;6.668629;Erythroblast
11.340237;4.9833407;Erythroblast
12.1841345;6.9785204;Erythroblast
12.685208;6.2111444;Erythroblast
9.010418;8.422875;Erythroblast
5.3624473;9.8123045;Erythroblast
11.105388;6.103554;Erythroblast
12.478751;6.8064656;Erythroblast
13.009702;7.985187;Erythroblast
8.5221195;8.727868;Erythroblast
12.563903;7.634692;Erythroblast
11.648256;6.101342;Erythroblast
12.1828;6.198926;Erythroblast
11.208132;5.7252;Erythroblast
13.167666;6.8843713;Erythroblast
13.271412;6.8314886;Erythroblast
11.808772;6.6740923;Erythroblast
12.986993;7.9985704;Erythroblast
13.133317;7.8756742;Erythroblast
11.149526;6.2769227;Erythroblast
12.975858;8.016338;Erythroblast
5.2022495;9.340333;Erythroblast
12.623244;6.324189;Erythroblast
12.103491;6.94154;Erythroblast
12.827828;6.3751535;Erythroblast
13.110324;7.986925;Erythroblast
10.697415;6.644226;Erythroblast
-1.3616257;18.100441;Erythroblast
12.001666;7.514996;Erythroblast
13.072956;7.784702;Erythroblast
12.313325;7.099416;Erythroblast
12.389549;6.3384376;Erythroblast
13.040421;7.772485;Erythroblast
11.11787;6.5595126;Erythroblast
11.497449;7.1015205;Erythroblast
12.229333;6.7039013;Erythroblast
13.032603;7.76777;Erythroblast
13.254894;6.8771877;Erythroblast
12.603873;6.215147;Erythroblast
12.407167;6.6780868;Erythroblast
4.0543184;9.502351;Erythroblast
13.03043;6.9250193;Erythroblast
12.396926;6.6023717;Erythroblast
12.831386;7.8204303;Erythroblast
11.798377;7.5670295;Erythroblast
13.141881;8.021537;Erythroblast
12.180653;6.2040253;Erythroblast
11.546869;7.280541;Erythroblast
12.974715;8.088809;Erythroblast
7.6088142;7.142986;Erythroblast
10.759545;5.710309;Erythroblast
8.736698;8.390882;Erythroblast
-1.3550092;18.10955;Erythroblast
8.916795;7.8994102;Erythroblast
12.366006;7.8396072;Erythroblast
12.8211565;7.9849467;Erythroblast
13.055451;7.0653663;Erythroblast
12.78121;8.022616;Erythroblast
10.118324;7.3440647;Erythroblast
11.357333;6.955374;Erythroblast
11.397118;6.998567;Erythroblast
12.944684;6.3409553;Erythroblast
12.820338;7.1313996;Erythroblast
11.319306;7.210396;Erythroblast
10.758007;6.771238;Erythroblast
12.735007;6.3315673;Erythroblast
12.809708;7.405299;Erythroblast
10.444136;5.932658;Erythroblast
12.71424;6.823919;Erythroblast
13.280749;6.8214912;Erythroblast
11.722571;7.3174915;Erythroblast
12.287424;5.9665284;Erythroblast
13.050173;6.725357;Erythroblast
12.074404;7.254539;Erythroblast
13.078774;6.891402;Erythroblast
11.582923;7.1887364;Erythroblast
11.755683;6.021111;Erythroblast
12.416395;7.05844;Erythroblast
13.157432;7.191322;Erythroblast
11.758187;6.289054;Erythroblast
13.304536;6.8655753;Erythroblast
11.9408455;6.127383;Erythroblast
11.730409;7.236394;Erythroblast
11.799882;6.0540557;Erythroblast
12.6117325;7.1512427;Erythroblast
12.4852495;6.8353043;Erythroblast
7.5705075;9.214944;Erythroblast
12.350296;6.3737373;Erythroblast
13.046267;7.911049;Erythroblast
10.782432;6.457738;Erythroblast
13.300153;6.789334;Erythroblast
-1.6919935;18.751173;Erythroblast
12.251786;7.1144257;Erythroblast
11.870312;6.5227084;Erythroblast
12.989602;6.99317;Erythroblast
12.608533;6.401723;Erythroblast
12.306024;6.8989215;Erythroblast
12.492589;6.7294273;Erythroblast
11.348769;7.062479;Erythroblast
12.919798;6.527312;Erythroblast
12.5161085;7.4001427;Erythroblast
-2.4406064;19.114332;Erythroblast
-1.4751015;18.225964;Erythroblast
12.26658;6.058075;Erythroblast
11.222609;6.1266785;Erythroblast
11.939441;5.967492;Erythroblast
5.543538;9.4077835;Erythroblast
11.765605;6.0121613;Erythroblast
12.948567;7.494737;Erythroblast
10.892589;5.3825874;Erythroblast
13.094662;6.9600124;Erythroblast
12.017517;6.3339453;Erythroblast
12.279211;7.618356;Erythroblast
12.610395;6.8479924;Erythroblast
10.50779;5.544122;Erythroblast
13.096078;7.749826;Erythroblast
12.866294;7.5422916;Erythroblast
10.878609;5.9767923;Erythroblast
12.589938;7.5215845;Erythroblast
13.120333;8.077576;Erythroblast
10.87351;5.8715405;Erythroblast
12.967172;7.4001603;Erythroblast
2.8062882;10.789898;Erythroblast
10.816155;6.020217;Erythroblast
8.3184595;8.460956;Erythroblast
13.035445;6.9662976;Erythroblast
11.7582035;7.1686316;Erythroblast
6.801293;8.678286;Erythroblast
12.014358;6.2431564;Erythroblast
12.400491;6.1603994;Erythroblast
12.37075;6.724928;Erythroblast
12.875545;7.9723463;Erythroblast
11.946787;7.0135875;Erythroblast
10.863999;6.738824;Erythroblast
13.186167;6.4733653;Erythroblast
13.175028;7.3122134;Erythroblast
12.333577;6.3227463;Erythroblast
-1.6126922;-1.977165;Erythroblast
12.882718;8.074912;Erythroblast
12.005796;7.7018766;Erythroblast
12.175263;5.994268;Erythroblast
12.724677;6.4535294;Erythroblast
11.429614;5.8752055;Erythroblast
13.209977;6.904747;Erythroblast
11.934805;6.05898;Erythroblast
13.112847;7.899573;Erythroblast
-1.4564849;18.20765;Erythroblast
12.343335;7.2817698;Erythroblast
13.0634;7.6871743;Erythroblast
13.305904;6.842017;Erythroblast
4.7983565;8.706548;Erythroblast
12.771762;6.561888;Erythroblast
-1.358426;18.110538;Erythroblast
13.169053;7.6513205;Erythroblast
13.06527;6.4412265;Erythroblast
-1.585708;18.36747;Erythroblast
12.718381;7.3534384;Erythroblast
12.3853855;7.297726;Erythroblast
12.370564;6.0693974;Erythroblast
13.02302;8.017942;Erythroblast
12.307304;6.294468;Erythroblast
12.788126;6.494365;Erythroblast
12.540218;6.301999;Erythroblast
13.132558;6.425251;Erythroblast
12.59471;6.173088;Erythroblast
5.435501;9.392485;Erythroblast
11.641179;7.2461486;Erythroblast
12.367567;6.256904;Erythroblast
13.342422;6.689491;Erythroblast
12.811289;8.009251;Erythroblast
13.053015;6.87683;Erythroblast
12.077968;6.8981733;Erythroblast
11.08847;6.3747277;Erythroblast
12.052541;6.436738;Erythroblast
12.296374;7.691849;Erythroblast
12.405674;6.5560083;Erythroblast
11.069171;6.1881;Erythroblast
9.977284;5.844162;Erythroblast
12.386188;7.455918;Erythroblast
12.994518;6.511334;Erythroblast
12.827288;6.515006;Erythroblast
13.154585;6.8485937;Erythroblast
12.435633;6.54471;Erythroblast
10.398179;7.1521983;Erythroblast
12.047361;7.6974974;Erythroblast
11.921614;6.0661635;Erythroblast
12.567609;6.537606;Erythroblast
12.696393;6.1738777;Erythroblast
12.358392;7.437112;Erythroblast
12.586224;6.284495;Erythroblast
12.823249;6.691683;Erythroblast
12.900231;7.892299;Erythroblast
11.729825;6.006653;Erythroblast
13.165113;7.372176;Erythroblast
13.235914;6.836621;Erythroblast
12.554321;7.10944;Erythroblast
13.048444;8.050785;Erythroblast
12.0524025;7.0368886;Erythroblast
12.194856;7.1626916;Erythroblast
12.23814;7.0133724;Erythroblast
13.212499;6.9815073;Erythroblast
13.1133175;8.023671;Erythroblast
5.6791043;9.600319;Erythroblast
11.100751;6.165622;Erythroblast
12.15156;7.725563;Erythroblast
12.911671;7.904785;Erythroblast
9.263765;5.563168;Erythroblast
12.811086;6.5611563;Erythroblast
13.194252;7.9777684;Erythroblast
13.304049;6.826853;Erythroblast
12.071063;6.0397635;Erythroblast
12.409956;6.2233686;Erythroblast
12.130116;6.037542;Erythroblast
12.862813;7.924191;Erythroblast
3.6478393;10.087739;Erythroblast
12.30201;6.959129;Erythroblast
11.52623;5.951857;Erythroblast
-1.3468319;18.092867;Erythroblast
11.234171;4.6246862;Erythroblast
13.07;6.7330437;Erythroblast
1.8656839;10.662882;Erythroblast
12.639373;6.317603;Erythroblast
11.418388;6.1285276;Erythroblast
11.660766;7.1651244;Erythroblast
8.891514;6.3967643;Erythroblast
8.790035;8.839473;Erythroblast
12.406231;7.73387;Erythroblast
13.092707;6.473818;Erythroblast
13.09197;7.7687674;Erythroblast
13.112346;7.7123184;Erythroblast
11.009028;5.793107;Erythroblast
12.653825;6.673737;Erythroblast
10.88871;6.1239533;Erythroblast
13.192897;6.9707513;Erythroblast
4.02821;11.849647;Erythroblast
13.030968;7.162515;Erythroblast
13.005462;6.503216;Erythroblast
12.308804;7.553253;Erythroblast
12.824914;6.5880246;Erythroblast
12.891361;8.092181;Erythroblast
-1.3680439;18.123909;Erythroblast
12.599337;6.46435;Erythroblast
11.353939;5.9959226;Erythroblast
11.68368;7.3320613;Erythroblast
12.643121;7.722535;Erythroblast
11.321084;5.97447;Erythroblast
13.141478;8.014486;Erythroblast
12.469396;6.54917;Erythroblast
11.355451;6.9763517;Erythroblast
12.209355;6.9718733;Erythroblast
11.814527;7.5181108;Erythroblast
11.613296;5.9775386;Erythroblast
10.4947815;6.0888753;Erythroblast
-1.3682699;18.128584;Erythroblast
13.20582;7.698529;Erythroblast
8.634855;8.518045;Erythroblast
8.974951;8.447817;Erythroblast
13.145125;7.26997;Erythroblast
12.351148;7.6938205;Erythroblast
11.96115;6.8197393;Erythroblast
12.723176;6.4432154;Erythroblast
12.382117;7.0231576;Erythroblast
10.741598;6.2641106;Erythroblast
11.944112;6.8019743;Erythroblast
-1.3629358;18.116894;Erythroblast
4.9516854;9.1973715;Erythroblast
12.550097;7.598097;Erythroblast
13.133135;6.599639;Erythroblast
12.4735155;6.0003996;Erythroblast
13.171392;7.5443845;Erythroblast
12.320575;6.1817737;Erythroblast
13.057262;7.891451;Erythroblast
8.1117;8.622537;Erythroblast
12.459477;7.7415743;Erythroblast
12.957249;6.3509607;Erythroblast
13.277846;6.736932;Erythroblast
12.482751;7.754913;Erythroblast
11.702836;6.132338;Erythroblast
12.071084;7.4257298;Erythroblast
6.6266103;6.8691483;Erythroblast
13.117616;7.966076;Erythroblast
12.263251;7.652146;Erythroblast
11.73292;7.2486916;Erythroblast
12.726939;6.4182415;Erythroblast
13.199547;6.6181955;Erythroblast
-1.4026475;18.136814;Erythroblast
5.8036895;9.33451;Erythroblast
12.475233;6.458783;Erythroblast
11.946221;6.206655;Erythroblast
12.453867;7.2089753;Erythroblast
13.184114;6.6649714;Erythroblast
12.638507;7.968155;Erythroblast
12.714515;6.759058;Erythroblast
12.9043455;8.051921;Erythroblast
11.963961;7.2395005;Erythroblast
11.998235;7.7571774;Erythroblast
12.603479;7.451886;Erythroblast
4.9458284;9.18656;Erythroblast
12.004934;7.727521;Erythroblast
13.324804;6.8247514;Erythroblast
11.912119;6.289725;Erythroblast
12.493953;7.937798;Erythroblast
12.568657;6.198004;Erythroblast
5.5437083;9.335758;Erythroblast
12.421555;6.603748;Erythroblast
12.810472;6.2318196;Erythroblast
12.529554;6.5003104;Erythroblast
10.979416;5.69621;Erythroblast
12.977869;7.830199;Erythroblast
13.086281;7.9873815;Erythroblast
13.0450945;6.714912;Erythroblast
12.619112;6.3981824;Erythroblast
12.416739;6.088534;Erythroblast
11.829582;6.2440743;Erythroblast
12.296703;7.0812407;Erythroblast
-1.3591778;18.112698;Erythroblast
12.59117;6.7394185;Erythroblast
12.851816;7.223299;Erythroblast
12.470813;6.273731;Erythroblast
12.236595;7.629338;Erythroblast
13.149293;7.756794;Erythroblast
12.357446;7.7420683;Erythroblast
12.451331;6.566925;Erythroblast
12.459859;7.7418556;Erythroblast
12.964706;8.049438;Erythroblast
11.565962;6.114716;Erythroblast
12.026522;7.129385;Erythroblast
12.704625;6.974279;Erythroblast
12.588074;6.0918384;Erythroblast
11.611295;7.2837124;Erythroblast
12.138601;7.541221;Erythroblast
11.557628;5.8978696;Erythroblast
11.045704;6.364426;Erythroblast
12.887562;6.740422;Erythroblast
11.743931;6.1195574;Erythroblast
3.5511434;9.898511;Erythroblast
12.937942;6.854018;Erythroblast
11.771028;6.6020584;Erythroblast
13.121628;6.4614453;Erythroblast
13.101161;6.6250634;Erythroblast
12.343355;6.722911;Erythroblast
1.4413127;11.519783;Erythroblast
12.746446;6.42046;Erythroblast
-1.3451335;18.123302;Erythroblast
11.675206;7.243215;Erythroblast
12.865934;6.2296863;Erythroblast
12.021512;6.2730446;Erythroblast
13.23973;7.9526215;Erythroblast
13.260816;6.607302;Erythroblast
12.44399;6.735422;Erythroblast
12.457569;6.3755317;Erythroblast
13.093696;7.7614207;Erythroblast
12.401918;6.459361;Erythroblast
12.124866;6.8732123;Erythroblast
13.242181;6.773355;Erythroblast
11.720381;7.190782;Erythroblast
6.5936027;8.69961;Erythroblast
12.047125;6.918336;Erythroblast
12.245955;7.484359;Erythroblast
12.941752;8.057055;Erythroblast
12.469916;6.467149;Erythroblast
12.914352;6.635672;Erythroblast
12.942879;8.092226;Erythroblast
13.278644;6.875382;Erythroblast
13.1907835;6.9808025;Erythroblast
13.0194235;7.899836;Erythroblast
12.457515;7.782225;Erythroblast
11.265203;6.1871185;Erythroblast
-1.3895887;18.138632;Erythroblast
12.287764;7.471665;Erythroblast
12.094972;6.899315;Erythroblast
10.111894;6.160102;Erythroblast
13.104248;8.049292;Erythroblast
13.067675;6.5077224;Erythroblast
11.631329;6.192872;Erythroblast
12.948809;6.3060164;Erythroblast
12.813363;6.642129;Erythroblast
12.947946;6.3625126;Erythroblast
10.412838;5.425047;Erythroblast
13.173475;7.2853317;Erythroblast
12.848127;6.9186015;Erythroblast
12.516094;6.2258964;Erythroblast
12.428221;6.448308;Erythroblast
10.860198;5.646753;Erythroblast
12.12679;6.486811;Erythroblast
11.350623;4.8335686;Erythroblast
12.092923;7.6423283;Erythroblast
12.439065;7.697819;Erythroblast
13.215575;6.8245993;Erythroblast
12.794881;6.519462;Erythroblast
13.351824;6.785078;Erythroblast
13.052182;7.819739;Erythroblast
13.065013;7.9754;Erythroblast
8.993661;8.534061;Erythroblast
13.148434;7.971665;Erythroblast
12.356832;6.40902;Erythroblast
-1.7755905;18.509937;Erythroblast
12.820376;6.79169;Erythroblast
12.8986845;6.2686176;Erythroblast
12.129912;6.632145;Erythroblast
13.116321;7.760792;Erythroblast
12.3959;7.341793;Erythroblast
11.533408;7.0796733;Erythroblast
13.205405;7.8275266;Erythroblast
13.333657;6.7370734;Erythroblast
10.666827;5.4053626;Erythroblast
11.747107;7.2596126;Erythroblast
13.116906;7.5186014;Erythroblast
13.080524;6.5935802;Erythroblast
12.608781;6.1673965;Erythroblast
11.039456;5.727092;Erythroblast
11.203716;6.739293;Erythroblast
11.055506;6.3616934;Erythroblast
12.808779;6.150638;Erythroblast
13.208139;7.8865147;Erythroblast
11.926114;6.266411;Erythroblast
-1.3593081;18.10887;Erythroblast
13.123076;7.9364657;Erythroblast
11.605553;7.225216;Erythroblast
9.072305;8.327981;Erythroblast
11.702858;6.101095;Erythroblast
10.91567;5.6320224;Erythroblast
12.921273;6.2129416;Erythroblast
12.355588;7.236519;Erythroblast
11.903578;7.0940127;Erythroblast
12.956964;6.535641;Erythroblast
12.492558;6.493198;Erythroblast
12.963465;8.034438;Erythroblast
5.6459694;9.418447;Erythroblast
10.581434;6.774466;Erythroblast
12.474545;7.8639965;Erythroblast
12.975743;8.055557;Erythroblast
12.441127;7.4756265;Erythroblast
11.6828575;7.0861363;Erythroblast
12.865302;8.056325;Erythroblast
12.480274;6.46096;Erythroblast
12.535628;6.5406585;Erythroblast
12.152567;7.023116;Erythroblast
12.382631;7.657374;Erythroblast
-1.322588;18.091223;Erythroblast
12.085644;7.6821012;Erythroblast
2.8285959;12.18103;Erythroblast
12.473075;6.4846234;Erythroblast
5.317621;9.463087;Erythroblast
11.067097;6.074039;Erythroblast
5.5657268;9.286685;Erythroblast
11.433037;6.8005943;Erythroblast
10.807752;5.636437;Erythroblast
12.370512;7.599512;Erythroblast
8.44975;8.616219;Erythroblast
12.500098;6.1271806;Erythroblast
13.184745;7.0607553;Erythroblast
12.202;7.0013003;Erythroblast
12.922739;6.5592794;Erythroblast
12.040699;6.951834;Erythroblast
12.318209;6.0955186;Erythroblast
-1.3413309;18.118582;Erythroblast
12.315378;6.6661863;Erythroblast
12.799503;7.7092056;Erythroblast
-1.3731905;18.104952;Erythroblast
10.578259;6.801537;Erythroblast
5.8957543;9.42159;Erythroblast
11.931019;7.671475;Erythroblast
11.916524;5.9947076;Erythroblast
10.89626;6.357344;Erythroblast
11.883973;6.2748837;Erythroblast
13.163318;7.2318163;Erythroblast
13.122465;7.6511903;Erythroblast
12.425409;6.9139037;Erythroblast
12.350826;7.1599054;Erythroblast
12.113592;6.0656543;Erythroblast
12.10203;6.9398475;Erythroblast
12.833669;6.5525064;Erythroblast
13.166145;7.6329846;Erythroblast
11.030377;5.3743973;Erythroblast
11.850307;7.7005305;Erythroblast
12.475247;6.3328743;Erythroblast
11.950611;6.0520415;Erythroblast
12.555998;7.8402596;Erythroblast
13.193497;8.009261;Erythroblast
13.202939;6.8974223;Erythroblast
11.923019;6.140113;Erythroblast
11.378916;6.9859304;Erythroblast
8.619298;8.473669;Erythroblast
12.475994;6.037805;Erythroblast
12.378591;6.524593;Erythroblast
12.457429;7.5165076;Erythroblast
11.733528;6.0696564;Erythroblast
13.204849;6.8364496;Erythroblast
11.402657;7.018323;Erythroblast
9.961895;7.336633;Erythroblast
13.222994;6.9661613;Erythroblast
12.728277;7.4967284;Erythroblast
12.446796;7.345436;Erythroblast
13.327248;6.948626;Erythroblast
12.102963;7.038547;Erythroblast
11.122628;6.197467;Erythroblast
3.1337392;12.177297;Erythroblast
10.685026;5.911389;Erythroblast
3.9982765;11.870652;Erythroblast
12.488895;6.075603;Erythroblast
12.886428;7.1316733;Erythroblast
12.427071;7.2383184;Erythroblast
10.770481;6.528005;Erythroblast
12.007774;7.252946;Erythroblast
8.871619;8.417238;Erythroblast
12.722495;6.658364;Erythroblast
13.119702;7.6334214;Erythroblast
12.628516;6.425736;Erythroblast
11.533982;7.136458;Erythroblast
12.5484295;6.429027;Erythroblast
12.755719;6.4875064;Erythroblast
12.950685;6.6482234;Erythroblast
10.633969;6.165024;Erythroblast
11.0035;5.9747863;Erythroblast
11.586856;6.65545;Erythroblast
12.469734;7.2977395;Erythroblast
12.87725;6.598274;Erythroblast
12.408922;7.053764;Erythroblast
12.992041;8.065143;Erythroblast
10.960485;6.3865514;Erythroblast
12.99332;7.5274267;Erythroblast
12.055598;6.1871157;Erythroblast
12.432379;6.200116;Erythroblast
12.328677;7.4912405;Erythroblast
13.322986;6.736605;Erythroblast
3.4018412;10.638072;Erythroblast
12.561531;7.847113;Erythroblast
12.62218;7.394171;Erythroblast
9.696281;6.088792;Erythroblast
13.085437;7.6743083;Erythroblast
12.501987;7.8140216;Erythroblast
10.713818;5.8521304;Erythroblast
12.574443;7.517875;Erythroblast
11.576763;7.1012926;Erythroblast
12.831187;6.284155;Erythroblast
12.683062;6.293835;Erythroblast
10.974379;5.5798965;Erythroblast
11.671691;5.936115;Erythroblast
11.105473;6.607415;Erythroblast
12.233376;7.262297;Erythroblast
5.85372;8.893002;Erythroblast
11.958763;6.186621;Erythroblast
12.945802;7.99019;Erythroblast
13.190726;7.586112;Erythroblast
11.493264;6.3516555;Erythroblast
12.335096;6.717055;Erythroblast
12.667463;7.1285;Erythroblast
7.204018;9.154701;Erythroblast
12.911247;6.707853;Erythroblast
3.3347542;12.191074;Erythroblast
13.168526;6.7440133;Erythroblast
12.6342325;7.791132;Erythroblast
12.918418;8.032811;Erythroblast
-1.3594849;18.083115;Erythroblast
12.507785;7.4261484;Erythroblast
12.724903;6.788279;Erythroblast
11.625307;7.1674;Erythroblast
13.162651;6.901822;Erythroblast
12.643425;8.027812;Erythroblast
12.5741005;6.714486;Erythroblast
11.970544;6.4199333;Erythroblast
10.976971;6.5202265;Erythroblast
12.189834;7.6814165;Erythroblast
12.942328;7.979319;Erythroblast
12.259302;6.093784;Erythroblast
12.971449;6.547354;Erythroblast
9.004602;8.382759;Erythroblast
12.882581;6.1896067;Erythroblast
12.394447;6.949446;Erythroblast
13.165979;7.9671483;Erythroblast
12.8530655;6.598945;Erythroblast
12.973425;6.3256335;Erythroblast
12.498243;6.583736;Erythroblast
12.095983;7.0242405;Erythroblast
12.79267;8.059354;Erythroblast
12.148539;7.519998;Erythroblast
12.063299;7.47761;Erythroblast
12.082116;6.3206244;Erythroblast
10.827853;5.7501316;Erythroblast
-1.653098;18.39803;Erythroblast
11.598475;6.0093513;Erythroblast
12.717802;6.367293;Erythroblast
12.63113;6.288602;Erythroblast
11.820017;7.8434525;Erythroblast
12.797645;7.2867904;Erythroblast
11.045587;6.0788937;Erythroblast
12.573812;7.7977653;Erythroblast
11.790949;7.2589083;Erythroblast
13.094274;7.244697;Erythroblast
12.721167;8.014878;Erythroblast
12.316901;6.9705434;Erythroblast
12.395386;7.2161684;Erythroblast
13.327485;6.8042254;Erythroblast
12.823906;6.539348;Erythroblast
10.536259;4.7065744;Erythroblast
12.281754;6.3704286;Erythroblast
12.123697;7.6535687;Erythroblast
12.5036335;6.9153543;Erythroblast
13.0522995;6.728347;Erythroblast
12.357488;7.128385;Erythroblast
12.941024;6.3616066;Erythroblast
12.911908;8.05676;Erythroblast
12.174724;6.4703794;Erythroblast
12.224765;6.1902184;Erythroblast
12.397913;6.2061048;Erythroblast
11.854181;6.14186;Erythroblast
12.390001;7.389788;Erythroblast
12.417559;7.1370316;Erythroblast
11.620115;7.0439744;Erythroblast
11.933485;7.064034;Erythroblast
12.335774;6.636653;Erythroblast
13.146065;7.9345145;Erythroblast
11.876998;5.998613;Erythroblast
13.001818;8.006269;Erythroblast
11.565437;7.108454;Erythroblast
4.023965;11.765816;Erythroblast
11.812818;6.727576;Erythroblast
13.15555;6.8549986;Erythroblast
11.186667;5.931048;Erythroblast
10.978276;5.2630644;Erythroblast
12.644691;6.784705;Erythroblast
5.4564347;9.090562;Erythroblast
12.912111;7.741168;Erythroblast
12.311003;7.418631;Erythroblast
12.883541;8.136901;Erythroblast
11.684956;6.2016435;Erythroblast
13.275594;6.7377443;Erythroblast
9.044322;8.337994;Erythroblast
11.41253;6.3992443;Erythroblast
11.63952;5.873926;Erythroblast
12.702439;6.7054687;Erythroblast
12.445819;6.802615;Erythroblast
11.86634;7.8340907;Erythroblast
12.90433;6.499647;Erythroblast
13.302186;6.7845373;Erythroblast
12.524317;7.30518;Erythroblast
12.279994;6.660853;Erythroblast
12.165545;6.577924;Erythroblast
12.774484;7.7434254;Erythroblast
13.135385;7.934058;Erythroblast
13.090506;8.06421;Erythroblast
9.567426;5.5182133;Erythroblast
10.8442545;6.2340565;Erythroblast
-1.3363177;18.102354;Erythroblast
13.355058;6.855144;Erythroblast
13.327462;6.878504;Erythroblast
11.103513;6.0346847;Erythroblast
9.816978;6.2117867;Erythroblast
-1.59863;18.365667;Erythroblast
12.390712;6.1269035;Erythroblast
12.7571;8.014385;Erythroblast
11.246721;5.90884;Erythroblast
13.224506;7.7749763;Erythroblast
13.01101;8.019298;Erythroblast
12.424479;6.724691;Erythroblast
10.845192;4.828737;Erythroblast
12.02993;6.036192;Erythroblast
13.168486;7.983046;Erythroblast
12.573172;6.4804015;Erythroblast
11.698819;7.236494;Erythroblast
13.126299;7.126954;Erythroblast
12.291361;7.3778396;Erythroblast
12.590715;6.3259673;Erythroblast
10.558014;6.332634;Erythroblast
12.112611;7.713956;Erythroblast
12.675884;6.1949935;Erythroblast
12.36653;6.468849;Erythroblast
9.710441;7.5065117;Erythroblast
12.980245;6.436629;Erythroblast
12.827445;6.7346687;Erythroblast
11.089118;6.4582477;Erythroblast
12.536825;7.498489;Erythroblast
12.086929;6.867234;Erythroblast
11.379042;6.98707;Erythroblast
10.026312;6.097942;Erythroblast
12.252727;7.0255394;Erythroblast
12.618793;7.923434;Erythroblast
3.6763077;9.916954;Erythroblast
5.5289865;8.752791;Erythroblast
12.264659;7.5507574;Erythroblast
13.03407;6.709082;Erythroblast
13.014065;7.721909;Erythroblast
13.137883;7.9283266;Erythroblast
12.628137;6.2848635;Erythroblast
12.700016;6.6696515;Erythroblast
12.198539;6.549697;Erythroblast
10.95936;6.038104;Erythroblast
12.432237;6.478957;Erythroblast
12.60799;6.313179;Erythroblast
4.9789677;9.460538;Erythroblast
9.615978;7.548552;Erythroblast
12.234591;6.867048;Erythroblast
12.9071245;8.039602;Erythroblast
12.857814;6.856797;Erythroblast
13.277411;8.001544;Erythroblast
12.311325;6.9789476;Erythroblast
12.435276;7.602578;Erythroblast
12.914385;7.931551;Erythroblast
12.326781;6.471991;Erythroblast
12.290916;6.685093;Erythroblast
12.071147;6.91295;Erythroblast
12.010886;6.9792356;Erythroblast
13.257013;6.8929324;Erythroblast
12.59935;6.181099;Erythroblast
12.784046;6.966359;Erythroblast
-1.5043777;18.237114;Erythroblast
12.367576;7.148064;Erythroblast
-1.3761711;18.106346;Erythroblast
12.738407;6.4252167;Erythroblast
11.803122;6.2291856;Erythroblast
11.795229;6.0995383;Erythroblast
12.438986;7.763027;Erythroblast
11.751555;7.278193;Erythroblast
12.58122;6.4419494;Erythroblast
12.883276;6.7346764;Erythroblast
12.520441;7.866932;Erythroblast
12.885839;7.4875774;Erythroblast
7.698751;8.905212;Erythroblast
10.323984;5.9872403;Erythroblast
11.315775;6.9585776;Erythroblast
13.171515;7.222973;Erythroblast
12.723436;7.366043;Erythroblast
10.589877;5.6630583;Erythroblast
12.898317;7.999535;Erythroblast
12.178473;6.11092;Erythroblast
12.060206;7.6894274;Erythroblast
13.054126;8.002588;Erythroblast
12.787453;6.1891556;Erythroblast
12.506631;7.653134;Erythroblast
11.088644;5.325873;Erythroblast
13.020607;7.984627;Erythroblast
13.269748;7.13674;Erythroblast
8.22987;8.451039;Erythroblast
13.114921;7.768569;Erythroblast
8.41216;8.456773;Erythroblast
13.281762;6.959552;Erythroblast
12.493336;7.203833;Erythroblast
12.488285;6.841945;Erythroblast
12.905512;7.883999;Erythroblast
13.1835985;6.861188;Erythroblast
12.426293;6.4892573;Erythroblast
12.460593;7.784637;Erythroblast
11.913349;7.0542245;Erythroblast
9.3683605;5.3425922;Erythroblast
12.876194;6.450048;Erythroblast
12.426609;6.1270638;Erythroblast
12.938882;6.5026493;Erythroblast
12.9651;7.7499695;Erythroblast
13.205942;8.075842;Erythroblast
13.1803465;7.664591;Erythroblast
4.147554;10.808229;Erythroblast
12.649067;7.9137034;Erythroblast
12.076449;7.7373137;Erythroblast
11.243935;6.9299455;Erythroblast
12.776039;6.4786444;Erythroblast
12.4588375;6.1279793;Erythroblast
12.536766;6.881831;Erythroblast
12.928452;8.025564;Erythroblast
13.009325;7.075175;Erythroblast
11.803611;6.059858;Erythroblast
12.998302;7.89747;Erythroblast
-1.355254;18.106892;Erythroblast
-1.3663257;18.100239;Erythroblast
3.172424;12.120808;Erythroblast
12.942958;6.3105645;Erythroblast
-1.3731197;18.13572;Erythroblast
12.4937935;6.0802073;Erythroblast
12.512839;7.4352727;Erythroblast
5.6564236;9.439559;Erythroblast
12.479416;7.4318523;Erythroblast
12.617759;6.899393;Erythroblast
13.039228;7.8315477;Erythroblast
2.3146899;12.030433;Erythroblast
12.180715;7.642283;Erythroblast
-1.3541795;18.110369;Erythroblast
12.962261;7.97746;Erythroblast
11.949375;6.9648223;Erythroblast
11.625779;7.1944785;Erythroblast
12.225774;6.2674894;Erythroblast
12.507829;6.123468;Erythroblast
12.593331;6.8771243;Erythroblast
3.047317;11.299716;Erythroblast
12.65038;7.4069047;Erythroblast
11.3465395;6.1224747;Erythroblast
10.582466;6.075997;Erythroblast
12.337102;7.0531244;Erythroblast
12.203354;6.7197843;Erythroblast
12.576454;7.273121;Erythroblast
13.223488;6.723491;Erythroblast
12.131961;6.967624;Erythroblast
12.48599;7.778949;Erythroblast
12.4941845;6.6401706;Erythroblast
13.373042;6.763759;Erythroblast
12.841703;6.8068123;Erythroblast
11.628168;5.9708467;Erythroblast
13.204534;7.6632776;Erythroblast
13.269617;6.8588223;Erythroblast
12.598444;7.3814664;Erythroblast
13.211447;7.7069664;Erythroblast
11.473428;6.414239;Erythroblast
3.2127285;12.248496;Erythroblast
13.235834;6.7146735;Erythroblast
12.216434;7.597274;Erythroblast
12.753277;6.2914968;Erythroblast
7.988691;8.767706;Erythroblast
6.6606197;8.509536;Erythroblast
13.225413;7.751155;Erythroblast
12.679697;6.131198;Erythroblast
12.527108;6.6738133;Erythroblast
11.614128;6.2683353;Erythroblast
11.828108;7.3002796;Erythroblast
12.268166;7.411823;Erythroblast
12.702966;7.9337916;Erythroblast
12.970289;7.407904;Erythroblast
12.961382;6.3844047;Erythroblast
12.371753;7.4155264;Erythroblast
12.83015;6.5574093;Erythroblast
10.836909;6.4840717;Erythroblast
12.603449;6.5059094;Erythroblast
10.833569;6.4860992;Erythroblast
1.6945933;11.086179;Erythroblast
12.435007;6.914279;Erythroblast
12.456884;7.808082;Erythroblast
12.63408;6.2124;Erythroblast
-1.3547713;18.103586;Erythroblast
5.7173567;9.365423;Erythroblast
12.774434;6.686052;Erythroblast
12.840126;7.306567;Erythroblast
12.561911;6.7002664;Erythroblast
13.065598;7.96799;Erythroblast
11.939212;6.023282;Erythroblast
12.822976;6.7326665;Erythroblast
12.6894;6.9025273;Erythroblast
12.356768;6.8988953;Erythroblast
12.646364;7.060819;Erythroblast
13.027924;6.5135574;Erythroblast
10.819527;6.1669936;Erythroblast
12.662277;6.400931;Erythroblast
12.306012;7.422084;Erythroblast
-1.3742437;18.112864;Erythroblast
13.011098;6.6871414;Erythroblast
13.304182;6.8258924;Erythroblast
12.869039;7.963264;Erythroblast
13.248458;6.754417;Erythroblast
12.669667;6.5937486;Erythroblast
12.844117;6.6922765;Erythroblast
12.698727;6.180612;Erythroblast
10.735335;5.386363;Erythroblast
12.978899;8.04474;Erythroblast
-1.626878;18.43875;Erythroblast
11.360855;5.770181;Erythroblast
11.567594;7.070248;Erythroblast
12.7448845;7.108631;Erythroblast
12.245345;6.705602;Erythroblast
12.883959;6.57795;Erythroblast
12.006908;6.0974135;Erythroblast
12.244243;7.5441465;Erythroblast
12.688635;7.951992;Erythroblast
13.045467;7.0605297;Erythroblast
-1.3576064;18.115868;Erythroblast
12.512253;7.0493584;Erythroblast
12.526942;6.309512;Erythroblast
12.730882;6.2549133;Erythroblast
12.198727;6.568022;Erythroblast
11.693457;7.3039727;Erythroblast
12.51622;7.305705;Erythroblast
12.928324;6.322982;Erythroblast
12.884643;6.399976;Erythroblast
12.86752;6.2617292;Erythroblast
12.515154;7.7368803;Erythroblast
12.507181;6.3827524;Erythroblast
12.446908;6.2152605;Erythroblast
12.864452;8.005558;Erythroblast
12.308373;6.6508965;Erythroblast
11.837401;6.2075906;Erythroblast
10.253123;6.179337;Erythroblast
13.207437;6.726832;Erythroblast
12.119507;6.133075;Erythroblast
12.269395;6.9991684;Erythroblast
12.394846;6.385533;Erythroblast
12.882926;8.1055565;Erythroblast
6.03811;9.437448;Erythroblast
13.308257;6.8469954;Erythroblast
13.220633;6.9031625;Erythroblast
13.3485775;6.8546886;Erythroblast
10.920197;6.1213903;Erythroblast
11.9381075;6.082776;Erythroblast
10.352864;6.2222214;Erythroblast
11.855364;7.760377;Erythroblast
12.25686;6.4682603;Erythroblast
9.126076;7.827878;Erythroblast
11.974137;5.949223;Erythroblast
12.909523;6.6579366;Erythroblast
13.296137;6.84369;Erythroblast
13.102238;6.6041946;Erythroblast
11.281218;6.895638;Erythroblast
12.786259;6.5675535;Erythroblast
11.525247;6.0198107;Erythroblast
12.184672;7.5097466;Erythroblast
12.463532;7.5457;Erythroblast
12.509582;7.703811;Erythroblast
11.954792;6.116534;Erythroblast
12.982096;7.844981;Erythroblast
11.560691;6.0411625;Erythroblast
12.938799;6.3261404;Erythroblast
12.629284;7.4550314;Erythroblast
12.220704;7.208223;Erythroblast
13.113328;7.090614;Erythroblast
13.173688;8.03649;Erythroblast
-1.3082592;18.13578;Erythroblast
11.640894;6.1485386;Erythroblast
11.830572;6.4490023;Erythroblast
10.550793;5.7660346;Erythroblast
9.6145;7.5563045;Erythroblast
12.490065;7.168429;Erythroblast
13.1588125;7.8159614;Erythroblast
12.475937;6.9164963;Erythroblast
13.165908;6.7597055;Erythroblast
12.068755;6.9624906;Erythroblast
13.084418;6.52835;Erythroblast
12.655515;7.3925695;Erythroblast
13.195042;7.597055;Erythroblast
12.0376425;7.0482893;Erythroblast
12.776394;6.9304543;Erythroblast
13.198571;6.638751;Erythroblast
12.821755;6.3866343;Erythroblast
4.4725857;11.219416;Erythroblast
9.059346;8.337734;Erythroblast
11.884261;6.0089045;Erythroblast
5.367127;9.631642;Erythroblast
13.020273;7.99272;Erythroblast
12.62769;6.5078306;Erythroblast
12.9630575;8.076033;Erythroblast
12.467313;7.3340936;Erythroblast
12.8213215;8.006936;Erythroblast
12.473935;7.956624;Erythroblast
11.952132;7.2547517;Erythroblast
13.107037;6.565498;Erythroblast
12.335437;6.409698;Erythroblast
13.351555;6.8639917;Erythroblast
5.6089325;9.421295;Erythroblast
13.298453;6.9014487;Erythroblast
11.800213;7.1453695;Erythroblast
12.936704;6.3556757;Erythroblast
11.612554;5.948769;Erythroblast
12.803979;6.8210344;Erythroblast
12.539829;6.785764;Erythroblast
5.695605;9.145833;Erythroblast
12.398014;7.2178307;Erythroblast
12.683363;6.2338963;Erythroblast
13.225009;7.8368554;Erythroblast
12.542766;7.215684;Erythroblast
6.2339077;9.479349;Erythroblast
12.519218;6.645764;Erythroblast
9.019542;8.36675;Erythroblast
11.677633;6.0177684;Erythroblast
12.544359;6.506012;Erythroblast
12.04677;6.9838376;Erythroblast
12.332388;7.292329;Erythroblast
10.969979;6.0242276;Erythroblast
11.803317;6.038471;Erythroblast
5.119966;9.792442;Erythroblast
11.097112;6.375893;Erythroblast
13.03536;6.390237;Erythroblast
13.219457;6.74535;Erythroblast
12.562194;7.6492147;Erythroblast
11.014161;5.943321;Erythroblast
10.298717;5.913239;Erythroblast
12.514935;7.437535;Erythroblast
12.607492;7.51793;Erythroblast
-1.36215;18.10385;Erythroblast
12.769331;6.1862407;Erythroblast
12.402008;7.0749526;Erythroblast
12.5923395;7.631942;Erythroblast
5.5783477;9.590975;Erythroblast
12.984192;6.7126203;Erythroblast
3.8729124;11.756993;Erythroblast
13.168893;7.1621532;Erythroblast
12.682584;6.1481066;Erythroblast
12.355841;7.6684265;Erythroblast
11.905209;7.79792;Erythroblast
11.766876;7.278008;Erythroblast
9.613729;5.3892846;Erythroblast
12.858446;7.940053;Erythroblast
12.526013;7.833167;Erythroblast
12.724561;7.412396;Erythroblast
12.567893;6.5845304;Erythroblast
12.756389;8.152852;Erythroblast
10.684724;5.080734;Erythroblast
12.270704;7.4718394;Erythroblast
12.514043;6.3432107;Erythroblast
5.4475827;9.224183;Erythroblast
12.178359;6.8631163;Erythroblast
12.978382;6.6595917;Erythroblast
12.487208;6.1385326;Erythroblast
11.4590645;6.039503;Erythroblast
13.118639;6.824601;Erythroblast
10.847826;6.426156;Erythroblast
11.71945;5.9541035;Erythroblast
12.258783;7.5839577;Erythroblast
10.364973;5.8122606;Erythroblast
12.500945;7.3303275;Erythroblast
12.0235405;6.942962;Erythroblast
12.51491;6.252024;Erythroblast
-1.3505261;18.10931;Erythroblast
12.620665;6.24713;Erythroblast
12.955957;6.617857;Erythroblast
12.518364;6.5483165;Erythroblast
11.043292;6.095852;Erythroblast
13.218802;7.0426183;Erythroblast
13.189931;7.856811;Erythroblast
12.484747;7.662063;Erythroblast
12.474034;7.793955;Erythroblast
11.677233;7.3134537;Erythroblast
12.911606;8.018724;Erythroblast
13.025969;6.3719964;Erythroblast
12.96927;6.2989464;Erythroblast
13.186075;7.276618;Erythroblast
13.281603;7.8203773;Erythroblast
8.952061;8.493846;Erythroblast
12.300691;6.8616543;Erythroblast
11.276588;6.830361;Erythroblast
12.115301;6.511573;Erythroblast
12.065264;6.02706;Erythroblast
10.974403;5.994461;Erythroblast
13.086139;6.4357104;Erythroblast
12.909222;6.6087427;Erythroblast
12.070173;6.9399076;Erythroblast
13.121423;7.6732106;Erythroblast
12.462546;7.25883;Erythroblast
12.241768;7.680494;Erythroblast
12.657279;6.43371;Erythroblast
13.0671015;7.892894;Erythroblast
11.665035;7.242185;Erythroblast
12.532459;6.148769;Erythroblast
12.4817;6.0576997;Erythroblast
10.716061;4.7132173;Erythroblast
9.598368;7.54849;Erythroblast
12.654567;7.2385845;Erythroblast
12.811718;6.4301214;Erythroblast
12.517866;6.450704;Erythroblast
12.334755;7.446451;Erythroblast
11.802424;6.1534657;Erythroblast
11.05611;6.071256;Erythroblast
12.6422205;7.4025865;Erythroblast
12.86381;6.7353787;Erythroblast
12.80349;6.8139915;Erythroblast
11.183227;6.765227;Erythroblast
12.871676;6.346967;Erythroblast
12.592739;7.2640805;Erythroblast
12.863086;6.656704;Erythroblast
12.703526;6.904141;Erythroblast
12.390546;6.1195526;Erythroblast
12.7390995;7.3679547;Erythroblast
13.313634;6.8832073;Erythroblast
12.759953;8.0585165;Erythroblast
4.922964;9.217729;Erythroblast
11.977669;6.886128;Erythroblast
13.083035;6.7698026;Erythroblast
12.745601;6.289112;Erythroblast
11.8602085;7.182993;Erythroblast
11.963552;7.0354447;Erythroblast
12.832601;7.9884815;Erythroblast
13.41841;6.7876935;Erythroblast
12.591294;7.4013147;Erythroblast
13.270652;7.0064044;Erythroblast
13.04147;6.596807;Erythroblast
12.834101;6.660569;Erythroblast
11.558416;7.11972;Erythroblast
12.090695;6.0201254;Erythroblast
12.500721;6.9477396;Erythroblast
10.7413025;6.5779667;Erythroblast
12.870212;8.03097;Erythroblast
11.960925;6.284709;Erythroblast
3.6475625;10.735633;Erythroblast
12.26704;6.8497424;Erythroblast
12.573974;6.311342;Erythroblast
13.147085;7.9201345;Erythroblast
11.465464;6.190303;Erythroblast
12.251773;6.8221493;Erythroblast
12.549048;6.991778;Erythroblast
10.915424;6.33958;Erythroblast
13.365233;6.748433;Erythroblast
13.248144;6.8135767;Erythroblast
7.3163204;8.062437;Erythroblast
11.380371;5.0873704;Erythroblast
4.728749;8.73818;Erythroblast
12.930162;6.3598394;Erythroblast
9.2060375;5.1520476;Erythroblast
11.395098;6.0643716;Erythroblast
12.900046;7.9192266;Erythroblast
-1.3533459;18.109003;Erythroblast
12.399797;6.5664525;Erythroblast
12.889179;8.116893;Erythroblast
10.672814;6.4083004;Erythroblast
12.751268;6.715004;Erythroblast
13.292233;6.782216;Erythroblast
12.71089;7.421189;Erythroblast
10.649872;6.172659;Erythroblast
12.231322;6.9847417;Erythroblast
12.376089;6.7208147;Erythroblast
-1.3531911;18.109543;Erythroblast
12.930112;7.9402637;Erythroblast
12.911787;6.504426;Erythroblast
12.508246;7.4630527;Erythroblast
12.453564;6.6231146;Erythroblast
3.5952756;10.012104;Erythroblast
9.873234;5.9606385;Erythroblast
9.066726;8.311972;Erythroblast
5.755383;9.41099;Erythroblast
12.61778;6.656679;Erythroblast
12.131364;7.015818;Erythroblast
13.015964;7.630893;Erythroblast
12.486332;6.731198;Erythroblast
12.511772;7.6959233;Erythroblast
13.19161;6.7222133;Erythroblast
12.177186;6.9552803;Erythroblast
9.065498;8.466352;Erythroblast
13.015241;7.892322;Erythroblast
12.202854;7.522376;Erythroblast
12.061956;6.844615;Erythroblast
12.02814;6.864069;Erythroblast
13.090498;8.029287;Erythroblast
12.484607;6.543511;Erythroblast
12.583243;6.6819057;Erythroblast
5.5774417;9.436776;Erythroblast
12.839323;6.630179;Erythroblast
13.110906;7.372338;Erythroblast
12.140264;7.163558;Erythroblast
12.4300995;6.4044557;Erythroblast
10.765028;5.6219587;Erythroblast
12.47769;6.7625446;Erythroblast
12.307241;7.607902;Erythroblast
12.586245;7.397259;Erythroblast
-1.3331307;18.088295;Erythroblast
8.55589;8.488008;Erythroblast
12.445448;6.0523863;Erythroblast
10.802093;6.474364;Erythroblast
19.572628;3.3490152;Erythroblast
12.49128;6.6183343;Erythroblast
10.764426;5.6942987;Erythroblast
-1.7141716;18.454096;Erythroblast
12.166695;7.071781;Erythroblast
13.25376;6.923063;Erythroblast
12.98338;6.9862933;Erythroblast
11.289191;6.3047643;Erythroblast
12.697578;6.2165146;Erythroblast
11.8886795;6.961048;Erythroblast
13.084857;7.8549714;Erythroblast
-1.7812606;18.078106;Erythroblast
12.424984;7.827657;Erythroblast
11.304897;5.801786;Erythroblast
10.808223;6.6480665;Erythroblast
11.489754;5.9646463;Erythroblast
12.828489;6.3301144;Erythroblast
11.936945;7.6528754;Erythroblast
12.462441;7.7753024;Erythroblast
11.692976;7.1346517;Erythroblast
13.376245;6.883856;Erythroblast
11.41379;7.0073433;Erythroblast
10.874958;6.4429226;Erythroblast
-1.4086459;18.066864;Erythroblast
12.547061;7.3524365;Erythroblast
13.339558;6.853885;Erythroblast
11.513343;6.137001;Erythroblast
12.708403;8.012079;Erythroblast
12.591884;7.0346465;Erythroblast
4.3629427;10.978373;Erythroblast
11.441014;5.931034;Erythroblast
12.689242;7.448566;Erythroblast
12.912747;7.207313;Erythroblast
13.319513;6.978152;Erythroblast
10.259193;7.286716;Erythroblast
11.2321005;6.0383697;Erythroblast
11.97976;7.4807134;Erythroblast
13.31416;6.798848;Erythroblast
13.181151;6.6681724;Erythroblast
12.375511;7.251681;Erythroblast
11.83823;6.306188;Erythroblast
13.002604;6.706443;Erythroblast
12.558266;6.5694246;Erythroblast
10.786435;6.239938;Erythroblast
12.155593;6.9465976;Erythroblast
13.1086645;7.0587296;Erythroblast
12.8635845;6.8253484;Erythroblast
12.263643;7.491793;Erythroblast
11.431873;5.771777;Erythroblast
12.895444;6.7143054;Erythroblast
12.557222;6.1179075;Erythroblast
12.532736;7.786617;Erythroblast
12.822628;7.509072;Erythroblast
12.460673;6.75534;Erythroblast
12.917912;8.078336;Erythroblast
12.977109;6.3385544;Erythroblast
13.1976595;6.733665;Erythroblast
5.4463797;9.133246;Erythroblast
12.612763;7.273904;Erythroblast
10.993844;6.218991;Erythroblast
12.774942;7.531537;Erythroblast
12.340893;6.582428;Erythroblast
11.164385;4.920313;Erythroblast
12.297225;7.429203;Erythroblast
12.667732;7.3398128;Erythroblast
13.413464;6.823594;Erythroblast
11.146266;6.2544236;Erythroblast
10.705924;6.3715367;Erythroblast
11.213219;6.7868543;Erythroblast
12.88517;6.607414;Erythroblast
11.940402;7.058687;Erythroblast
12.037036;6.812415;Erythroblast
9.652044;6.0374455;Erythroblast
11.246527;6.8510976;Erythroblast
10.909339;6.114488;Erythroblast
12.3460245;6.129582;Erythroblast
13.124421;7.808355;Erythroblast
12.9948635;6.464239;Erythroblast
12.557748;6.726369;Erythroblast
12.217329;7.3132358;Erythroblast
9.058406;8.322335;Erythroblast
11.724943;7.261307;Erythroblast
10.692015;6.0383615;Erythroblast
12.50459;7.043657;Erythroblast
12.403336;7.460644;Erythroblast
12.490197;7.3136444;Erythroblast
12.406029;6.141307;Erythroblast
13.239501;6.9066806;Erythroblast
10.457305;6.2801795;Erythroblast
10.986474;6.0301003;Erythroblast
13.063761;7.773606;Erythroblast
8.6522665;8.606454;Erythroblast
10.758322;6.479531;Erythroblast
12.500466;7.937787;Erythroblast
12.719992;6.4676347;Erythroblast
12.37272;6.408211;Erythroblast
8.833072;5.5116367;Lymphocyte
4.7133985;7.9673114;Lymphocyte
10.665649;5.108174;Lymphocyte
9.440861;4.8203034;Lymphocyte
10.792794;4.918492;Lymphocyte
9.085826;5.534427;Lymphocyte
10.428919;4.8196115;Lymphocyte
11.358512;4.47037;Lymphocyte
9.936706;4.74259;Lymphocyte
-1.6471769;18.856936;Lymphocyte
9.5393095;5.230415;Lymphocyte
9.604705;5.657428;Lymphocyte
9.657508;5.6475863;Lymphocyte
9.152469;5.529062;Lymphocyte
10.748377;5.080415;Lymphocyte
8.778595;5.5526323;Lymphocyte
8.763117;5.5687227;Lymphocyte
8.745901;5.466717;Lymphocyte
10.155589;4.7654314;Lymphocyte
10.008985;5.5544653;Lymphocyte
11.3650255;4.5001774;Lymphocyte
10.725856;4.850776;Lymphocyte
10.476338;5.005821;Lymphocyte
10.6054;5.2717433;Lymphocyte
8.723553;5.4745;Lymphocyte
9.744376;5.4189153;Lymphocyte
11.110264;4.7224436;Lymphocyte
9.954027;4.9449635;Lymphocyte
10.617408;5.238422;Lymphocyte
9.693175;4.8312497;Lymphocyte
11.185305;4.621304;Lymphocyte
10.270155;4.8694944;Lymphocyte
11.508155;4.6791153;Lymphocyte
10.6120615;4.7277756;Lymphocyte
10.177499;5.264724;Lymphocyte
9.062784;5.4697723;Lymphocyte
10.2992735;5.2610435;Lymphocyte
9.135694;5.451067;Lymphocyte
10.004127;5.296183;Lymphocyte
10.406411;4.7726536;Lymphocyte
10.313515;4.8774676;Lymphocyte
9.142864;5.590509;Lymphocyte
8.708369;5.5428977;Lymphocyte
10.3281975;5.36353;Lymphocyte
8.722798;5.529461;Lymphocyte
10.741356;5.2130947;Lymphocyte
10.485656;4.804974;Lymphocyte
10.165528;5.0520425;Lymphocyte
9.1092615;5.0584145;Lymphocyte
11.372333;4.4611983;Lymphocyte
10.767249;5.056375;Lymphocyte
10.559346;4.916924;Lymphocyte
10.1639185;5.426037;Lymphocyte
9.025275;5.565212;Lymphocyte
11.325209;4.49941;Lymphocyte
9.056973;5.1824355;Lymphocyte
9.479144;5.1742516;Lymphocyte
9.580474;5.335961;Lymphocyte
10.022413;5.5893197;Lymphocyte
10.706412;4.9358068;Lymphocyte
10.037923;4.677775;Lymphocyte
10.602792;4.807505;Lymphocyte
10.61527;5.32484;Lymphocyte
9.065898;5.3907776;Lymphocyte
10.2176895;4.8466496;Lymphocyte
9.1245775;5.537876;Lymphocyte
8.533764;5.4686904;Lymphocyte
10.368312;4.6309414;Lymphocyte
9.106657;5.0976706;Lymphocyte
11.358999;4.4614024;Lymphocyte
11.35947;4.5114436;Lymphocyte
10.03921;5.1636705;Lymphocyte
6.1459413;7.0432568;Lymphocyte
9.548021;4.9872355;Lymphocyte
9.590391;5.538238;Lymphocyte
8.986389;5.3991942;Lymphocyte
9.97718;4.8939347;Lymphocyte
10.358163;5.2347326;Lymphocyte
8.847832;5.5316343;Lymphocyte
9.674209;4.9522343;Lymphocyte
9.048549;5.458137;Lymphocyte
9.3132715;5.125619;Lymphocyte
10.263252;5.007603;Lymphocyte
10.772057;4.9296775;Lymphocyte
10.101957;5.2188406;Lymphocyte
10.017861;4.6121497;Lymphocyte
9.271601;5.2791963;Lymphocyte
10.322437;5.040507;Lymphocyte
10.202939;5.1201825;Lymphocyte
8.756308;5.56174;Lymphocyte
9.802381;4.9762335;Lymphocyte
11.337165;4.4782147;Lymphocyte
10.928174;4.7934437;Lymphocyte
9.501395;5.315761;Lymphocyte
10.781154;4.87015;Lymphocyte
9.963617;4.794246;Lymphocyte
6.20018;6.5376577;Lymphocyte
11.40767;4.432458;Lymphocyte
10.275702;4.8922033;Lymphocyte
10.804659;4.85596;Lymphocyte
9.178426;5.371872;Lymphocyte
11.341616;4.5362387;Lymphocyte
9.787178;5.0425987;Lymphocyte
9.438811;5.3663764;Lymphocyte
9.552814;4.839916;Lymphocyte
10.170995;5.2452664;Lymphocyte
10.920801;4.833883;Lymphocyte
10.335954;4.730882;Lymphocyte
9.792019;4.82763;Lymphocyte
10.153003;4.819552;Lymphocyte
10.582683;5.07215;Lymphocyte
9.5170555;4.9829736;Lymphocyte
8.777035;5.427158;Lymphocyte
9.6347;5.6527724;Lymphocyte
8.927507;5.5031614;Lymphocyte
9.986093;4.7241945;Lymphocyte
8.728258;5.486816;Lymphocyte
11.308293;4.518003;Lymphocyte
11.028376;4.669101;Lymphocyte
11.156278;4.6527014;Lymphocyte
-1.6781807;18.858583;Lymphocyte
8.790452;5.542758;Lymphocyte
9.407002;5.6595697;Lymphocyte
10.016412;5.2219024;Lymphocyte
11.000608;4.777829;Lymphocyte
8.966909;5.649272;Lymphocyte
-1.629949;18.854858;Lymphocyte
9.106126;5.1691003;Lymphocyte
-1.6219035;18.832174;Lymphocyte
8.877931;5.4631824;Lymphocyte
11.384743;4.4458847;Lymphocyte
9.232636;5.1759257;Lymphocyte
10.607783;5.354411;Lymphocyte
10.485138;4.6588416;Lymphocyte
-1.653275;18.858847;Lymphocyte
11.2208;4.6275578;Lymphocyte
11.37621;4.462118;Lymphocyte
9.51719;5.461979;Lymphocyte
10.676151;4.8685794;Lymphocyte
10.383191;5.4071107;Lymphocyte
9.703662;4.714205;Lymphocyte
11.192169;4.5895348;Lymphocyte
-1.5777457;18.80048;Lymphocyte
5.0466237;8.328457;Lymphocyte
9.202709;5.135195;Lymphocyte
10.598662;5.34318;Lymphocyte
11.317991;4.505953;Lymphocyte
9.587829;5.2836494;Lymphocyte
-1.6640352;18.893818;Lymphocyte
9.935049;4.6858783;Lymphocyte
9.189267;5.3523617;Lymphocyte
9.774415;4.6631575;Lymphocyte
10.101615;4.777772;Lymphocyte
8.845481;5.5125537;Lymphocyte
10.157164;4.7140627;Lymphocyte
9.854279;4.8516865;Lymphocyte
10.846961;5.002185;Lymphocyte
9.995212;4.7076077;Lymphocyte
9.86255;5.6278343;Lymphocyte
9.787703;5.057139;Lymphocyte
8.908943;5.523388;Lymphocyte
10.826821;5.0234356;Lymphocyte
11.005732;4.8324294;Lymphocyte
11.293592;4.5479674;Lymphocyte
10.071354;5.1503057;Lymphocyte
10.256768;5.503509;Lymphocyte
9.274598;5.0058556;Lymphocyte
10.345624;5.0565805;Lymphocyte
10.638107;5.285383;Lymphocyte
9.495372;4.887147;Lymphocyte
9.460924;5.5630937;Lymphocyte
10.75794;5.0706997;Lymphocyte
9.322867;5.6933823;Lymphocyte
11.41558;4.4883394;Lymphocyte
9.976011;4.676776;Lymphocyte
-1.6444508;18.86545;Lymphocyte
9.400185;5.3267126;Lymphocyte
9.911788;5.058749;Lymphocyte
10.216138;4.7135854;Lymphocyte
10.045093;5.564591;Lymphocyte
10.120379;5.037533;Lymphocyte
10.598572;4.9694095;Lymphocyte
8.973771;5.143695;Lymphocyte
10.701885;5.0484667;Lymphocyte
9.036504;5.05398;Lymphocyte
9.524194;5.2458405;Lymphocyte
10.079503;4.5600996;Lymphocyte
10.555792;5.362709;Lymphocyte
9.579227;5.050023;Lymphocyte
11.4363;4.513165;Lymphocyte
10.324387;5.134647;Lymphocyte
8.71468;5.4055114;Lymphocyte
9.657374;5.6091604;Lymphocyte
9.16941;5.269568;Lymphocyte
9.297839;5.610524;Lymphocyte
9.821812;5.065473;Lymphocyte
9.441854;5.2470136;Lymphocyte
9.431682;5.135218;Lymphocyte
9.072967;5.5646796;Lymphocyte
10.502589;4.790843;Lymphocyte
10.902173;4.731194;Lymphocyte
9.456897;5.1857095;Lymphocyte
8.832133;5.3810387;Lymphocyte
11.199231;4.495181;Lymphocyte
9.390205;5.367518;Lymphocyte
11.094992;4.7118716;Lymphocyte
10.29264;5.0085034;Lymphocyte
9.742672;5.31755;Lymphocyte
10.662807;5.366163;Lymphocyte
8.841328;5.548002;Lymphocyte
11.21335;4.614228;Lymphocyte
9.6352005;4.96645;Lymphocyte
9.301708;5.0128675;Lymphocyte
10.694365;5.017767;Lymphocyte
9.898126;4.894645;Lymphocyte
8.851278;5.502669;Lymphocyte
10.178006;5.219854;Lymphocyte
9.813117;5.581096;Lymphocyte
11.0819845;4.707743;Lymphocyte
10.214508;4.8609166;Lymphocyte
9.982678;4.63624;Lymphocyte
10.141711;4.6111355;Lymphocyte
11.242742;4.6401887;Lymphocyte
9.792445;5.6871347;Lymphocyte
10.178297;5.379065;Lymphocyte
11.013828;4.7209797;Lymphocyte
9.847827;5.2255387;Lymphocyte
9.6930485;5.4738975;Lymphocyte
10.702428;4.874304;Lymphocyte
10.494053;4.8927836;Lymphocyte
9.411222;5.0010586;Lymphocyte
9.453612;5.620889;Lymphocyte
9.958694;5.1679177;Lymphocyte
9.853346;5.66687;Lymphocyte
9.18478;5.545886;Lymphocyte
9.380912;4.829011;Lymphocyte
11.216804;4.529419;Lymphocyte
-1.6272669;18.857376;Lymphocyte
10.868433;5.0130935;Lymphocyte
8.814889;5.193817;Lymphocyte
10.636218;5.2044926;Lymphocyte
-1.5490936;18.790964;Lymphocyte
9.938065;4.782193;Lymphocyte
9.338633;4.9834065;Lymphocyte
10.453781;4.730895;Lymphocyte
10.634236;5.129033;Lymphocyte
9.380511;5.0596857;Lymphocyte
9.31609;5.037419;Lymphocyte
11.268815;4.5630817;Lymphocyte
-1.6438421;18.856829;Lymphocyte
-1.6242075;18.843323;Lymphocyte
8.575148;5.961632;Lymphocyte
10.125577;4.9421215;Lymphocyte
9.185358;5.123542;Lymphocyte
8.741743;5.2795577;Lymphocyte
10.504409;4.7974577;Lymphocyte
10.752054;4.9000607;Lymphocyte
8.79007;5.555593;Lymphocyte
8.870654;5.503625;Lymphocyte
10.418268;4.908688;Lymphocyte
10.240981;4.751647;Lymphocyte
10.810652;4.9790545;Lymphocyte
10.669174;4.807048;Lymphocyte
9.340699;5.5212774;Lymphocyte
9.156448;5.5922456;Lymphocyte
10.158054;4.6173797;Lymphocyte
8.783609;5.532745;Lymphocyte
9.625477;4.787357;Lymphocyte
9.060117;5.0471144;Lymphocyte
11.2730465;4.5242023;Lymphocyte
11.201596;4.8017817;Lymphocyte
9.149465;5.1527596;Lymphocyte
11.218673;4.596213;Lymphocyte
10.929959;4.833803;Lymphocyte
9.943183;4.6892724;Lymphocyte
10.738374;5.1501155;Lymphocyte
9.36243;5.64724;Lymphocyte
10.393556;5.0231133;Lymphocyte
5.3432803;7.273974;Lymphocyte
10.528934;4.8007646;Lymphocyte
9.710395;4.9346323;Lymphocyte
10.930562;4.7937317;Lymphocyte
8.56929;5.4958596;Lymphocyte
9.498058;5.384931;Lymphocyte
9.708844;4.794007;Lymphocyte
9.630033;5.045013;Lymphocyte
10.431823;5.333417;Lymphocyte
10.993985;4.848171;Lymphocyte
10.006342;4.684767;Lymphocyte
10.580722;5.087761;Lymphocyte
10.307879;5.104595;Lymphocyte
8.625718;5.5778275;Lymphocyte
9.44534;5.1681247;Lymphocyte
9.774543;5.474402;Lymphocyte
9.8593445;4.977993;Lymphocyte
8.887018;5.2343054;Lymphocyte
10.378758;5.442112;Lymphocyte
9.594472;4.777777;Lymphocyte
11.294584;4.5406294;Lymphocyte
9.775998;5.0436873;Lymphocyte
9.22677;5.5028615;Lymphocyte
10.383284;5.0973587;Lymphocyte
10.086789;5.0672474;Lymphocyte
10.327907;4.801589;Lymphocyte
9.3915;5.50291;Lymphocyte
10.436862;5.2817254;Lymphocyte
9.294929;5.494409;Lymphocyte
-1.5709846;18.824306;Lymphocyte
-1.601683;18.848501;Lymphocyte
10.896623;4.799166;Lymphocyte
10.400026;5.4537396;Lymphocyte
10.834909;4.88706;Lymphocyte
9.472865;5.1335993;Lymphocyte
10.450529;4.7771745;Lymphocyte
10.513929;5.209928;Lymphocyte
8.723457;5.375314;Lymphocyte
10.220932;4.8521223;Lymphocyte
10.126968;4.888582;Lymphocyte
8.597462;5.5066175;Lymphocyte
9.351865;5.057896;Lymphocyte
9.635331;5.3544908;Lymphocyte
9.889251;5.0326;Lymphocyte
9.736587;5.6906366;Lymphocyte
9.09854;5.5873723;Lymphocyte
9.5687475;5.1392384;Lymphocyte
10.472299;4.921641;Lymphocyte
9.57029;4.7854905;Lymphocyte
9.32827;5.4732146;Lymphocyte
9.39805;4.8953347;Lymphocyte
9.309231;5.606053;Lymphocyte
-1.561698;18.817232;Lymphocyte
10.24998;4.6816316;Lymphocyte
10.046002;4.785998;Lymphocyte
8.834187;5.214611;Lymphocyte
9.171012;5.4149365;Lymphocyte
10.53131;5.1505985;Lymphocyte
10.373953;4.7348733;Lymphocyte
10.575417;4.7075644;Lymphocyte
10.392795;5.3709464;Lymphocyte
9.105644;5.4742255;Lymphocyte
10.583991;5.2048244;Lymphocyte
10.193056;4.591558;Lymphocyte
9.840188;4.7670527;Lymphocyte
8.955301;5.540752;Lymphocyte
11.340579;4.489545;Lymphocyte
10.18304;5.430653;Lymphocyte
9.382;5.203995;Lymphocyte
9.0753145;5.1850605;Lymphocyte
-1.6567848;18.869719;Lymphocyte
8.960733;5.523278;Lymphocyte
11.19905;4.6067495;Lymphocyte
8.70347;5.2965283;Lymphocyte
10.7310705;4.883654;Lymphocyte
9.936224;4.693695;Lymphocyte
10.444929;5.3717294;Lymphocyte
9.017276;5.574701;Lymphocyte
10.320272;5.3417025;Lymphocyte
9.053538;5.0714774;Lymphocyte
9.53716;5.2119727;Lymphocyte
10.353569;4.981853;Lymphocyte
11.088789;4.6962624;Lymphocyte
9.614331;5.180171;Lymphocyte
9.25235;5.75376;Lymphocyte
11.292552;4.4914064;Lymphocyte
9.793424;5.4810066;Lymphocyte
9.1491;5.535935;Lymphocyte
10.858502;4.8790026;Lymphocyte
10.19919;5.348489;Lymphocyte
10.42729;4.761521;Lymphocyte
10.385365;5.0382233;Lymphocyte
11.371166;4.479463;Lymphocyte
10.40681;4.689991;Lymphocyte
11.0796;4.687261;Lymphocyte
10.688772;5.029877;Lymphocyte
10.952317;4.8225784;Lymphocyte
10.049476;5.225982;Lymphocyte
10.849849;4.787592;Lymphocyte
9.621522;5.632007;Lymphocyte
11.441;4.4845;Lymphocyte
-1.5799087;18.821278;Lymphocyte
10.486586;4.9838023;Lymphocyte
11.01321;4.8334494;Lymphocyte
10.021091;5.180128;Lymphocyte
10.8445;4.6773114;Lymphocyte
11.373753;4.5216002;Lymphocyte
9.866535;5.523774;Lymphocyte
9.412937;5.482129;Lymphocyte
9.106039;5.1845922;Lymphocyte
8.611992;5.492688;Lymphocyte
-1.5720174;18.815828;Lymphocyte
9.647873;5.8136244;Lymphocyte
9.118612;5.399978;Lymphocyte
10.926468;4.8269606;Lymphocyte
-1.696493;18.875883;Lymphocyte
9.83227;5.0358343;Lymphocyte
6.184835;6.6648355;Lymphocyte
-1.5611029;18.81046;Lymphocyte
9.696205;4.838066;Lymphocyte
8.799112;5.5294943;Lymphocyte
9.465026;5.1550117;Lymphocyte
9.487672;5.591478;Lymphocyte
9.772269;5.2520204;Lymphocyte
8.790495;5.296711;Lymphocyte
9.419043;5.1765594;Lymphocyte
9.423717;4.8741317;Lymphocyte
10.492964;5.2634263;Lymphocyte
11.111293;4.71033;Lymphocyte
9.824064;4.720886;Lymphocyte
11.163278;4.6191664;Lymphocyte
-1.6768801;18.856981;Lymphocyte
9.665302;5.0289574;Lymphocyte
9.914255;5.3710465;Lymphocyte
10.090194;5.025959;Lymphocyte
10.1465025;4.958312;Lymphocyte
8.967268;5.044603;Lymphocyte
8.839775;5.6915526;Lymphocyte
10.282987;5.010634;Lymphocyte
11.062244;4.7897396;Lymphocyte
10.914836;4.772999;Lymphocyte
10.839047;4.718386;Lymphocyte
11.00562;4.663511;Lymphocyte
10.853396;5.0285892;Lymphocyte
9.610919;4.93393;Lymphocyte
9.747415;5.258215;Lymphocyte
11.3122835;4.527921;Lymphocyte
11.321211;4.5735846;Lymphocyte
10.260754;5.2567515;Lymphocyte
9.028251;5.1742706;Lymphocyte
-1.8232558;18.890877;Lymphocyte
10.127577;5.004112;Lymphocyte
9.664768;4.881289;Lymphocyte
9.873603;5.1576977;Lymphocyte
11.125421;4.6827474;Lymphocyte
10.655005;4.90015;Lymphocyte
10.608923;5.3515396;Lymphocyte
9.793573;5.204141;Lymphocyte
11.253652;4.5976315;Lymphocyte
9.463259;5.2933106;Lymphocyte
10.754505;4.8773594;Lymphocyte
10.966772;4.830174;Lymphocyte
9.991919;5.046222;Lymphocyte
9.1026535;5.59242;Lymphocyte
8.5977955;5.4949107;Lymphocyte
9.953886;5.279372;Lymphocyte
9.941525;5.040435;Lymphocyte
10.24162;5.140146;Lymphocyte
9.524637;4.996933;Lymphocyte
10.814307;4.838388;Lymphocyte
9.144066;5.7329946;Lymphocyte
9.281121;5.686859;Lymphocyte
10.94366;4.718098;Lymphocyte
9.081502;5.617456;Lymphocyte
9.910735;5.0267525;Lymphocyte
11.325814;4.483218;Lymphocyte
8.800906;5.4470186;Lymphocyte
11.369706;4.4633865;Lymphocyte
9.031896;5.0469036;Lymphocyte
-1.6931349;18.861065;Lymphocyte
9.553246;4.977723;Lymphocyte
10.818954;5.049583;Lymphocyte
11.415038;4.4257345;Lymphocyte
9.364488;5.4670525;Lymphocyte
8.793488;5.474186;Lymphocyte
10.000024;4.980898;Lymphocyte
9.451084;5.183626;Lymphocyte
10.178978;4.7534914;Lymphocyte
9.657573;5.6395445;Lymphocyte
10.383828;5.083111;Lymphocyte
8.777937;5.417359;Lymphocyte
8.628654;5.4879146;Lymphocyte
9.236326;5.439275;Lymphocyte
9.323932;5.1681733;Lymphocyte
9.761266;4.901058;Lymphocyte
11.438397;4.4998736;Lymphocyte
11.46605;4.5000806;Lymphocyte
6.2978272;8.13062;Lymphocyte
10.600502;5.1295505;Lymphocyte
4.5402045;5.7147646;Lymphocyte
9.480746;4.793315;Lymphocyte
-1.6934905;18.897978;Lymphocyte
10.211838;5.2276793;Lymphocyte
9.267823;5.1631203;Lymphocyte
10.203684;5.310759;Lymphocyte
11.203475;4.630123;Lymphocyte
9.894423;5.3449225;Lymphocyte
9.758492;5.0296655;Lymphocyte
10.610558;5.199842;Lymphocyte
-1.5826677;18.821754;Lymphocyte
10.090263;4.6522503;Lymphocyte
9.9986105;5.002691;Lymphocyte
10.282491;5.235134;Lymphocyte
5.3541007;8.395126;Lymphocyte
-1.6173661;18.863626;Lymphocyte
9.713536;5.635223;Lymphocyte
10.656724;4.920613;Lymphocyte
10.4468775;4.889542;Lymphocyte
9.9179945;5.176046;Lymphocyte
8.8938265;5.165444;Lymphocyte
11.39828;4.459672;Lymphocyte
10.7270975;5.053955;Lymphocyte
10.088884;4.6227064;Lymphocyte
11.145798;4.6759324;Lymphocyte
10.697792;5.0030107;Lymphocyte
9.918267;5.225878;Lymphocyte
9.1292305;5.539098;Lymphocyte
8.916954;5.575274;Lymphocyte
10.411818;5.2329187;Lymphocyte
11.1813;4.6461654;Lymphocyte
9.774522;5.101906;Lymphocyte
9.078784;4.9810085;Lymphocyte
11.378958;4.5368886;Lymphocyte
9.236592;5.5749693;Lymphocyte
9.778545;5.0461774;Lymphocyte
9.006888;5.5387063;Lymphocyte
11.049459;4.747298;Lymphocyte
9.957884;4.7947574;Lymphocyte
9.591903;5.3631225;Lymphocyte
8.819836;5.5127373;Lymphocyte
9.643299;5.1513844;Lymphocyte
11.395391;4.4503317;Lymphocyte
10.237614;4.664672;Lymphocyte
8.7872715;5.430409;Lymphocyte
11.161825;4.663347;Lymphocyte
9.425857;5.432657;Lymphocyte
10.528458;5.2271447;Lymphocyte
9.667701;4.782409;Lymphocyte
10.404435;5.2478423;Lymphocyte
10.34392;4.9797416;Lymphocyte
8.987978;5.4999266;Lymphocyte
11.203853;4.6338716;Lymphocyte
11.455458;4.4838347;Lymphocyte
9.882479;5.2356014;Lymphocyte
11.403277;4.512602;Lymphocyte
8.911173;5.5384984;Lymphocyte
9.375228;5.6326227;Lymphocyte
8.593371;8.672925;Lymphocyte
9.743454;4.7732353;Lymphocyte
10.375905;5.3912807;Lymphocyte
8.917464;5.4264736;Lymphocyte
9.913303;5.237535;Lymphocyte
11.268716;4.5650163;Lymphocyte
10.97175;4.712149;Lymphocyte
9.214692;5.5282044;Lymphocyte
10.460179;4.824493;Lymphocyte
11.058792;4.709087;Lymphocyte
10.003632;4.70318;Lymphocyte
11.253745;4.596256;Lymphocyte
9.826165;5.5282674;Lymphocyte
11.043907;4.711054;Lymphocyte
-1.5821368;18.821093;Lymphocyte
9.149988;5.315636;Lymphocyte
9.673603;5.703959;Lymphocyte
11.363824;4.4604897;Lymphocyte
9.581996;4.920236;Lymphocyte
9.481067;5.243225;Lymphocyte
10.990516;4.7837434;Lymphocyte
10.310802;4.814717;Lymphocyte
10.009154;4.6175404;Lymphocyte
10.117782;5.2913227;Lymphocyte
9.727178;4.7414184;Lymphocyte
9.699549;4.687122;Lymphocyte
9.574983;4.9731507;Lymphocyte
8.733965;5.4472923;Lymphocyte
10.096046;5.059962;Lymphocyte
10.248875;5.109881;Lymphocyte
11.485864;4.4800277;Lymphocyte
9.34951;5.130582;Lymphocyte
-1.5418236;18.756712;Lymphocyte
9.227735;5.5850472;Lymphocyte
9.685699;5.610214;Lymphocyte
9.317478;5.588901;Lymphocyte
8.938741;5.3796844;Lymphocyte
11.314319;4.4485984;Lymphocyte
5.466578;8.266959;Lymphocyte
8.846011;5.564785;Lymphocyte
10.223802;5.08945;Lymphocyte
10.07976;5.412314;Lymphocyte
10.659859;5.0714607;Lymphocyte
10.068055;5.2288404;Lymphocyte
9.954986;4.6868076;Lymphocyte
11.3956;4.4358153;Lymphocyte
11.061154;4.728935;Lymphocyte
10.602349;4.819968;Lymphocyte
11.297959;4.5248833;Lymphocyte
9.299652;5.486063;Lymphocyte
9.860076;5.038113;Lymphocyte
10.430953;5.265879;Lymphocyte
8.869718;5.5529714;Lymphocyte
10.553215;4.8742704;Lymphocyte
-1.7272106;18.887676;Lymphocyte
10.500385;4.93296;Lymphocyte
9.015336;5.6532445;Lymphocyte
9.743027;4.899497;Lymphocyte
10.478172;4.6765575;Lymphocyte
9.785443;5.4787655;Lymphocyte
9.762485;5.207812;Lymphocyte
10.092058;5.2683744;Lymphocyte
10.713343;4.9478865;Lymphocyte
9.946761;4.6674323;Lymphocyte
10.093502;4.8657393;Lymphocyte
8.94693;5.53346;Lymphocyte
10.072792;4.89486;Lymphocyte
11.09297;4.673539;Lymphocyte
11.07414;4.650062;Lymphocyte
10.409051;4.726977;Lymphocyte
9.215464;5.0900364;Lymphocyte
8.740474;5.272082;Lymphocyte
11.15402;4.6877503;Lymphocyte
-1.709291;18.899584;Lymphocyte
8.519052;5.5008435;Lymphocyte
11.347244;4.51059;Lymphocyte
9.462767;5.0413294;Lymphocyte
10.920904;4.764589;Lymphocyte
9.834423;4.967615;Lymphocyte
9.626278;5.552495;Lymphocyte
10.446679;5.298166;Lymphocyte
9.705807;5.1799254;Lymphocyte
8.834433;5.8491874;Lymphocyte
10.185672;5.1027117;Lymphocyte
9.122013;5.118445;Lymphocyte
11.23839;4.501146;Lymphocyte
9.361056;4.8936477;Lymphocyte
10.125369;4.908583;Lymphocyte
9.662418;4.8941417;Lymphocyte
11.343099;4.544521;Lymphocyte
10.948485;4.6542196;Lymphocyte
8.771131;5.429893;Lymphocyte
9.641047;5.598143;Lymphocyte
10.616709;4.810701;Lymphocyte
9.741095;5.517212;Lymphocyte
9.646081;5.305207;Lymphocyte
10.328198;4.9515753;Lymphocyte
9.921485;5.0788555;Lymphocyte
9.263368;5.222922;Lymphocyte
10.0548725;4.6895924;Lymphocyte
7.9954367;6.9924016;Lymphocyte
9.05539;5.4336715;Lymphocyte
8.575397;5.470385;Lymphocyte
10.463816;4.9015083;Lymphocyte
10.250993;5.0528727;Lymphocyte
-1.5780816;18.896803;Lymphocyte
10.315988;4.9396653;Lymphocyte
10.676243;4.7922254;Lymphocyte
10.445154;5.4218144;Lymphocyte
11.398762;4.481685;Lymphocyte
10.014651;5.2716856;Lymphocyte
8.939634;5.202486;Lymphocyte
9.677482;4.7610793;Lymphocyte
10.708742;5.11068;Lymphocyte
10.028676;5.2425776;Lymphocyte
-1.5638558;18.804592;Lymphocyte
9.534519;4.975719;Lymphocyte
9.977229;4.929641;Lymphocyte
10.004294;4.8063912;Lymphocyte
10.182284;4.729575;Lymphocyte
11.37669;4.457155;Lymphocyte
9.414679;5.5698614;Lymphocyte
10.137202;4.6173887;Lymphocyte
11.130309;4.689472;Lymphocyte
10.8018055;4.767597;Lymphocyte
9.563459;5.4112434;Lymphocyte
10.031456;4.838378;Lymphocyte
9.185838;5.237075;Lymphocyte
9.470499;5.3770676;Lymphocyte
8.937986;5.11591;Lymphocyte
10.02291;4.746407;Lymphocyte
9.414395;4.848745;Lymphocyte
9.828693;5.2800384;Lymphocyte
9.615728;4.9467726;Lymphocyte
10.900004;4.928588;Lymphocyte
10.459;5.1050267;Lymphocyte
10.109911;5.2343025;Lymphocyte
9.951665;5.434146;Lymphocyte
10.692939;5.066957;Lymphocyte
10.161497;4.7966185;Lymphocyte
9.262507;5.373726;Lymphocyte
10.378409;5.0418777;Lymphocyte
9.566833;5.0273643;Lymphocyte
10.444786;4.9976015;Lymphocyte
9.573904;5.122349;Lymphocyte
10.54932;4.7380714;Lymphocyte
8.794083;5.519912;Lymphocyte
8.900963;5.177217;Lymphocyte
9.4476795;4.8910856;Lymphocyte
10.16689;4.9396653;Lymphocyte
9.88929;4.8647733;Lymphocyte
11.176319;4.5059767;Lymphocyte
9.973518;4.880051;Lymphocyte
10.374634;5.0137825;Lymphocyte
9.899715;4.6683927;Lymphocyte
9.461094;4.8479633;Lymphocyte
9.614916;5.0836306;Lymphocyte
11.469413;4.480583;Lymphocyte
10.963286;4.779683;Lymphocyte
9.332433;5.5946994;Lymphocyte
9.398002;5.42643;Lymphocyte
10.152094;4.784428;Lymphocyte
10.858583;4.6852374;Lymphocyte
9.84335;5.3431344;Lymphocyte
10.481201;4.6113253;Lymphocyte
10.837169;4.805089;Lymphocyte
8.8106;5.280499;Lymphocyte
10.974654;4.8545303;Lymphocyte
9.238626;5.571636;Lymphocyte
10.253193;5.3193836;Lymphocyte
10.883778;4.799449;Lymphocyte
9.726548;4.753528;Lymphocyte
10.537619;5.275955;Lymphocyte
10.150232;5.299134;Lymphocyte
10.667858;4.9848557;Lymphocyte
9.788906;5.1681924;Lymphocyte
8.813783;5.6272554;Lymphocyte
9.094868;5.6106396;Lymphocyte
9.893441;5.1649227;Lymphocyte
10.790305;4.877809;Lymphocyte
9.379568;5.169118;Lymphocyte
9.764001;4.7918935;Lymphocyte
10.246171;5.1244025;Lymphocyte
5.720302;8.820712;Lymphocyte
10.874599;4.802488;Lymphocyte
8.778051;5.4448752;Lymphocyte
10.596679;4.726474;Lymphocyte
8.820675;5.309084;Lymphocyte
9.861978;5.0351467;Lymphocyte
9.387632;5.7163634;Lymphocyte
9.977539;4.9439015;Lymphocyte
9.295801;5.3073616;Lymphocyte
11.321448;4.5072966;Lymphocyte
9.400562;5.481949;Lymphocyte
10.406528;5.1372504;Lymphocyte
10.058437;5.22569;Lymphocyte
11.019845;4.654333;Lymphocyte
9.450811;5.3739533;Lymphocyte
9.673424;4.948092;Lymphocyte
9.644221;5.073613;Lymphocyte
9.66972;5.6437626;Lymphocyte
10.888241;4.880957;Lymphocyte
9.98216;5.423651;Lymphocyte
11.17152;4.615985;Lymphocyte
11.322187;4.49775;Lymphocyte
9.462425;5.595963;Lymphocyte
10.956881;4.738705;Lymphocyte
9.981364;4.6375127;Lymphocyte
8.971187;5.6101885;Lymphocyte
9.214232;5.52326;Lymphocyte
9.248978;4.9678655;Lymphocyte
9.908043;4.9420886;Lymphocyte
9.75806;4.7705336;Lymphocyte
11.281466;4.5246735;Lymphocyte
9.722868;5.098401;Lymphocyte
9.953574;4.8524694;Lymphocyte
9.886212;5.0467267;Lymphocyte
10.543863;5.3492637;Lymphocyte
10.24838;5.3923507;Lymphocyte
10.58374;4.7921314;Lymphocyte
-1.7059089;18.892038;Lymphocyte
10.719297;4.9292793;Lymphocyte
11.416862;4.446417;Lymphocyte
8.965773;5.1286063;Lymphocyte
10.364841;5.2368383;Lymphocyte
8.709389;5.491156;Lymphocyte
11.193252;4.6234756;Lymphocyte
9.329824;5.2245626;Lymphocyte
11.002985;4.844619;Lymphocyte
11.106934;4.846637;Lymphocyte
9.265084;5.111392;Lymphocyte
9.952932;5.05322;Lymphocyte
10.79255;4.934603;Lymphocyte
10.4519005;4.6852036;Lymphocyte
10.79132;4.8997426;Lymphocyte
9.751393;5.6323404;Lymphocyte
10.914095;4.6924977;Lymphocyte
10.441222;4.624334;Lymphocyte
11.40095;4.4456587;Lymphocyte
9.272709;5.3885217;Lymphocyte
9.035496;5.0404005;Lymphocyte
9.785108;5.2676663;Lymphocyte
10.248846;4.669087;Lymphocyte
10.130969;5.363427;Lymphocyte
9.271783;5.1082635;Lymphocyte
-1.6349258;18.874193;Lymphocyte
9.359139;5.3771744;Lymphocyte
9.457081;5.3880467;Lymphocyte
10.185588;5.4360685;Lymphocyte
9.468015;5.2567387;Lymphocyte
11.296211;4.5300093;Lymphocyte
10.352711;5.3273344;Lymphocyte
10.355553;5.3174977;Lymphocyte
9.181755;5.453101;Lymphocyte
9.672275;4.783486;Lymphocyte
9.755087;5.5306416;Lymphocyte
10.061827;4.660165;Lymphocyte
9.03865;5.45964;Lymphocyte
9.32715;5.0876226;Lymphocyte
-1.568083;18.794548;Lymphocyte
11.018387;4.9974256;Lymphocyte
9.948377;4.7354994;Lymphocyte
9.814944;5.0569797;Lymphocyte
9.536218;5.6325235;Lymphocyte
9.002684;5.560359;Lymphocyte
10.38935;5.383231;Lymphocyte
10.684858;4.9502263;Lymphocyte
10.251616;5.3032827;Lymphocyte
11.220683;4.627915;Lymphocyte
10.718095;4.9401355;Lymphocyte
9.552652;5.0312123;Lymphocyte
11.36;4.498142;Lymphocyte
10.90247;4.816557;Lymphocyte
9.078303;5.6267476;Lymphocyte
9.355863;5.039418;Lymphocyte
9.634429;5.0736265;Lymphocyte
-1.5576578;18.76615;Lymphocyte
8.980202;5.094871;Lymphocyte
10.885541;4.829815;Lymphocyte
11.51371;4.576738;Lymphocyte
9.801757;5.003065;Lymphocyte
10.586849;5.239004;Lymphocyte
10.910014;4.7105293;Lymphocyte
9.184473;4.9858956;Lymphocyte
9.742234;4.7155514;Lymphocyte
10.050315;4.689118;Lymphocyte
9.976007;4.8213925;Lymphocyte
9.046647;5.38239;Lymphocyte
10.22391;4.9651217;Lymphocyte
8.784297;5.5743966;Lymphocyte
9.518797;5.284136;Lymphocyte
9.256119;5.2321014;Lymphocyte
9.524757;5.288041;Lymphocyte
11.464269;4.395095;Lymphocyte
10.544426;4.994208;Lymphocyte
10.854772;4.945207;Lymphocyte
10.174655;4.8232;Lymphocyte
11.359586;4.4981093;Lymphocyte
10.825531;4.82622;Lymphocyte
-1.5291522;18.85567;Lymphocyte
9.614873;4.849358;Lymphocyte
10.737442;4.795579;Lymphocyte
10.198227;4.8745985;Lymphocyte
10.86492;4.883989;Lymphocyte
10.818494;4.7697744;Lymphocyte
9.005516;5.6190004;Lymphocyte
9.9735985;5.1835504;Lymphocyte
11.183897;4.6962376;Lymphocyte
9.706917;4.843473;Lymphocyte
8.961837;5.5464897;Lymphocyte
8.858995;5.442317;Lymphocyte
10.036525;4.913406;Lymphocyte
10.276449;4.9425893;Lymphocyte
10.242695;5.4853406;Lymphocyte
8.826053;5.50718;Lymphocyte
9.480742;5.6782804;Lymphocyte
10.060405;5.431223;Lymphocyte
10.061666;4.7357054;Lymphocyte
10.183028;5.262443;Lymphocyte
11.29157;4.5486827;Lymphocyte
-1.6499244;18.86897;Lymphocyte
8.73209;5.476636;Lymphocyte
10.1998205;5.3711543;Lymphocyte
9.212526;5.607708;Lymphocyte
9.859482;5.0531406;Lymphocyte
9.927148;4.7722344;Lymphocyte
9.622118;5.111087;Lymphocyte
11.238424;4.654862;Lymphocyte
9.972097;5.489899;Lymphocyte
11.018298;4.745467;Lymphocyte
9.85895;5.1001434;Lymphocyte
10.225241;5.387547;Lymphocyte
11.2845;4.549887;Lymphocyte
10.509558;4.9270415;Lymphocyte
10.297787;5.100178;Lymphocyte
8.718651;5.646695;Lymphocyte
9.410508;4.9764395;Lymphocyte
9.267265;5.5912824;Lymphocyte
10.427641;4.979187;Lymphocyte
10.445737;5.309526;Lymphocyte
9.791904;4.9279423;Lymphocyte
8.769938;5.4238563;Lymphocyte
10.786812;4.8606553;Lymphocyte
10.008455;4.674964;Lymphocyte
10.065957;4.794449;Lymphocyte
11.353566;4.4899282;Lymphocyte
10.904455;4.922642;Lymphocyte
9.839611;5.0336685;Lymphocyte
10.386573;4.6622567;Lymphocyte
10.942973;4.784597;Lymphocyte
10.232663;5.170588;Lymphocyte
10.955783;4.8066974;Lymphocyte
9.451175;5.2212462;Lymphocyte
8.717578;5.52965;Lymphocyte
9.54938;5.680048;Lymphocyte
11.0633;4.7385283;Lymphocyte
9.851646;5.52641;Lymphocyte
9.301092;5.4445;Lymphocyte
8.823929;5.423362;Lymphocyte
9.772146;5.63352;Lymphocyte
11.384812;4.468076;Lymphocyte
10.197274;4.6551933;Lymphocyte
10.299055;4.803142;Lymphocyte
11.363922;4.383433;Lymphocyte
9.702435;5.6087956;Lymphocyte
9.266508;5.4980106;Lymphocyte
10.254348;5.303764;Lymphocyte
6.6030893;6.932143;Lymphocyte
9.889981;5.517199;Lymphocyte
9.598312;5.4289913;Lymphocyte
8.899989;5.5692086;Lymphocyte
10.450282;5.099711;Lymphocyte
9.710563;4.976122;Lymphocyte
10.210537;5.0604463;Lymphocyte
10.049663;5.2076454;Lymphocyte
10.285529;5.268904;Lymphocyte
9.330507;5.49724;Lymphocyte
9.642837;5.049952;Lymphocyte
9.267089;5.525616;Lymphocyte
9.33848;5.1519127;Lymphocyte
10.453993;4.8874087;Lymphocyte
9.380327;5.3467216;Lymphocyte
9.392022;5.783097;Lymphocyte
10.132257;4.6031113;Lymphocyte
8.998576;5.575899;Lymphocyte
10.663456;5.311816;Lymphocyte
8.906242;5.213173;Lymphocyte
9.864372;4.7463727;Lymphocyte
11.084231;4.8211017;Lymphocyte
9.678005;4.727542;Lymphocyte
9.835342;4.84571;Lymphocyte
-1.566862;18.750221;Lymphocyte
9.330198;5.4405413;Lymphocyte
8.677537;5.4823084;Lymphocyte
9.42022;5.228567;Lymphocyte
10.787138;4.766101;Lymphocyte
10.828785;4.7116866;Lymphocyte
9.788275;4.7412844;Lymphocyte
-1.6451067;18.869038;Lymphocyte
10.223567;4.634692;Lymphocyte
9.100004;5.6277966;Lymphocyte
8.780767;5.543646;Lymphocyte
-1.8411523;18.926222;Lymphocyte
9.42741;4.9824257;Lymphocyte
10.061645;4.9835553;Lymphocyte
11.373773;4.480208;Lymphocyte
9.588337;5.4170775;Lymphocyte
8.839512;5.4387035;Lymphocyte
8.955321;5.183843;Lymphocyte
9.737672;5.0858474;Lymphocyte
-1.8917186;18.87566;Lymphocyte
10.634289;4.8323393;Lymphocyte
10.161758;4.9956565;Lymphocyte
9.057725;5.169494;Lymphocyte
9.926523;5.158833;Lymphocyte
9.710669;4.7836885;Lymphocyte
10.323199;5.473458;Lymphocyte
9.68094;5.4423094;Lymphocyte
10.266714;4.6293964;Lymphocyte
8.936473;5.5902157;Lymphocyte
10.059764;4.782177;Lymphocyte
9.753972;5.388078;Lymphocyte
11.360492;4.4960666;Lymphocyte
10.965155;4.7360735;Lymphocyte
-1.5741923;18.816732;Lymphocyte
9.060702;5.064279;Lymphocyte
8.891039;5.5354595;Lymphocyte
10.474695;4.949728;Lymphocyte
10.26505;5.068992;Lymphocyte
10.130067;4.791349;Lymphocyte
8.874293;5.4791517;Lymphocyte
10.332153;4.9605327;Lymphocyte
9.544964;5.436438;Lymphocyte
9.777638;5.6728907;Lymphocyte
9.914307;5.6188016;Lymphocyte
-1.7126222;18.863686;Lymphocyte
8.890054;5.5616345;Lymphocyte
10.3272915;4.89497;Lymphocyte
11.061145;4.7082777;Lymphocyte
9.159244;5.0579543;Lymphocyte
9.652233;4.9593678;Lymphocyte
10.727081;5.2865696;Lymphocyte
11.273287;4.5481896;Lymphocyte
11.373749;4.497441;Lymphocyte
9.854881;5.100673;Lymphocyte
10.836003;4.794871;Lymphocyte
9.361543;5.579413;Lymphocyte
9.027052;5.171385;Lymphocyte
10.435638;5.5575314;Lymphocyte
9.957319;5.1791472;Lymphocyte
9.200321;5.0642138;Lymphocyte
10.9095335;5.029345;Lymphocyte
11.309548;4.5003686;Lymphocyte
10.6081915;4.719333;Lymphocyte
10.717345;4.7912083;Lymphocyte
10.765076;4.905483;Lymphocyte
9.383475;4.9620194;Lymphocyte
9.51481;5.0002117;Lymphocyte
9.528616;4.882613;Lymphocyte
4.819385;7.8983803;Lymphocyte
9.817421;5.4929276;Lymphocyte
6.4094043;6.992599;Lymphocyte
11.091161;4.7336617;Lymphocyte
9.749205;5.5546827;Lymphocyte
9.761688;4.7158947;Lymphocyte
11.363557;4.4653416;Lymphocyte
10.384535;4.7376823;Lymphocyte
9.739344;5.730685;Lymphocyte
-1.8010625;18.852806;Lymphocyte
9.922093;5.0912204;Lymphocyte
9.672794;5.731315;Lymphocyte
8.841136;5.5762005;Lymphocyte
10.399704;4.7251153;Lymphocyte
9.71725;5.7578783;Lymphocyte
9.845178;5.661588;Lymphocyte
11.273923;4.578465;Lymphocyte
10.522639;5.2265596;Lymphocyte
11.354479;4.5165663;Lymphocyte
9.801674;4.785581;Lymphocyte
10.323837;5.265607;Lymphocyte
11.369998;4.466677;Lymphocyte
10.228505;5.1666746;Lymphocyte
10.157771;4.9236712;Lymphocyte
10.034004;5.7194843;Lymphocyte
9.9218855;5.142589;Lymphocyte
9.899337;5.457782;Lymphocyte
4.1838536;11.8169565;Lymphocyte
11.481816;5.5126553;Lymphocyte
9.309152;5.574357;Lymphocyte
11.342563;4.536964;Lymphocyte
9.274094;5.628047;Lymphocyte
10.418927;5.0646515;Lymphocyte
9.463443;4.925585;Lymphocyte
9.474208;5.5245047;Lymphocyte
10.79722;4.9139166;Lymphocyte
10.19301;5.24753;Lymphocyte
9.80837;5.8045597;Lymphocyte
10.044146;5.318824;Lymphocyte
10.256264;4.997032;Lymphocyte
9.811535;5.4231277;Lymphocyte
8.684831;5.469441;Lymphocyte
9.030769;5.0357018;Lymphocyte
9.06244;5.402534;Lymphocyte
10.241374;5.3544235;Lymphocyte
9.365535;5.1866255;Lymphocyte
10.398284;4.7373466;Lymphocyte
9.602013;5.722863;Lymphocyte
-1.5650585;18.811115;Lymphocyte
10.004726;4.86884;Lymphocyte
10.058223;4.6427464;Lymphocyte
9.869295;5.2125473;Lymphocyte
10.809637;4.8564167;Lymphocyte
9.912503;4.9940286;Lymphocyte
9.912604;5.5377297;Lymphocyte
9.585852;5.541176;Lymphocyte
11.292447;4.581777;Lymphocyte
9.081017;4.9756446;Lymphocyte
9.841602;5.2281313;Lymphocyte
10.992858;4.609231;Lymphocyte
9.6316805;5.622054;Lymphocyte
10.703808;5.3436017;Lymphocyte
11.371328;4.4586287;Lymphocyte
11.379645;4.4781904;Lymphocyte
9.260184;5.629102;Lymphocyte
8.601597;5.37223;Lymphocyte
9.661964;5.671964;Lymphocyte
10.746153;4.857142;Lymphocyte
11.357234;4.600829;Lymphocyte
7.902168;9.27939;Lymphocyte
9.4212475;5.181954;Lymphocyte
10.563282;4.9497485;Lymphocyte
8.648901;8.590123;Lymphocyte
10.74346;4.763778;Lymphocyte
10.4405;4.611709;Lymphocyte
9.352839;5.552926;Lymphocyte
8.95824;5.496731;Lymphocyte
11.239537;4.4966235;Lymphocyte
9.907767;5.084788;Lymphocyte
9.302901;5.44229;Lymphocyte
4.925874;7.946636;Lymphocyte
11.378548;4.4586244;Lymphocyte
9.666293;5.0049887;Lymphocyte
10.9513035;5.071377;Lymphocyte
9.714362;5.7752695;Lymphocyte
10.034387;5.0416355;Lymphocyte
10.755451;4.972341;Lymphocyte
10.242452;5.1180325;Lymphocyte
8.903821;5.5940065;Lymphocyte
9.460092;5.5370607;Lymphocyte
10.356197;5.3574986;Lymphocyte
9.071406;5.585106;Lymphocyte
9.6439495;5.743385;Lymphocyte
10.348004;4.8525405;Lymphocyte
9.503861;4.8801155;Lymphocyte
8.899513;5.610407;Lymphocyte
9.773071;5.6772494;Lymphocyte
9.131758;5.5704317;Lymphocyte
10.0673485;4.812265;Lymphocyte
9.0720415;5.06092;Lymphocyte
9.494656;5.2485166;Lymphocyte
10.179914;5.421728;Lymphocyte
9.907224;5.609317;Lymphocyte
9.170692;5.509778;Lymphocyte
9.581465;5.6265626;Lymphocyte
8.704805;5.494348;Lymphocyte
-1.4780691;18.827433;Lymphocyte
11.284163;4.517148;Lymphocyte
10.123746;5.2017293;Lymphocyte
10.8411045;4.91727;Lymphocyte
10.908542;4.7623224;Lymphocyte
9.324168;5.1066465;Lymphocyte
8.635879;5.489392;Lymphocyte
10.574129;5.2871447;Lymphocyte
9.620765;5.038865;Lymphocyte
8.534677;5.4355145;Lymphocyte
9.190216;5.5271883;Lymphocyte
11.463369;4.4593167;Lymphocyte
10.56489;4.86501;Lymphocyte
9.750852;5.0279555;Lymphocyte
10.085115;4.6690445;Lymphocyte
9.167358;5.7164383;Lymphocyte
10.105915;5.293851;Lymphocyte
10.711598;5.004933;Lymphocyte
8.270134;8.257163;Lymphocyte
9.523604;4.8733687;Lymphocyte
9.318193;5.564574;Lymphocyte
10.013803;4.6713476;Lymphocyte
-1.6605655;18.8916;Lymphocyte
11.1586;4.6112084;Lymphocyte
9.651184;5.46973;Lymphocyte
9.592538;4.9442935;Lymphocyte
10.259813;4.766132;Lymphocyte
10.13751;4.9113;Lymphocyte
11.430841;4.4039717;Lymphocyte
9.627544;5.2656326;Lymphocyte
10.603222;4.847019;Lymphocyte
8.82545;5.5962076;Lymphocyte
8.670782;5.3230877;Lymphocyte
10.184301;5.328024;Lymphocyte
10.274249;5.3175006;Lymphocyte
10.084047;5.300611;Lymphocyte
11.299717;4.511673;Lymphocyte
9.116081;5.5576015;Lymphocyte
8.783764;5.592213;Lymphocyte
9.853651;5.15304;Lymphocyte
9.065665;5.122128;Lymphocyte
9.822199;5.3799157;Lymphocyte
11.297367;4.5570645;Lymphocyte
10.676713;5.288187;Lymphocyte
9.732922;5.7410574;Lymphocyte
10.196848;5.0883813;Lymphocyte
10.729567;5.2511454;Lymphocyte
9.907717;5.1668544;Lymphocyte
10.661983;5.005724;Lymphocyte
9.220072;5.526764;Lymphocyte
9.816885;5.1441236;Lymphocyte
10.167899;4.840924;Lymphocyte
8.692075;5.53427;Lymphocyte
10.380737;5.0811286;Lymphocyte
11.087047;4.727769;Lymphocyte
9.794568;5.6090736;Lymphocyte
11.123129;4.6636043;Lymphocyte
10.745239;4.798038;Lymphocyte
9.363711;5.0164056;Lymphocyte
11.384298;4.482652;Lymphocyte
9.76809;5.231136;Lymphocyte
9.552241;5.248592;Lymphocyte
9.483264;5.214083;Lymphocyte
9.272299;5.0076427;Lymphocyte
9.602101;5.6165285;Lymphocyte
9.588211;5.323518;Lymphocyte
10.395357;4.8298764;Lymphocyte
10.005697;4.962192;Lymphocyte
8.996412;5.1487503;Lymphocyte
9.998607;4.821834;Lymphocyte
10.3069725;4.6347175;Lymphocyte
10.345374;4.947134;Lymphocyte
8.784781;5.2486186;Lymphocyte
9.141242;5.8021145;Lymphocyte
10.190624;4.8121896;Lymphocyte
10.575456;5.542885;Lymphocyte
11.440568;4.4235277;Lymphocyte
10.301044;4.7277894;Lymphocyte
10.381427;5.2882223;Lymphocyte
11.282457;4.5628066;Lymphocyte
-2.7531555;18.626587;Lymphocyte
9.824775;4.7403793;Lymphocyte
10.940417;4.792497;Lymphocyte
9.330036;5.4995084;Lymphocyte
9.535662;4.9852176;Lymphocyte
10.05083;4.686588;Lymphocyte
7.8219647;9.434128;Lymphocyte
9.407589;4.9703403;Lymphocyte
8.903481;5.4256725;Lymphocyte
10.093515;4.746509;Lymphocyte
10.129839;4.580776;Lymphocyte
11.344044;4.464182;Lymphocyte
10.902005;4.9015303;Lymphocyte
10.476786;5.2926307;Lymphocyte
9.453632;5.5287585;Lymphocyte
9.706646;5.533442;Lymphocyte
9.407813;5.3357315;Lymphocyte
9.181788;5.461723;Lymphocyte
9.079282;5.4548345;Lymphocyte
9.178529;5.6154695;Lymphocyte
11.214408;4.5371714;Lymphocyte
9.080433;5.622682;Lymphocyte
9.159105;4.9539866;Lymphocyte
9.684976;5.7408023;Lymphocyte
-1.5752437;18.798512;Lymphocyte
10.358825;4.943347;Lymphocyte
9.427534;5.050462;Lymphocyte
11.294539;4.726682;Lymphocyte
10.814134;4.9196095;Lymphocyte
9.127149;5.4351053;Lymphocyte
9.965967;5.2199917;Lymphocyte
5.9827733;9.190886;Lymphocyte
10.560153;5.3124228;Lymphocyte
10.519476;5.199708;Lymphocyte
20.21609;3.795156;Platelet
20.563623;4.0754066;Platelet
19.454725;2.70933;Platelet
19.773304;3.9678767;Platelet
-3.9795458;3.1964095;Platelet
19.438437;2.7255774;Platelet
20.592989;4.880546;Platelet
19.81704;6.144284;Platelet
20.45104;5.3197646;Platelet
20.194494;5.248169;Platelet
19.958622;4.261074;Platelet
20.787523;5.332404;Platelet
-4.499303;3.1275492;Platelet
20.060963;4.2401485;Platelet
20.265179;4.3877163;Platelet
20.007494;4.1696434;Platelet
19.849337;5.009754;Platelet
20.401762;4.0940638;Platelet
20.584494;3.1631927;Platelet
20.303034;3.030025;Platelet
19.352375;3.4761884;Platelet
19.80928;3.9812698;Platelet
20.457006;4.7602115;Platelet
19.93232;6.076078;Platelet
-3.9525077;3.0603228;Platelet
-4.2771072;3.208681;Platelet
19.640553;4.4085474;Platelet
19.774559;4.714175;Platelet
-4.157244;3.1266806;Platelet
-4.0407248;3.1785836;Platelet
20.784752;4.005203;Platelet
20.97661;4.0785136;Platelet
19.795488;4.4444137;Platelet
19.858383;3.8550506;Platelet
20.12474;3.4510543;Platelet
20.443148;4.384127;Platelet
19.743258;3.2537675;Platelet
20.593788;4.801289;Platelet
19.796513;5.0534277;Platelet
19.48692;3.0063334;Platelet
20.659233;4.74233;Platelet
19.999474;4.0617385;Platelet
19.674856;5.2684345;Platelet
19.683414;4.6483893;Platelet
19.814566;4.5280204;Platelet
19.467878;2.6812146;Platelet
20.797628;4.869463;Platelet
-3.9900124;3.082293;Platelet
19.619408;3.1507573;Platelet
19.573103;3.2738297;Platelet
19.733624;4.5467167;Platelet
19.60698;4.133607;Platelet
20.044628;3.2931137;Platelet
20.86797;4.2197824;Platelet
19.428701;2.778202;Platelet
-4.4069643;3.121138;Platelet
-3.8031685;3.0086415;Platelet
19.555227;3.582598;Platelet
20.033848;3.8904514;Platelet
19.588223;2.7455359;Platelet
-4.16114;3.1825566;Platelet
20.113014;4.3293695;Platelet
19.770432;4.7818494;Platelet
20.436266;4.0939984;Platelet
20.308731;3.3536665;Platelet
20.31936;3.7872162;Platelet
19.908197;3.3638666;Platelet
20.46534;4.6744623;Platelet
19.631365;4.2726808;Platelet
20.422468;3.9706857;Platelet
20.403458;5.2170014;Platelet
-4.250456;3.200517;Platelet
19.722906;3.256575;Platelet
19.52949;4.392921;Platelet
20.683817;5.1142273;Platelet
19.905098;5.220368;Platelet
20.680357;4.142838;Platelet
19.881796;3.7877164;Platelet
19.9514;4.022607;Platelet
19.863983;4.4816074;Platelet
20.030985;4.0585113;Platelet
20.439186;3.4128304;Platelet
20.450579;3.2193668;Platelet
20.065092;4.0046325;Platelet
-4.1798515;3.3454778;Platelet
20.114244;5.427587;Platelet
19.789654;3.4388766;Platelet
19.915037;6.00505;Platelet
-4.0899043;3.1223552;Platelet
19.52774;2.910326;Platelet
19.989397;3.871502;Platelet
20.934502;4.759584;Platelet
20.458252;3.9503968;Platelet
20.33996;3.3387709;Platelet
19.681824;4.501867;Platelet
19.575157;3.0036945;Platelet
-3.805652;3.0335026;Platelet
20.782213;4.152684;Platelet
-3.9870367;2.967076;Platelet
20.296047;6.0146813;Platelet
19.987766;3.1117406;Platelet
20.057772;3.6055498;Platelet
-3.8929203;3.0848098;Platelet
19.635458;4.7993765;Platelet
19.51599;2.7890098;Platelet
20.389868;4.277044;Platelet
19.401375;3.9382272;Platelet
20.284355;3.631176;Platelet
20.10211;6.1146836;Platelet
20.778303;4.374829;Platelet
19.72131;5.084814;Platelet
19.844746;4.6698666;Platelet
20.364311;5.1036267;Platelet
-4.151042;2.9751165;Platelet
19.778034;4.5798464;Platelet
19.94032;4.749761;Platelet
-4.1573834;3.18054;Platelet
19.72299;3.9375145;Platelet
19.605223;3.258851;Platelet
20.338085;4.462995;Platelet
19.851694;4.410579;Platelet
20.908192;4.953602;Platelet
19.7355;3.9228828;Platelet
20.065763;4.570324;Platelet
20.022154;3.7971435;Platelet
19.818346;5.9826736;Platelet
19.73888;2.7340195;Platelet
19.674856;5.0010247;Platelet
-4.0483675;3.5003111;Platelet
19.897747;3.1636703;Platelet
19.674158;4.7562637;Platelet
19.555077;4.3030343;Platelet
-4.538558;3.116382;Platelet
19.548191;3.8046548;Platelet
-3.9583604;3.154386;Platelet
20.678473;4.5853353;Platelet
20.187603;4.886812;Platelet
-3.9325297;3.0454185;Platelet
20.929136;4.3388257;Platelet
20.191912;3.4903896;Platelet
19.885445;4.0362353;Platelet
20.907848;3.8677576;Platelet
19.504501;3.0320745;Platelet
19.833214;4.658098;Platelet
20.644041;5.168556;Platelet
-4.3442173;3.205208;Platelet
19.830326;4.9389544;Platelet
20.465843;3.388294;Platelet
20.606413;4.383902;Platelet
-4.0992374;3.1009097;Platelet
19.922432;6.1210413;Platelet
20.481417;4.169611;Platelet
20.618034;4.6950946;Platelet
19.4656;4.9747357;Platelet
20.879637;4.159362;Platelet
19.886654;4.321543;Platelet
20.057585;4.703508;Platelet
21.018263;5.0292234;Platelet
20.013454;4.0329633;Platelet
20.078642;3.349026;Platelet
20.144623;6.097264;Platelet
20.128225;4.420268;Platelet
19.663641;3.543006;Platelet
-4.4911466;3.190602;Platelet
20.422733;5.1284413;Platelet
20.687717;4.184003;Platelet
19.798643;4.4765387;Platelet
20.21673;3.5285282;Platelet
20.465794;4.30453;Platelet
19.920921;5.0829377;Platelet
20.319956;3.9531572;Platelet
19.5375;3.7878401;Platelet
-3.905616;3.0487561;Platelet
20.241537;3.7608914;Platelet
19.473232;2.702619;Platelet
20.654327;4.9274845;Platelet
20.178167;3.0826814;Platelet
20.741894;4.1603327;Platelet
20.36613;4.811525;Platelet
-3.9264297;3.051916;Platelet
20.300549;5.1977415;Platelet
20.371754;6.0340285;Platelet
-3.975096;3.325019;Platelet
20.222712;4.222234;Platelet
20.602356;4.649793;Platelet
19.963543;3.121792;Platelet
19.609013;4.1895056;Platelet
20.42571;3.402794;Platelet
20.137655;4.5782466;Platelet
20.68788;4.7660174;Platelet
19.923828;4.7122474;Platelet
20.711655;4.220406;Platelet
19.61866;4.111811;Platelet
19.548483;4.867863;Platelet
20.027613;3.495791;Platelet
19.714844;4.698208;Platelet
20.244593;6.032929;Platelet
20.277224;5.205009;Platelet
20.494787;4.4969544;Platelet
20.08954;3.6033983;Platelet
20.753397;4.121912;Platelet
20.540232;3.3087747;Platelet
20.903921;4.6827183;Platelet
19.794548;6.102876;Platelet
19.869963;6.091638;Platelet
20.065134;3.4934077;Platelet
20.34083;2.91178;Platelet
20.36232;4.035365;Platelet
19.83202;6.104119;Platelet
20.211748;3.4836106;Platelet
19.748472;4.293678;Platelet
19.678122;2.8177402;Platelet
-4.3294005;3.2411416;Platelet
20.509848;3.297086;Platelet
19.76587;3.9980977;Platelet
19.91709;4.6475644;Platelet
20.40566;4.572959;Platelet
19.515783;3.1320899;Platelet
20.03447;3.8032434;Platelet
19.895292;6.1125846;Platelet
19.75006;4.0672603;Platelet
19.56127;3.5180051;Platelet
20.066137;3.9726472;Platelet
20.829597;4.447997;Platelet
19.780188;5.581491;Platelet
19.696255;4.2407537;Platelet
20.529137;5.1776;Platelet
20.594671;3.223823;Platelet
19.745298;5.300851;Platelet
19.44158;3.72745;Platelet
20.568499;3.795819;Platelet
20.638689;4.7104635;Platelet
19.890316;6.133008;Platelet
20.121471;6.0957685;Platelet
20.823032;4.2416105;Platelet
19.482882;3.1655262;Platelet
19.836437;6.1317916;Platelet
20.670073;5.231244;Platelet
-1.6127775;-1.9771926;Platelet
20.507685;3.3676853;Platelet
19.82272;4.4729695;Platelet
19.916943;4.3341026;Platelet
19.783888;5.505147;Platelet
19.677534;3.194623;Platelet
-4.3669925;3.1346743;Platelet
19.918299;3.1432896;Platelet
20.690302;3.783107;Platelet
19.900337;4.6022806;Platelet
19.696947;4.7774606;Platelet
19.643917;3.0646565;Platelet
20.627455;4.814571;Platelet
19.47027;3.5160825;Platelet
20.85572;5.10876;Platelet
19.992884;3.7529695;Platelet
-4.1501064;3.1663632;Platelet
-3.9811141;3.0336275;Platelet
20.425737;4.7890854;Platelet
19.760798;5.609931;Platelet
20.266926;4.4325438;Platelet
-4.1498823;3.0414228;Platelet
19.347862;3.3091125;Platelet
20.881598;4.818748;Platelet
-4.0809946;3.0269663;Platelet
19.365103;2.9765673;Platelet
20.003336;3.5705643;Platelet
20.224796;3.797413;Platelet
20.190649;3.4547174;Platelet
20.105125;4.918297;Platelet
20.99613;4.9589067;Platelet
-4.0769815;3.012105;Platelet
20.067656;3.5991793;Platelet
20.295538;5.93638;Platelet
20.13432;4.457097;Platelet
20.173117;3.8086996;Platelet
-4.142256;3.2785704;Platelet
20.144423;3.2000656;Platelet
19.951006;6.136728;Platelet
20.938972;5.152998;Platelet
20.003237;4.0051727;Platelet
19.993265;6.141311;Platelet
21.03793;5.0430923;Platelet
19.510126;3.2185612;Platelet
20.056313;3.2429378;Platelet
-3.8617785;3.0191522;Platelet
19.449732;2.9707413;Platelet
-4.087602;3.1918275;Platelet
20.002672;3.4727886;Platelet
19.98993;4.7387075;Platelet
20.36522;3.433911;Platelet
20.924408;4.177528;Platelet
20.795422;4.134564;Platelet
20.382257;3.9881995;Platelet
20.7159;5.042615;Platelet
19.531452;3.0877323;Platelet
19.480326;3.253642;Platelet
19.716993;5.137873;Platelet
20.962824;5.1583843;Platelet
19.970903;4.5154986;Platelet
19.572773;4.142104;Platelet
-4.2550707;3.1814313;Platelet
19.440321;3.066461;Platelet
20.784908;3.9780846;Platelet
19.570023;3.632286;Platelet
-4.1055393;3.3953278;Platelet
19.460043;2.7987852;Platelet
20.791588;4.891585;Platelet
19.517931;4.2172017;Platelet
20.18237;3.241309;Platelet
19.870523;4.547526;Platelet
20.331215;4.8361826;Platelet
20.331493;4.293215;Platelet
20.256401;4.0044055;Platelet
19.872734;4.3601646;Platelet
19.683668;3.8248014;Platelet
19.474869;3.099221;Platelet
19.483917;3.080656;Platelet
19.863586;3.4822552;Platelet
20.662918;4.6911855;Platelet
20.589462;3.814031;Platelet
20.725204;4.708213;Platelet
19.450687;3.8780112;Platelet
20.520412;5.23731;Platelet
20.59342;4.5855155;Platelet
19.989353;4.3014255;Platelet
20.303556;2.9529607;Platelet
20.598598;3.8436518;Platelet
19.540562;3.1496444;Platelet
20.796057;4.1372113;Platelet
20.205933;4.1459203;Platelet
19.99125;3.6308007;Platelet
20.307468;4.230597;Platelet
19.503788;2.961985;Platelet
-3.8848422;2.9871807;Platelet
19.33915;3.2588634;Platelet
-4.4395366;3.1474044;Platelet
20.310093;4.8702707;Platelet
20.076982;3.3826964;Platelet
-3.9975145;3.0289695;Platelet
20.173138;4.321623;Platelet
20.39767;3.8544977;Platelet
19.932693;3.841627;Platelet
20.535341;4.2349553;Platelet
-4.1354637;3.4407735;Platelet
-3.9872355;3.0155432;Platelet
-4.4004745;3.1279182;Platelet
20.379301;3.4628956;Platelet
20.709383;3.986942;Platelet
20.370903;4.1739845;Platelet
-4.187926;3.3459172;Platelet
20.334938;3.244477;Platelet
-4.438725;3.1396215;Platelet
20.581242;3.2191854;Platelet
-3.9542546;3.0189998;Platelet
19.882193;4.46454;Platelet
20.808113;4.325395;Platelet
19.990503;3.7022774;Platelet
20.621502;3.2092109;Platelet
20.216202;3.7655315;Platelet
19.63619;3.9533947;Platelet
19.715757;4.27696;Platelet
21.043558;5.085219;Platelet
20.946867;4.307133;Platelet
20.237246;3.6001327;Platelet
19.40851;3.446476;Platelet
19.55028;2.7330477;Platelet
20.928114;4.0085354;Platelet
20.138447;3.790416;Platelet
20.102814;4.4992766;Platelet
19.493975;3.1788275;Platelet
20.817553;3.9499576;Platelet
20.20851;5.228328;Platelet
-4.082462;3.1193922;Platelet
20.066496;4.5678988;Platelet
19.924534;6.1525865;Platelet
20.188457;3.902051;Platelet
19.710117;5.321739;Platelet
20.308313;4.8837337;Platelet
19.715836;5.144536;Platelet
20.18097;5.433526;Platelet
-3.981631;3.2981846;Platelet
19.533018;3.2474337;Platelet
19.258286;3.941816;Platelet
21.041754;5.0516696;Platelet
20.58444;5.0837746;Platelet
19.993364;3.7464514;Platelet
19.965538;6.1901236;Platelet
19.638643;4.3677077;Platelet
19.592812;3.2427769;Platelet
19.402466;3.6431797;Platelet
20.563753;4.8551483;Platelet
19.873966;4.652255;Platelet
-4.466737;3.1329794;Platelet
19.448751;3.1004574;Platelet
-4.1676207;3.0771804;Platelet
20.823318;5.2018223;Platelet
20.302446;5.1496706;Platelet
20.378735;5.9191713;Platelet
19.650932;4.675978;Platelet
20.699083;4.409297;Platelet
19.904566;4.633253;Platelet
19.846666;5.3915014;Platelet
19.950907;4.1432867;Platelet
20.848742;5.1440105;Platelet
20.682335;4.940824;Platelet
-4.100853;3.1261463;Platelet
19.733519;5.070298;Platelet
19.43535;3.0999749;Platelet
-3.9427185;3.1321492;Platelet
19.42655;2.678637;Platelet
20.06246;6.112946;Platelet
19.622686;4.4813924;Platelet
20.741253;3.6783004;Platelet
20.436193;3.4326792;Platelet
19.51609;4.0986447;Platelet
20.76764;5.2598996;Platelet
19.580853;3.1519568;Platelet
20.220695;3.9522378;Platelet
19.253483;4.1692386;Platelet
-1.6128079;-1.9772056;Platelet
20.329973;5.822666;Platelet
19.876104;3.8928392;Platelet
19.727457;4.4161906;Platelet
20.416235;4.6357746;Platelet
19.769949;5.187376;Platelet
20.739912;4.496167;Platelet
19.794138;5.43037;Platelet
20.194725;4.216086;Platelet
-3.9593909;3.2017744;Platelet
20.290703;5.7437263;Platelet
20.350864;3.0437124;Platelet
19.552607;2.6877058;Platelet
20.031414;4.9191437;Platelet
20.21675;3.5747728;Platelet
19.666529;4.7780557;Platelet
-4.0848284;3.3272977;Platelet
20.48026;3.0941699;Platelet
19.48693;3.2016263;Platelet
20.043922;3.5322998;Platelet
-3.8362553;3.0095947;Platelet
20.249676;4.7442527;Platelet
20.132812;3.8577843;Platelet
20.695435;4.8472757;Platelet
19.295904;3.876691;Platelet
20.35589;3.9861388;Platelet
19.736639;5.5024343;Platelet
19.887142;3.4252725;Platelet
20.59318;3.1892037;Platelet
20.954077;4.1210027;Platelet
20.408201;3.4409442;Platelet
19.76614;4.015833;Platelet
19.545889;4.681982;Platelet
19.822918;6.1248918;Platelet
20.96105;4.210042;Platelet
19.679535;4.6479816;Platelet
19.653917;3.212847;Platelet
20.566074;4.2649865;Platelet
20.04511;4.1189256;Platelet
20.21099;3.4544191;Platelet
19.488441;2.6863828;Platelet
20.157898;3.2240183;Platelet
20.431658;3.8538282;Platelet
20.962297;4.2142415;Platelet
19.793222;3.9422805;Platelet
19.574196;3.4554205;Platelet
19.984968;3.6229193;Platelet
20.630503;4.915983;Platelet
20.20276;4.147444;Platelet
19.873486;4.7404556;Platelet
20.695036;4.6559806;Platelet
19.489637;3.018633;Platelet
19.817972;5.2412944;Platelet
19.914717;5.3350053;Platelet
-3.9992275;3.2971373;Platelet
19.562914;3.9706883;Platelet
19.686188;3.967953;Platelet
-4.003835;3.0703912;Platelet
20.745518;5.336363;Platelet
19.66005;4.710759;Platelet
20.079685;4.8743534;Platelet
19.493494;3.8701081;Platelet
19.516466;3.3235357;Platelet
20.083279;4.836237;Platelet
19.407711;2.7595165;Platelet
20.88849;4.961262;Platelet
20.953896;4.8143473;Platelet
20.214039;4.4713335;Platelet
20.01415;3.7122262;Platelet
20.832018;4.255689;Platelet
-4.2807975;3.316861;Platelet
20.04621;4.1967244;Platelet
20.237726;3.7989304;Platelet
20.116076;5.0850205;Platelet
19.662558;2.8208125;Platelet
19.670603;4.598995;Platelet
20.47369;3.1902008;Platelet
19.676691;3.1029363;Platelet
19.3979;2.719062;Platelet
20.114052;4.591887;Platelet
21.040537;5.0579877;Platelet
19.574108;4.2418437;Platelet
19.700968;4.8959126;Platelet
-1.6128074;-1.977262;Platelet
19.57278;5.0407605;Platelet
20.234089;4.8588896;Platelet
19.673197;5.0869565;Platelet
20.82673;4.1560745;Platelet
20.3545;4.751106;Platelet
19.66224;3.8959932;Platelet
20.210037;3.7495863;Platelet
19.540735;2.6547396;Platelet
-4.542203;3.1288075;Platelet
19.482641;3.1884947;Platelet
19.947277;4.097682;Platelet
20.753021;4.7196507;Platelet
-4.069791;3.2163968;Platelet
20.05501;4.054603;Platelet
19.817692;6.168042;Platelet
19.295803;3.9140651;Platelet
19.915989;6.096629;Platelet
20.09548;5.8717184;Platelet
20.427084;2.9963958;Platelet
20.055601;6.1310015;Platelet
19.850042;6.137795;Platelet
20.593727;5.033357;Platelet
19.80919;4.502359;Platelet
20.10485;3.2461674;Platelet
19.939085;4.660291;Platelet
20.699982;3.7642186;Platelet
19.872957;3.752919;Platelet
19.725452;4.566488;Platelet
19.571535;4.739843;Platelet
20.212868;6.084593;Platelet
20.315895;6.034422;Platelet
-3.997876;3.2366939;Platelet
19.622147;2.7463632;Platelet
19.40808;2.8023114;Platelet
20.038376;6.1300454;Platelet
20.227037;4.372993;Platelet
19.463701;4.5295467;Platelet
20.224672;4.2040467;Platelet
20.832882;5.275572;Platelet
20.373112;4.709362;Platelet
20.696352;5.224025;Platelet
19.843258;4.586023;Platelet
20.416296;3.6521428;Platelet
20.267267;4.2382135;Platelet
19.846064;3.735106;Platelet
19.885757;5.2464533;Platelet
20.110985;6.0780897;Platelet
19.4502;3.968192;Platelet
19.81441;4.1911807;Platelet
20.521626;4.662304;Platelet
20.404339;3.1101658;Platelet
19.560385;3.2967317;Platelet
19.701927;5.1356816;Platelet
-4.51377;3.1274323;Platelet
19.979275;3.2787573;Platelet
20.055794;3.4330733;Platelet
20.580095;3.3006766;Platelet
19.66129;4.2165995;Platelet
19.791267;3.8002176;Platelet
19.913317;6.244346;Platelet
19.865232;6.1123414;Platelet
-1.6136706;-1.9772068;Platelet
20.17427;4.162419;Platelet
19.82739;6.1187015;Platelet
20.570482;3.8589082;Platelet
19.762775;4.225602;Platelet
20.924725;4.030895;Platelet
20.179756;4.046477;Platelet
19.846554;4.5645247;Platelet
20.394829;3.3574808;Platelet
20.121595;3.6542916;Platelet
20.58433;4.8998146;Platelet
20.809334;4.0046577;Platelet
19.335186;3.9594855;Platelet
20.29428;4.3107715;Platelet
-4.1451726;3.251997;Platelet
-1.6129233;-1.9772571;Platelet
19.969877;4.7026925;Platelet
19.558884;4.920997;Platelet
20.388447;4.0023055;Platelet
20.650377;4.9474936;Platelet
19.905575;3.6951766;Platelet
20.92544;3.9199154;Platelet
20.228613;6.0281715;Platelet
20.066412;6.0928936;Platelet
19.829779;4.6780396;Platelet
20.188532;4.3887076;Platelet
19.573385;4.855076;Platelet
19.519129;2.653665;Platelet
20.0822;5.349881;Platelet
19.788132;4.550184;Platelet
19.407314;4.0892596;Platelet
20.156618;3.0094461;Platelet
19.402208;2.7469134;Platelet
20.432373;5.2761345;Platelet
-4.335012;3.2758763;Platelet
20.555592;3.2666664;Platelet
20.395315;3.5610363;Platelet
19.57488;3.1345236;Platelet
20.40522;3.9479105;Platelet
-3.939273;3.0506597;Platelet
20.780441;4.953744;Platelet
20.258303;3.8230023;Platelet
19.48116;3.085878;Platelet
20.553614;3.272115;Platelet
-3.9193258;3.0279207;Platelet
19.83569;6.165764;Platelet
20.354258;4.126697;Platelet
-4.064129;3.209698;Platelet
20.880968;4.6271973;Platelet
19.626244;3.1020527;Platelet
20.093197;4.9949985;Platelet
-4.39677;3.0569055;Platelet
-1.6129974;-1.9772967;Platelet
20.426762;3.7887523;Platelet
20.560951;3.6352115;Platelet
20.61277;4.983044;Platelet
20.346283;4.094788;Platelet
20.074396;3.220402;Platelet
19.679676;5.274355;Platelet
20.116684;6.0806966;Platelet
20.333454;3.53994;Platelet
19.701649;4.438141;Platelet
-4.464801;3.1596408;Platelet
20.300869;4.188318;Platelet
19.71046;4.578835;Platelet
20.02877;3.9642527;Platelet
20.253716;4.0717173;Platelet
20.550184;4.278995;Platelet
19.797432;5.429224;Platelet
20.549074;3.1961079;Platelet
19.470957;4.490337;Platelet
19.706503;4.3372455;Platelet
20.608105;4.4702144;Platelet
-4.383663;3.1475792;Platelet
19.560804;3.0557568;Platelet
19.94597;4.921018;Platelet
20.038477;3.987358;Platelet
-4.130246;3.3315804;Platelet
19.680014;4.5169864;Platelet
-4.5144906;3.1878388;Platelet
19.527502;4.4985914;Platelet
20.100426;5.281396;Platelet
19.708776;3.762813;Platelet
19.523186;4.200322;Platelet
19.882998;4.682206;Platelet
20.201826;3.848441;Platelet
-4.060519;3.2897046;Platelet
19.937897;4.9441447;Platelet
19.59299;5.010917;Platelet
19.44827;3.1785748;Platelet
19.778795;2.742257;Platelet
19.323965;3.818234;Platelet
20.380388;4.9437304;Platelet
19.83606;6.143879;Platelet
19.700266;4.716847;Platelet
19.824871;4.624524;Platelet
19.67772;4.471078;Platelet
20.697506;3.2446039;Platelet
20.676054;4.0254445;Platelet
20.124826;4.633538;Platelet
20.768484;5.5008984;Platelet
20.032724;5.0278106;Platelet
20.278746;3.5716448;Platelet
20.474936;4.794217;Platelet
19.5322;3.0982463;Platelet
20.717848;4.5883613;Platelet
19.849045;5.285932;Platelet
19.79533;4.7278495;Platelet
19.75028;3.406277;Platelet
19.843933;5.5863113;Platelet
20.439764;4.6124377;Platelet
19.756058;4.994233;Platelet
19.76188;5.59043;Platelet
19.436646;2.7547133;Platelet
21.015081;4.943947;Platelet
20.198359;3.765307;Platelet
19.759212;3.988729;Platelet
19.953411;4.8905435;Platelet
19.877268;5.3642163;Platelet
19.708942;4.6312556;Platelet
20.765453;3.9845939;Platelet
20.715397;4.084043;Platelet
20.339651;3.6378353;Platelet
19.907923;6.086311;Platelet
19.91239;6.179183;Platelet
20.438023;3.6723762;Platelet
20.334015;4.913044;Platelet
20.313835;3.4708052;Platelet
-4.0801454;3.21396;Platelet
20.158691;3.9105215;Platelet
19.688519;3.7673578;Platelet
20.481659;4.747823;Platelet
-3.8361523;2.9837894;Platelet
20.396471;5.7061477;Platelet
-3.936967;3.0233026;Platelet
19.920252;4.033248;Platelet
19.312151;3.8989296;Platelet
19.914944;4.3028913;Platelet
20.099949;4.363759;Platelet
20.047167;3.2856362;Platelet
20.297134;4.9683156;Platelet
19.955193;6.102208;Platelet
20.764542;3.4458013;Platelet
20.058702;4.08686;Platelet
19.762363;3.7369568;Platelet
-4.2579618;3.3421082;Platelet
20.010204;4.979017;Platelet
20.755903;4.274572;Platelet
-4.06989;3.1920836;Platelet
19.619461;4.7445774;Platelet
19.813839;6.11246;Platelet
20.981344;4.3819532;Platelet
20.147377;3.216261;Platelet
-3.9737074;3.1098976;Platelet
19.820778;3.6004264;Platelet
19.736567;4.267552;Platelet
20.221043;5.0849104;Platelet
19.723911;4.2193274;Platelet
20.849527;5.20292;Platelet
-3.9145176;3.0231702;Platelet
20.761198;5.44683;Platelet
19.833748;6.2365003;Platelet
19.797626;3.2462752;Platelet
19.784462;5.3368325;Platelet
20.173094;4.290248;Platelet
-4.4964643;3.1358104;Platelet
20.833164;4.533665;Platelet
20.647247;3.5863361;Platelet
19.799078;4.946188;Platelet
20.190063;4.0234127;Platelet
19.49285;3.9678123;Platelet
20.17725;5.0533977;Platelet
20.345968;6.032361;Platelet
20.349695;6.013018;Platelet
19.898293;4.749694;Platelet
20.221708;5.058363;Platelet
20.229969;4.168186;Platelet
19.9961;5.0701137;Platelet
20.904264;4.853253;Platelet
20.330702;4.1673956;Platelet
20.136246;5.8523684;Platelet
-3.993749;3.151536;Platelet
19.983904;6.1221585;Platelet
20.035349;4.970054;Platelet
20.582214;4.0892115;Platelet
-3.894295;3.1435363;Platelet
21.005785;4.278084;Platelet
19.699287;4.230038;Platelet
19.525213;2.7098923;Platelet
19.774849;5.49466;Platelet
-4.025415;3.342908;Platelet
20.719841;3.7620363;Platelet
20.381153;5.558364;Platelet
20.160376;4.530716;Platelet
20.005808;3.4819505;Platelet
20.053015;4.1927285;Platelet
19.406134;3.5435746;Platelet
19.986916;3.903578;Platelet
-4.398906;3.2028327;Platelet
20.015272;3.8449852;Platelet
20.514946;3.5910914;Platelet
20.593716;4.7902765;Platelet
19.634777;4.372108;Platelet
20.832546;3.8419673;Platelet
20.41084;3.0712328;Platelet
20.22201;2.931763;Platelet
19.404076;2.9520512;Platelet
20.815561;3.7736063;Platelet
19.712704;3.6695561;Platelet
19.784067;5.6877418;Platelet
-1.6127404;-1.9773054;Platelet
20.233583;3.0263042;Platelet
19.613388;5.1559505;Platelet
-4.2702446;3.2699165;Platelet
20.94305;3.9561164;Platelet
-3.8697045;3.0124314;Platelet
19.924088;4.291247;Platelet
20.43082;4.0259767;Platelet
-3.9398558;3.0274005;Platelet
20.323431;4.7897696;Platelet
19.511166;3.1504374;Platelet
-1.6128321;-1.9772458;Platelet
19.839478;5.78628;Platelet
20.053068;4.9686384;Platelet
19.481747;2.981811;Platelet
-4.254422;3.0760782;Platelet
20.074793;6.1338496;Platelet
20.288145;3.8851311;Platelet
-4.2199144;3.0953858;Platelet
20.24054;5.430494;Platelet
-4.456105;3.0639598;Platelet
19.834364;6.1743817;Platelet
20.61904;4.7234116;Platelet
-4.2204666;3.0813844;Platelet
20.462515;4.33177;Platelet
-3.9660132;3.019556;Platelet
20.070932;3.4958947;Platelet
19.714552;5.531651;Platelet
20.263025;5.6121984;Platelet
20.33651;2.9917808;Platelet
19.891634;5.3691792;Platelet
19.497463;3.3511457;Platelet
-4.0883512;3.5196555;Platelet
20.15639;4.93536;Platelet
20.056879;4.013063;Platelet
19.562452;4.2821336;Platelet
20.534372;4.39842;Platelet
-4.0963674;3.2005887;Platelet
19.888271;3.4905527;Platelet
19.293398;2.8226001;Platelet
19.967503;3.7389495;Platelet
-4.133206;3.3471522;Platelet
20.58336;3.2865548;Platelet
20.110104;3.2770114;Platelet
20.334902;4.4897914;Platelet
-3.9667704;3.3385937;Platelet
20.589659;3.3314757;Platelet
20.302908;5.359529;Platelet
-3.8821883;3.04029;Platelet
19.714891;3.2204416;Platelet
20.868896;4.9556108;Platelet
20.453821;4.3176394;Platelet
-3.9813585;3.2742138;Platelet
20.535069;3.7374396;Platelet
20.290905;5.439581;Platelet
19.882887;4.538945;Platelet
19.383457;2.6808918;Platelet
20.208294;4.026873;Platelet
-4.2972326;3.1081412;Platelet
19.84405;5.1964116;Platelet
20.056553;5.3166046;Platelet
19.83373;4.592591;Platelet
19.885553;4.191916;Platelet
-4.2615843;3.3807988;Platelet
20.2818;4.675398;Platelet
20.601898;5.0161266;Platelet
20.139524;3.4748778;Platelet
20.371552;3.6350682;Platelet
-4.4538136;3.1224995;Platelet
19.408913;3.7820075;Platelet
19.294664;3.6582193;Platelet
19.815657;3.1472747;Platelet
20.125414;4.501726;Platelet
20.944948;4.9493175;Platelet
20.752087;4.7042327;Platelet
20.482828;4.8367796;Platelet
20.945246;4.9236474;Platelet
19.389874;3.9039187;Platelet
-4.1577883;3.114476;Platelet
20.873785;3.7501009;Platelet
19.699636;5.289982;Platelet
19.659157;3.4473755;Platelet
21.016273;4.9773736;Platelet
19.808521;4.6773973;Platelet
20.291986;5.7194176;Platelet
19.465336;2.785936;Platelet
19.853558;3.21693;Platelet
19.749174;4.673461;Platelet
19.901443;3.6366634;Platelet
20.237226;3.5320437;Platelet
20.224476;4.609869;Platelet
19.646729;4.669994;Platelet
20.637882;4.429294;Platelet
20.150578;4.930849;Platelet
19.843126;6.138272;Platelet
19.97705;6.1557226;Platelet
19.68025;5.147148;Platelet
20.126122;4.649481;Platelet
20.253077;6.0040617;Platelet
20.631523;4.0876493;Platelet
20.009512;4.93408;Platelet
-4.055442;3.4463336;Platelet
19.387094;3.0204542;Platelet
20.210428;3.4328282;Platelet
-3.8579292;3.043776;Platelet
20.097378;4.6102753;Platelet
19.92491;3.7875986;Platelet
20.488981;3.6452339;Platelet
19.772448;5.0088544;Platelet
19.534967;2.6389194;Platelet
-3.770303;3.0124848;Platelet
-3.9466145;3.0579605;Platelet
19.45497;3.0908267;Platelet
19.546272;2.6663363;Platelet
20.441729;4.057942;Platelet
19.966372;4.830855;Platelet
20.047693;4.4895177;Platelet
19.59335;4.812431;Platelet
20.194614;5.892367;Platelet
19.401608;2.7588148;Platelet
20.35042;6.0371003;Platelet
19.295261;3.9543388;Platelet
20.323538;4.3210454;Platelet
-3.8485103;3.1974351;Platelet
20.2224;3.7942092;Platelet
20.89529;5.0313253;Platelet
19.992188;6.069878;Platelet
-3.9001005;3.2204213;Platelet
20.580978;5.4460125;Platelet
20.12575;5.3547754;Platelet
19.742077;4.298139;Platelet
19.720844;5.240586;Platelet
19.914534;3.7147682;Platelet
19.652386;4.8708;Platelet
20.391588;3.8159199;Platelet
20.638264;3.427597;Platelet
20.687649;4.3895516;Platelet
-4.478127;3.2073755;Platelet
19.93453;4.4670835;Platelet
19.991678;3.7190056;Platelet
-4.4778614;3.1750276;Platelet
19.559689;5.061521;Platelet
20.303722;4.90462;Platelet
20.147718;4.4877076;Platelet
19.563982;2.7594962;Platelet
19.694647;4.4464393;Platelet
20.615742;5.099106;Platelet
19.393452;3.7376442;Platelet
20.13603;4.6112523;Platelet
20.624594;3.7243202;Platelet
19.78721;3.8550093;Platelet
-4.1755967;3.115897;Platelet
19.590366;4.25712;Platelet
20.126976;3.343658;Platelet
20.13758;4.3022614;Platelet
19.65385;4.6257677;Platelet
20.45988;3.5283134;Platelet
20.796032;4.9025745;Platelet
19.928305;5.465206;Platelet
-4.0871806;3.1240857;Platelet
20.481993;3.2567706;Platelet
20.157404;3.0765328;Platelet
20.582724;3.3089566;Platelet
19.667933;5.100835;Platelet
20.119171;4.684926;Platelet
20.50523;4.6976337;Platelet
19.981842;4.6998878;Platelet
21.034801;5.0573826;Platelet
19.379837;2.8197107;Platelet
20.240154;5.696741;Platelet
20.45145;3.457097;Platelet
20.603975;4.7642856;Platelet
19.511238;3.1071692;Platelet
19.785427;4.173581;Platelet
19.853863;4.6213737;Platelet
20.113253;3.6753452;Platelet
19.854597;3.2365503;Platelet
-4.4132037;3.0915444;Platelet
-4.243068;3.2103496;Platelet
19.977009;4.5338373;Platelet
-3.8819118;3.0012517;Platelet
19.92418;4.807773;Platelet
20.563375;3.5984347;Platelet
-4.5505056;3.179276;Platelet
19.892387;6.126441;Platelet
-4.065533;3.243597;Platelet
19.92597;4.495672;Platelet
20.501757;3.51038;Platelet
20.291744;4.484587;Platelet
20.913889;5.1687355;Platelet
-3.993336;3.3771913;Platelet
19.487177;4.139337;Platelet
20.658955;5.685289;Platelet
20.379519;3.9737492;Platelet
19.63717;3.8446581;Platelet
19.901094;4.527936;Platelet
20.755754;4.0833;Platelet
-3.917695;3.1617596;Platelet
-4.504602;3.1313453;Platelet
20.829767;5.1232495;Platelet
20.998919;4.267667;Platelet
19.539291;4.634671;Platelet
19.648626;4.701879;Platelet
20.021189;4.562296;Platelet
20.746113;3.5480683;Platelet
19.797186;3.8508596;Platelet
19.89069;3.7156217;Platelet
-3.8736386;2.986106;Platelet
19.521893;2.916056;Platelet
19.544441;4.3133826;Platelet
-4.051398;3.1957061;Platelet
-3.8716433;3.060711;Platelet
20.18103;3.8663347;Platelet
20.452394;3.3306313;Platelet
20.6737;3.7384436;Platelet
19.771936;3.8192656;Platelet
19.975584;3.478264;Platelet
19.871126;4.4352098;Platelet
20.904924;5.0250797;Platelet
-3.820007;3.0715055;Platelet
20.211037;4.256917;Platelet
20.05925;4.6448283;Platelet
19.855343;6.1549144;Platelet
-3.8763278;3.003183;Platelet
19.57324;4.2038975;Platelet
20.485764;3.8801954;Platelet
-3.8963926;3.1638637;Platelet
-4.1693344;3.050427;Platelet
-3.9088607;2.9559157;Platelet
20.065054;3.4538298;Platelet
19.859558;5.2072;Platelet
19.926334;3.917369;Platelet
19.71867;5.330909;Platelet
19.416708;2.830693;Platelet
19.934402;6.105465;Platelet
20.93635;4.176804;Platelet
20.33632;5.2234535;Platelet
19.957006;5.185904;Platelet
20.914936;4.2986526;Platelet
19.61685;4.836879;Platelet
20.205187;3.4641345;Platelet
20.584557;5.3881135;Platelet
20.056244;4.288691;Platelet
19.907421;3.7547817;Platelet
-3.851489;3.0439143;Platelet
20.389936;4.726519;Platelet
19.779047;4.5589542;Platelet
-4.0156317;2.9292226;Platelet
19.841103;3.4849546;Platelet
19.963478;3.4748614;Platelet
19.763643;2.805881;Platelet
20.496233;3.46338;Platelet
19.815222;3.4104095;Platelet
19.794619;3.7482407;Platelet
-4.203257;3.3496287;Platelet
20.419498;3.4084837;Platelet
19.692549;4.538359;Platelet
-4.0611563;3.284727;Platelet
20.28571;3.8763442;Platelet
20.486616;3.1726503;Platelet
19.70455;4.802966;Platelet
20.12609;4.718886;Platelet
19.496082;2.7955399;Platelet
-3.9987369;3.1678028;Platelet
20.63212;5.279906;Platelet
19.623587;3.0635788;Platelet
19.424568;3.0681844;Platelet
20.869001;4.657629;Platelet
20.474379;4.4369755;Platelet
-3.9908597;3.1675072;Platelet
19.995403;4.827597;Platelet
-4.2087307;3.1799347;Platelet
20.195377;4.723195;Platelet
19.77742;4.569404;Platelet
19.780874;5.608458;Platelet
20.415388;4.145383;Platelet
20.6521;4.723223;Platelet
20.099762;4.8658204;Platelet
20.328224;3.0817916;Platelet
19.81522;4.616048;Platelet
20.268393;6.05612;Platelet
20.030302;5.116214;Platelet
-4.5429673;3.1270297;Platelet
20.720022;4.5874157;Platelet
20.242424;3.2616446;Platelet
-4.1119056;3.0264256;Platelet
19.814926;4.849754;Platelet
20.298616;3.418679;Platelet
-3.9060564;3.0138824;Platelet
20.187717;5.412127;Platelet
19.537998;3.6448798;Platelet
-4.2799764;3.3319423;Platelet
20.135542;4.029495;Platelet
20.88199;4.219169;Platelet
19.95884;4.8260217;Platelet
19.783325;2.917711;Platelet
20.6322;3.2428288;Platelet
-3.9725156;3.0009286;Platelet
19.852467;6.1375446;Platelet
19.545017;5.0887446;Platelet
20.076057;3.9441087;Platelet
-4.3746085;3.1876183;Platelet
-4.253369;3.1076229;Platelet
19.360123;2.9871323;Platelet
20.283987;3.6808057;Platelet
19.790085;4.5780096;Platelet
-4.4202285;3.1993234;Platelet
-3.938843;2.9315174;Platelet
19.298803;3.7511466;Platelet
-1.6129228;-1.97728;Platelet
20.731382;4.5466657;Platelet
21.027424;4.966425;Platelet
20.07766;4.7885437;Platelet
19.54583;4.29428;Platelet
20.09806;6.104885;Platelet
-3.9141068;3.1948338;Platelet
19.858366;6.159633;Platelet
20.48615;3.524518;Platelet
20.62942;4.8524537;Platelet
19.810768;6.1677375;Platelet
-4.5615387;3.158165;Platelet
20.400217;4.346846;Platelet
20.53992;3.2911582;Platelet
19.636017;3.4865773;Platelet
20.173239;3.8823907;Platelet
-4.2372403;3.156978;Platelet
19.54715;4.872085;Platelet
20.143133;4.0535564;Platelet
19.58707;2.7752824;Platelet
20.21913;4.164186;Platelet
20.52125;3.0919244;Platelet
20.137794;4.893039;Platelet
20.400385;4.6378293;Platelet
20.423882;3.3207963;Platelet
19.882435;4.4534082;Platelet
20.908497;4.113896;Platelet
19.451687;2.76598;Platelet
19.734207;5.326092;Platelet
20.394833;3.5624878;Platelet
20.323689;4.027405;Platelet
20.450037;3.3113856;Platelet
19.475073;3.4607043;Platelet
-4.3811183;3.1231499;Platelet
-4.310386;3.1808963;Platelet
20.71104;4.8161917;Platelet
19.719938;4.9235168;Platelet
20.179455;6.0910497;Platelet
19.616;4.1497946;Platelet
20.354239;5.2110457;Platelet
20.646404;4.341701;Platelet
19.506966;3.1988747;Platelet
20.24694;4.6182537;Platelet
19.882437;4.642242;Platelet
19.78897;3.6306474;Platelet
20.308035;4.7884946;Platelet
19.40975;3.7362409;Platelet
20.26823;5.9634347;Platelet
-4.099562;3.0535762;Platelet
20.758625;4.2593265;Platelet
20.22253;3.7526786;Platelet
20.067158;4.453976;Platelet
20.49618;3.7417243;Platelet
20.993265;5.0194755;Platelet
-4.15711;3.2684097;Platelet
-4.2218003;3.2573135;Platelet
19.406551;2.767765;Platelet
20.221395;5.967808;Platelet
20.96698;4.1851153;Platelet
19.992723;3.3399708;Platelet
-3.7559988;2.9338095;Platelet
20.0;3.845313;Platelet
19.85416;6.174098;Platelet
20.104033;6.0855637;Platelet
19.750883;5.7275057;Platelet
19.827446;3.7477195;Platelet
20.645847;5.411416;Platelet
19.497274;2.6893408;Platelet
19.42327;2.769987;Platelet
19.523277;3.30383;Platelet
20.049913;3.537799;Platelet
20.000889;4.736725;Platelet
20.043846;6.106588;Platelet
19.903355;4.0610313;Platelet
19.412012;3.0144413;Platelet
-4.340941;3.1971776;Platelet
-4.046807;3.0075912;Platelet
20.997389;4.1510334;Platelet
20.174482;3.714508;Platelet
20.129677;4.14293;Platelet
19.764456;3.2441308;Platelet
20.026817;3.730811;Platelet
20.46077;3.1772168;Platelet
20.031378;3.8412132;Platelet
-4.4830585;3.1990287;Platelet
20.08094;6.1226764;Platelet
19.763412;4.401916;Platelet
19.798615;4.8895745;Platelet
20.063318;3.5855412;Platelet
-3.977018;3.285581;Platelet
20.316854;3.231094;Platelet
19.51342;4.0383554;Platelet
19.859116;4.269538;Platelet
20.692623;3.7790716;Platelet
19.92408;3.6741893;Platelet
19.816008;6.1528544;Platelet
20.49316;3.1297565;Platelet
20.692759;4.5798373;Platelet
20.064203;3.7195826;Platelet
19.882463;5.0044484;Platelet
20.187029;4.022437;Platelet
-4.3911014;3.1036687;Platelet
20.134918;3.5589364;Platelet
20.159384;3.657533;Platelet
19.853245;6.1654835;Platelet
-4.5333605;3.1228864;Platelet
-3.858933;2.9887292;Platelet
19.625778;3.146514;Platelet
19.835785;5.4704876;Platelet
20.622684;5.5921826;Platelet
19.779;4.55492;Platelet
20.059446;5.1641583;Platelet
20.15007;3.4187586;Platelet
20.93131;4.211314;Platelet
20.491152;3.252508;Platelet
-4.1607857;2.9619057;Platelet
19.517027;3.2320988;Platelet
-4.2976494;3.2153165;Platelet
19.905523;3.5193505;Platelet
-3.9932544;2.9612434;Platelet
19.581154;4.4863725;Platelet
20.531221;3.3735988;Platelet
-4.154186;3.0620394;Platelet
20.34254;3.1699538;Platelet
20.069096;3.3668349;Platelet
20.560684;3.6910775;Platelet
20.149508;3.865116;Platelet
-3.8797786;3.0418012;Platelet
19.542923;3.1792738;Platelet
20.520422;4.903985;Platelet
19.874971;6.0486536;Platelet
19.672491;5.4343314;Platelet
20.02226;4.017505;Platelet
19.575624;2.7974346;Platelet
-4.0929456;3.2975216;Platelet
20.814756;5.1046176;Platelet
20.209866;4.853955;Platelet
19.944386;5.30986;Platelet
20.046795;5.284856;Platelet
-4.300132;3.1644967;Platelet
20.379623;3.3171122;Platelet
19.49765;4.237431;Platelet
20.42947;4.3431573;Platelet
20.704323;3.4053345;Platelet
19.496033;3.3294625;Platelet
20.02359;5.53843;Platelet
19.75143;3.2253125;Platelet
20.613289;3.4476044;Platelet
-4.300728;3.252739;Platelet
19.742954;3.9773943;Platelet
19.76083;5.093388;Platelet
20.299456;3.8945577;Platelet
20.890347;5.220854;Platelet
20.588411;4.221567;Platelet
-4.469423;3.186013;Platelet
20.853966;4.3102384;Platelet
19.820438;5.1812534;Platelet
20.130966;3.049022;Platelet
20.033627;3.4536855;Platelet
19.577526;3.8234007;Platelet
20.103125;3.5085213;Platelet
19.37469;2.676367;Platelet
20.29204;3.0280337;Platelet
19.356277;3.5679774;Platelet
19.764439;4.6805367;Platelet
-4.180386;3.0636902;Platelet
-4.005229;3.2394304;Platelet
20.082901;6.0881023;Platelet
20.057798;4.0896926;Platelet
20.866182;3.6593099;Platelet
19.880272;5.7274384;Platelet
19.817812;6.1653743;Platelet
19.509798;3.774857;Platelet
20.187786;3.0327601;Platelet
20.575651;4.501003;Platelet
20.469099;3.4508908;Platelet
20.486816;3.2578197;Platelet
20.89848;3.987603;Platelet
19.808336;4.475265;Platelet
20.272175;3.6085837;Platelet
20.090565;6.116855;Platelet
20.261536;4.022944;Platelet
20.377481;4.8821363;Platelet
20.302687;4.2539186;Platelet
20.21675;4.5150065;Platelet
20.732576;4.2524366;Platelet
20.808294;4.192639;Platelet
20.547508;3.1869843;Platelet
-4.038117;3.2269015;Platelet
19.830107;6.167479;Platelet
-4.515434;3.1173146;Platelet
19.792387;3.3022804;Platelet
-4.4707713;3.1056585;Platelet
-4.411464;3.097527;Platelet
-4.029631;3.0166237;Platelet
-4.1216354;3.056696;Platelet
19.536514;3.1490836;Platelet
19.700373;5.463718;Platelet
-3.9122825;3.307388;Platelet
20.4592;3.5503993;Platelet
20.609097;4.2758403;Platelet
20.6722;4.707813;Platelet
19.992867;3.9316843;Platelet
20.286213;4.125822;Platelet
19.726778;4.1276054;Platelet
19.994818;4.300881;Platelet
19.990248;3.2169547;Platelet
-4.034307;3.288332;Platelet
20.213316;6.014058;Platelet
20.387232;3.3363676;Platelet
-4.126575;3.2453701;Platelet
20.163301;4.7355604;Platelet
19.400372;2.7255406;Platelet
20.229647;4.5086217;Platelet
19.842436;3.2018425;Platelet
19.754911;5.7463317;Platelet
20.251883;5.7083135;Platelet
19.88784;4.683632;Platelet
-4.212073;3.4339528;Platelet
-3.8370914;3.0360045;Platelet
20.354813;4.398658;Platelet
20.454731;4.075729;Platelet
19.767162;5.340471;Platelet
19.352737;4.0137463;Platelet
20.41959;4.874236;Platelet
20.20622;3.266332;Platelet
19.573238;3.1850986;Platelet
19.889488;3.724116;Platelet
19.469166;2.694845;Platelet
20.07459;3.6994016;Platelet
20.549881;4.1236196;Platelet
20.201202;5.098921;Platelet
19.482182;3.5061378;Platelet
19.850267;6.0680246;Platelet
20.103931;4.0256224;Platelet
19.48873;2.642764;Platelet
20.655453;4.445795;Platelet
20.492275;4.596005;Platelet
-4.2080464;3.0188763;Platelet
-4.0545845;3.1871092;Platelet
20.316263;6.0459595;Platelet
19.802174;5.139502;Platelet
20.322084;3.3198242;Platelet
-4.0228295;3.0475903;Platelet
20.027102;3.6487432;Platelet
20.480005;4.8553863;Platelet
20.528492;4.997396;Platelet
20.267643;2.8543122;Platelet
-4.193929;3.1630008;Platelet
19.926916;5.077727;Platelet
20.521637;5.0544205;Platelet
20.986546;4.5885983;Platelet
19.936834;3.8669314;Platelet
19.980639;4.45207;Platelet
19.92129;3.5942407;Platelet
20.358149;3.5198112;Platelet
20.279434;4.6648088;Platelet
19.944286;3.7671754;Platelet
20.77743;4.4193926;Platelet
-3.8373876;3.0818172;Platelet
19.641663;4.203244;Platelet
20.437115;3.7889104;Platelet
20.260067;4.9581256;Platelet
20.602882;4.6428123;Platelet
19.826412;6.1487627;Platelet
20.774937;3.8619137;Platelet
20.830975;4.359649;Platelet
20.550335;4.201291;Platelet
19.845898;4.111996;Platelet
20.258604;4.3797054;Platelet
20.237062;3.2059522;Platelet
19.616173;4.1691895;Platelet
-4.516256;3.1246262;Platelet
-4.12843;3.2205634;Platelet
-4.078521;3.0139556;Platelet
19.925985;4.780784;Platelet
19.923243;6.12608;Platelet
20.178686;4.3007584;Platelet
19.82004;4.580028;Platelet
20.50064;4.1987863;Platelet
-4.0171566;3.184084;Platelet
-4.320147;3.1434276;Platelet
20.22299;5.757707;Platelet
19.903011;5.249745;Platelet
-4.4410205;3.1473489;Platelet
20.295298;3.9687612;Platelet
20.2791;3.224751;Platelet
20.192274;4.4473996;Platelet
19.427519;3.8535204;Platelet
20.666822;5.235642;Platelet
19.978434;3.6820421;Platelet
19.86302;4.49966;Platelet
20.480099;3.3947852;Platelet
19.630138;4.2442613;Platelet
19.614338;5.1690044;Platelet
20.398575;3.0332968;Platelet
19.977621;4.3612986;Platelet
20.36034;6.01568;Platelet
20.242413;3.4248002;Platelet
20.974268;4.9271336;Platelet
20.738504;4.313272;Platelet
19.928415;4.754418;Platelet
-3.8711567;3.0050821;Platelet
-3.922769;3.195358;Platelet
20.96289;5.158939;Platelet
20.161385;3.3085105;Platelet
19.615486;4.018878;Platelet
20.218483;4.60783;Platelet
19.966633;3.2854872;Platelet
20.525194;3.342721;Platelet
20.435743;3.98098;Platelet
20.56884;5.1829643;Platelet
19.539738;2.6347394;Platelet
-4.0334616;3.0178456;Platelet
-4.2487698;3.1452022;Platelet
19.72354;4.3778234;Platelet
20.389055;4.6106844;Platelet
19.727997;4.766654;Platelet
19.484104;3.0784817;Platelet
20.33729;4.2169704;Platelet
19.88128;4.0322943;Platelet
19.52105;3.208305;Platelet
-3.917375;3.0355465;Platelet
19.476915;2.8078456;Platelet
20.187439;3.2848642;Platelet
19.94267;4.4175177;Platelet
20.007412;3.973443;Platelet
20.716118;4.7785244;Platelet
19.80916;4.715748;Platelet
20.38003;3.24454;Platelet
20.123749;4.3790174;Platelet
-4.505332;3.1229851;Platelet
19.79422;4.9496403;Platelet
19.762829;4.7671065;Platelet
20.200031;4.015258;Platelet
20.538244;3.907325;Platelet
20.155882;4.156491;Platelet
19.62365;4.409101;Platelet
20.503721;4.697025;Platelet
-4.4719768;3.2854342;Platelet
20.558577;4.645293;Platelet
20.308979;3.1798248;Platelet
19.427885;3.053928;Platelet
19.657782;4.7149105;Platelet
19.320206;3.926384;Platelet
19.91978;6.180367;Platelet
19.685299;5.1227937;Platelet
20.43208;3.1704361;Platelet
20.312977;4.160114;Platelet
19.98999;3.9548993;Platelet
-4.270458;3.0730157;Platelet
19.932892;4.500542;Platelet
20.467354;3.4196162;Platelet
20.37459;5.0501404;Platelet
-4.3447275;3.2182004;Platelet
19.816942;4.290461;Platelet
20.321146;4.2586718;Platelet
20.365057;4.219811;Platelet
19.685593;5.2064586;Platelet
20.50108;3.0728176;Platelet
19.54554;3.2420325;Platelet
20.49626;4.128785;Platelet
19.549088;2.9787347;Platelet
20.086721;4.2116804;Platelet
20.446487;3.3657055;Platelet
19.576332;2.6858509;Platelet
19.83241;5.2918057;Platelet
20.356956;3.308041;Platelet
19.335695;3.0455341;Platelet
20.177017;5.380899;Platelet
20.087626;6.0524917;Platelet
20.409323;4.256767;Platelet
20.717327;4.552285;Platelet
19.785282;3.2095647;Platelet
20.024532;4.8588448;Platelet
20.098875;3.4677923;Platelet
21.00284;4.370592;Platelet
19.918512;3.7116723;Platelet
-4.4443913;3.0954986;Platelet
20.19265;4.984173;Platelet
19.938389;4.3529325;Platelet
20.324781;4.9768023;Platelet
20.183657;2.8346088;Platelet
20.095793;5.483409;Platelet
20.125616;3.28522;Platelet
-3.9425051;3.1215236;Platelet
20.1843;5.7069235;Platelet
20.538729;4.954814;Platelet
19.481407;2.9762697;Platelet
19.34092;3.1552367;Platelet
19.913717;3.8197706;Platelet
20.47388;4.5318184;Platelet
-4.042822;3.4753883;Platelet
20.647497;3.2776325;Platelet
20.861729;5.0716043;Platelet
20.530832;5.0147986;Platelet
20.473358;3.875246;Platelet
-3.7967234;2.9464386;Platelet
20.075914;6.106454;Platelet
20.622799;4.7067347;Platelet
19.842257;4.046456;Platelet
20.407175;4.0565224;Platelet
-4.4643626;3.1994681;Platelet
20.42073;3.4734006;Platelet
19.537935;3.135431;Platelet
20.631823;3.227261;Platelet
19.878698;4.1436143;Platelet
20.049313;5.2372446;Platelet
20.65003;3.6503606;Platelet
20.10442;3.3170846;Platelet
19.67476;3.1314964;Platelet
-4.0509167;2.9842627;Platelet
19.892704;5.0468483;Platelet
19.624573;5.1535215;Platelet
19.644997;4.9986396;Platelet
19.626228;3.1492462;Platelet
20.310198;3.4333892;Platelet
20.09756;5.235983;Platelet
20.650513;3.7071338;Platelet
20.114737;4.4221044;Platelet
20.393646;4.5666633;Platelet
19.399761;2.785433;Platelet
20.52905;5.024216;Platelet
19.466417;3.2728052;Platelet
20.092518;5.479323;Platelet
19.833853;6.087655;Platelet
19.529333;3.2559612;Platelet
19.960402;4.575792;Platelet
20.907446;4.5743732;Platelet
20.833765;4.9974217;Platelet
20.365026;5.9312825;Platelet
20.312197;5.745632;Platelet
19.367271;2.7137246;Platelet
20.69936;4.89219;Platelet
19.402327;2.8559961;Platelet
21.018713;5.0180974;Platelet
20.736856;4.1687155;Platelet
19.806416;4.562854;Platelet
20.431988;3.1976733;Platelet
19.474535;2.6469395;Platelet
19.689995;3.1502633;Platelet
19.776548;4.7170014;Platelet
20.237892;4.6682596;Platelet
-3.857544;3.0460322;Platelet
-3.903361;3.2458746;Platelet
-3.8565972;2.988166;Platelet
20.400372;3.8441942;Platelet
19.988478;4.514371;Platelet
-4.115984;3.1685016;Platelet
19.352705;2.9616444;Platelet
19.75234;3.9177303;Platelet
20.430151;3.3842492;Platelet
20.271692;5.171014;Platelet
19.933662;6.119721;Platelet
20.216797;4.886162;Platelet
19.40745;3.0371037;Platelet
20.137089;4.0780754;Platelet
20.96469;4.5736256;Platelet
20.54246;3.202757;Platelet
20.146852;3.5231917;Platelet
20.02466;3.8661282;Platelet
19.705893;5.441907;Platelet
20.41479;2.9630232;Platelet
20.295187;4.9755216;Platelet
19.524817;3.1872246;Platelet
-4.368591;3.2154992;Platelet
20.055065;4.4054456;Platelet
20.074718;3.4826179;Platelet
19.891413;4.2455363;Platelet
19.61853;3.0660298;Platelet
19.768387;4.117517;Platelet
19.970516;4.0454016;Platelet
19.563766;4.147789;Platelet
20.751364;4.5383334;Platelet
20.031898;3.5612;Platelet
19.781;5.020559;Platelet
19.769064;5.773041;Platelet
20.491047;3.4507923;Platelet
20.237896;3.1035454;Platelet
20.23236;3.7728095;Platelet
20.599064;3.4780948;Platelet
19.510073;3.1427994;Platelet
-4.018876;2.9919524;Platelet
20.2929;3.796345;Platelet
20.085983;4.0630956;Platelet
20.202736;3.3885694;Platelet
19.796755;3.8175519;Platelet
19.629274;4.5839686;Platelet
20.839367;3.9261231;Platelet
19.81132;3.7201514;Platelet
19.534288;3.0588143;Platelet
19.736805;5.493067;Platelet
19.738422;3.7541397;Platelet
19.689877;4.7023687;Platelet
20.700968;4.878509;Platelet
20.93966;4.105333;Platelet
-4.1063957;3.0434792;Platelet
20.28137;4.3166714;Platelet
20.037436;5.4318876;Platelet
20.433437;4.6693172;Platelet
20.494606;3.493046;Platelet
19.422821;2.959041;Platelet
19.670805;5.4075212;Platelet
-4.478753;3.1495955;Platelet
19.58199;5.0369606;Platelet
20.450062;3.545378;Platelet
-4.0468106;3.2389407;Platelet
20.713915;5.2292213;Platelet
20.500246;3.2417486;Platelet
20.51432;3.3332562;Platelet
19.841425;3.6289308;Platelet
20.488876;4.8010044;Platelet
19.582003;3.5186636;Platelet
19.62629;2.7088773;Platelet
19.914871;5.1039214;Platelet
19.467108;3.118474;Platelet
-4.215608;3.0066915;Platelet
20.295317;3.8966222;Platelet
19.800043;3.5542362;Platelet
-4.4236207;3.1264608;Platelet
20.031998;3.6334617;Platelet
20.111727;3.1850672;Platelet
19.652761;4.2308145;Platelet
19.976309;3.7509198;Platelet
20.915712;4.1673236;Platelet
19.797363;5.127955;Platelet
19.315102;3.872953;Platelet
20.001375;3.3692427;Platelet
20.738182;3.856317;Platelet
20.558321;3.7292073;Platelet
19.662615;3.5601923;Platelet
19.472044;2.6488228;Platelet
20.439217;3.3277793;Platelet
19.906212;4.0716558;Platelet
19.439844;3.4246924;Platelet
20.00984;3.740421;Platelet
19.673744;4.5125055;Platelet
20.913486;4.6113873;Platelet
19.675404;5.1691136;Platelet
20.356337;3.36955;Platelet
20.282766;2.9581628;Platelet
19.890596;3.8341134;Platelet
20.805225;3.944539;Platelet
19.387669;2.6430655;Platelet
20.20568;3.6753094;Platelet
20.250967;3.7348292;Platelet
19.532824;4.4604006;Platelet
20.233145;3.6279187;Platelet
19.817366;3.6945534;Platelet
20.241758;3.3954504;Platelet
19.8226;6.0834637;Platelet
20.054071;3.4260705;Platelet
20.175726;3.4772859;Platelet
20.425697;3.4500673;Platelet
19.524313;4.2052536;Platelet
20.230366;5.4522624;Platelet
-3.8571396;3.0204864;Platelet
-4.0468354;3.413927;Platelet
19.798435;5.2936077;Platelet
19.4748;3.5772014;Platelet
20.22506;5.9981775;Platelet
19.970621;4.771909;Platelet
19.887598;3.1781816;Platelet
-3.882683;3.0379648;Platelet
19.626535;4.694631;Platelet
19.87975;4.807341;Platelet
20.500666;4.9184527;Platelet
19.908323;5.069437;Platelet
19.295668;3.917403;Platelet
19.589308;3.2390146;Platelet
19.990322;3.214305;Platelet
20.328682;3.6021411;Platelet
-4.0400863;3.4425578;Platelet
19.628933;4.533123;Platelet
20.49549;3.7135632;Platelet
20.497927;4.8555374;Platelet
19.798569;5.4624324;Platelet
20.420671;3.3541026;Platelet
19.532969;2.6227086;Platelet
19.977953;4.335994;Platelet
20.26544;4.002981;Platelet
19.28147;3.9174178;Platelet
-4.1402717;2.9353704;Platelet
19.904388;4.1632066;Platelet
20.080124;5.199882;Platelet
19.545101;3.2054813;Platelet
19.70799;5.0380964;Platelet
20.662668;4.500615;Platelet
20.164082;4.0120616;Platelet
20.45547;3.8343008;Platelet
20.050356;3.9365323;Platelet
19.728725;5.5723834;Platelet
-3.9723887;2.9900093;Platelet
19.700485;5.323811;Platelet
20.389448;3.30694;Platelet
20.791769;4.483373;Platelet
19.564445;4.272698;Platelet
20.53134;4.679627;Platelet
20.372688;4.3780794;Platelet
20.726452;3.2777;Platelet
19.613607;4.313173;Platelet
20.90604;5.2217894;Platelet
19.603857;5.1527185;Platelet
-3.9218795;3.227004;Platelet
19.862186;6.164876;Platelet
19.930477;5.6879134;Platelet
20.2158;6.085149;Platelet
20.389524;6.0126753;Platelet
-4.2476096;3.1038668;Platelet
19.384918;2.7516055;Platelet
19.607891;4.685804;Platelet
19.370369;3.8138654;Platelet
20.544893;4.7030783;Platelet
20.206985;4.176811;Platelet
20.971209;4.8941875;Platelet
20.081196;3.5729241;Platelet
19.54405;4.150388;Platelet
-4.191657;3.0901797;Platelet
20.534256;3.219461;Platelet
19.507977;2.960368;Platelet
20.69411;4.209088;Platelet
20.252968;4.443394;Platelet
20.03062;3.2639792;Platelet
20.243876;3.9428265;Platelet
20.042576;4.5151505;Platelet
20.440289;3.2336452;Platelet
20.090477;6.1038594;Platelet
20.375181;3.647484;Platelet
19.554298;5.1096387;Platelet
19.938549;3.4321477;Platelet
19.473642;3.0810735;Platelet
-4.0206275;3.077299;Platelet
19.592447;4.8758416;Platelet
19.397943;3.4035697;Platelet
20.456812;3.923258;Platelet
20.29079;5.0406137;Platelet
20.484863;4.3565016;Platelet
20.429514;5.17077;Platelet
20.494156;3.402845;Platelet
19.787338;4.8398027;Platelet
20.407385;4.7161565;Platelet
20.179409;4.221664;Platelet
19.946445;4.244592;Platelet
20.287294;4.570179;Platelet
20.680258;4.3902454;Platelet
19.63541;4.5108957;Platelet
19.988674;4.278676;Platelet
20.681267;3.9208384;Platelet
19.793686;4.7688913;Platelet
20.563084;4.937909;Platelet
20.091908;4.614898;Platelet
19.702026;4.79786;Platelet
19.689035;5.1511893;Platelet
20.55553;3.7896662;Platelet
20.004389;4.5228314;Platelet
20.040363;5.5880075;Platelet
-4.458818;3.2641265;Platelet
20.110945;3.428392;Platelet
19.704475;3.9301238;Platelet
19.805246;3.6599836;Platelet
20.356537;3.2777317;Platelet
20.000557;3.8170621;Platelet
20.180613;5.3131027;Platelet
19.896996;3.6838138;Platelet
20.85025;4.080328;Platelet
20.95421;4.09968;Platelet
20.244919;3.8374326;Platelet
19.911524;6.111237;Platelet
20.662525;4.6158786;Platelet
-3.901934;3.2200015;Platelet
19.407425;2.7032053;Platelet
19.935688;4.786448;Platelet
20.321169;3.7015579;Platelet
20.597197;4.431832;Platelet
20.36631;5.168724;Platelet
20.25678;3.4684408;Platelet
-4.1628795;3.1012516;Platelet
20.161554;4.5267286;Platelet
-3.8476086;3.0220761;Platelet
19.569462;4.101799;Platelet
20.18673;3.9886332;Platelet
20.647087;4.147105;Platelet
20.145458;3.8840494;Platelet
21.025646;5.152006;Platelet
19.9216;3.5761151;Platelet
19.666628;5.4395113;Platelet
20.947248;3.9883747;Platelet
20.064558;3.4729357;Platelet
19.791895;3.509942;Platelet
20.28831;5.61613;Platelet
20.254478;5.480909;Platelet
19.459745;2.957403;Platelet
19.800507;3.2197082;Platelet
19.481932;3.8398476;Platelet
20.68646;4.316117;Platelet
19.964108;6.1958346;Platelet
20.60824;4.4852457;Platelet
20.515457;4.0098953;Platelet
20.422186;4.5425844;Platelet
19.912285;3.290022;Platelet
21.042337;5.040337;Platelet
-4.3446484;3.1568263;Platelet
20.353607;4.2538934;Platelet
19.960579;4.873931;Platelet
19.365286;2.9946423;Platelet
20.344894;3.885944;Platelet
19.934763;2.742051;Platelet
20.516973;3.3697772;Platelet
-4.166915;3.206884;Platelet
19.793003;5.257593;Platelet
19.575203;5.034258;Platelet
20.613325;3.8420677;Platelet
19.639086;5.479178;Platelet
19.889664;4.905203;Platelet
19.8706;4.213555;Platelet
19.835741;3.6540437;Platelet
19.709024;5.1084633;Platelet
19.658188;4.191394;Platelet
19.869633;4.8580847;Platelet
20.472616;3.1044645;Platelet
20.25389;3.3370495;Platelet
20.054846;4.310261;Platelet
20.290956;3.9299903;Platelet
20.52383;3.2690122;Platelet
19.659763;4.3980317;Platelet
20.03281;4.0947237;Platelet
20.481668;3.42128;Platelet
20.59329;3.2709286;Platelet
19.354836;3.4697936;Platelet
20.185415;4.5010376;Platelet
19.757898;4.882942;Platelet
-3.922139;3.1787922;Platelet
19.910427;4.5746026;Platelet
20.434675;4.787888;Platelet
-3.8499172;3.0473902;Platelet
19.90369;4.3243623;Platelet
19.915173;4.6167417;Platelet
19.513176;4.9970584;Platelet
19.387661;3.877139;Platelet
20.134108;4.883164;Platelet
20.065771;4.6829886;Platelet
19.998743;5.0295424;Platelet
19.460861;3.8866098;Platelet
20.447718;4.248823;Platelet
20.198471;4.1778603;Platelet
19.586775;2.771993;Platelet
-4.1243095;3.4558828;Platelet
-4.545148;3.2243538;Platelet
-3.8568332;3.1749737;Platelet
-4.5136147;3.1414337;Platelet
20.266132;4.385412;Platelet
19.301619;3.998502;Platelet
19.614273;3.4024754;Platelet
21.002672;4.8608317;Platelet
-3.7856543;2.9967656;Platelet
20.177036;3.7874138;Platelet
20.997248;5.0140424;Platelet
19.674286;4.905534;Platelet
20.272543;6.0620284;Platelet
21.041521;5.077658;Platelet
19.482635;3.0457935;Platelet
19.672531;4.9145904;Platelet
-4.2472034;3.0168338;Platelet
20.170725;4.037423;Platelet
19.977247;6.104171;Platelet
20.10792;4.4920154;Platelet
20.10073;5.3329253;Platelet
20.099714;4.3584805;Platelet
-3.8384173;3.134451;Platelet
20.683493;3.7159996;Platelet
20.295734;4.3478703;Platelet
20.172436;3.5054896;Platelet
20.31489;4.0827827;Platelet
20.141085;4.643106;Platelet
20.084852;6.0732465;Platelet
20.381466;3.3992164;Platelet
20.660906;3.6462188;Platelet
19.877037;5.042228;Platelet
19.982208;5.330112;Platelet
20.008698;3.7468748;Platelet
20.096825;5.068898;Platelet
20.680624;3.67072;Platelet
20.051786;3.2165592;Platelet
20.485313;4.1099744;Platelet
20.842413;4.67951;Platelet
20.079382;5.342527;Platelet
19.849081;6.160527;Platelet
20.816074;5.2727957;Platelet
20.652342;3.3699584;Platelet
20.446728;3.6230795;Platelet
20.174719;4.9318404;Platelet
20.928665;5.1899962;Platelet
-4.175782;3.248012;Platelet
19.388416;2.7940588;Platelet
19.973568;3.846425;Platelet
19.837511;3.266833;Platelet
19.799438;4.2716403;Platelet
19.417019;2.6921582;Platelet
19.722624;5.1674457;Platelet
20.608917;4.481602;Platelet
20.77579;3.7324214;Platelet
20.123518;3.411887;Platelet
19.597471;2.736486;Platelet
20.37977;3.195884;Platelet
19.885565;4.7703853;Platelet
20.831287;3.4982934;Platelet
-3.8595214;3.1685145;Platelet
19.813892;4.763758;Platelet
19.562048;5.127992;Platelet
19.34781;3.921784;Platelet
20.270964;3.7040079;Platelet
19.693321;4.8253927;Platelet
20.324913;3.5577955;Platelet
19.758547;2.917933;Platelet
20.453571;4.2319226;Platelet
-4.0120087;3.3674982;Platelet
20.761833;5.465849;Platelet
20.013987;4.673416;Platelet
19.582188;5.101884;Platelet
19.83166;3.7985363;Platelet
19.511637;4.6549106;Platelet
19.800364;6.104977;Platelet
20.624847;4.322252;Platelet
-3.8938444;2.9900167;Platelet
19.99821;6.1238894;Platelet
20.04076;3.4075665;Platelet
20.334345;4.351293;Platelet
20.367428;3.2306497;Platelet
20.054358;6.166505;Platelet
19.422998;4.097962;Platelet
20.663982;3.5775788;Platelet
19.65941;3.4482238;Platelet
20.707659;4.1189303;Platelet
20.671507;4.589885;Platelet
20.967594;3.9409122;Platelet
20.763044;3.8743846;Platelet
19.64416;5.212087;Platelet
20.13487;3.1016262;Platelet
20.360199;6.0211744;Platelet
20.010363;4.8291306;Platelet
19.696852;4.576709;Platelet
20.361689;3.8628566;Platelet
20.285574;3.0422354;Platelet
19.803768;3.795603;Platelet
19.954039;5.5272574;Platelet
19.905193;6.0822983;Platelet
20.003733;4.218874;Platelet
20.482525;4.0826106;Platelet
20.163248;5.3928165;Platelet
19.757692;4.3131404;Platelet
20.191433;6.0646987;Platelet
20.906116;4.2182717;Platelet
-4.2750134;3.400466;Platelet
19.614594;4.8106284;Platelet
-4.0739007;3.4330926;Platelet
19.906992;5.438349;Platelet
19.808273;4.249375;Platelet
19.465273;2.995269;Platelet
-4.181002;3.3485982;Platelet
20.187365;3.289369;Platelet
20.066647;3.3141057;Platelet
20.45243;5.865831;Platelet
19.58004;4.2323613;Platelet
20.508057;3.8282695;Platelet
20.81478;3.8327782;Platelet
-4.432945;3.14483;Platelet
20.254673;3.0265934;Platelet
20.296839;3.563639;Platelet
20.341637;6.038504;Platelet
20.811838;3.7877536;Platelet
20.967882;4.5495954;Platelet
20.1516;3.8884542;Platelet
20.38537;4.1681957;Platelet
-4.0619545;3.4387825;Platelet
-3.8947954;2.9678361;Platelet
20.322002;4.246692;Platelet
20.233921;3.0870945;Platelet
20.292582;4.7617984;Platelet
20.555412;4.9448147;Platelet
19.729828;5.613212;Platelet
20.223278;5.062645;Platelet
19.939535;4.950808;Platelet
-4.1675873;3.0185142;Platelet
20.239353;4.9708123;Platelet
20.872042;4.109392;Platelet
20.475885;3.4213004;Platelet
20.181108;4.776535;Platelet
20.697065;3.664631;Platelet
20.302023;3.1043537;Platelet
19.509394;3.035907;Platelet
20.648178;4.590189;Platelet
20.156933;5.233075;Platelet
-4.0589943;3.1825335;Platelet
20.843075;4.4493394;Platelet
20.818125;4.7274866;Platelet
-4.1982307;3.1742814;Platelet
20.322948;4.9518423;Platelet
19.781445;3.8210113;Platelet
19.657892;4.48211;Platelet
20.348894;5.9313965;Platelet
20.127266;6.105282;Platelet
20.795837;4.207247;Platelet
20.235682;3.2606108;Platelet
19.665182;4.3078313;Platelet
20.618475;3.7316835;Platelet
19.446234;2.6449666;Platelet
19.699696;4.1639314;Platelet
20.493263;3.2830164;Platelet
20.669897;4.5820074;Platelet
20.077301;6.1286397;Platelet
20.915665;5.023805;Platelet
19.920486;6.1468496;Platelet
19.975489;4.302155;Platelet
-4.035986;3.0561965;Platelet
-4.236244;3.1603425;Platelet
20.168089;3.3584292;Platelet
-3.89338;2.8701851;Platelet
19.658876;4.2161174;Platelet
20.893198;5.1301484;Platelet
20.05372;3.6090362;Platelet
19.512014;2.7462804;Platelet
19.622114;4.379;Platelet
19.523958;3.2436128;Platelet
-4.4343104;3.1196969;Platelet
20.510132;3.800867;Platelet
19.813343;4.181447;Platelet
19.43665;4.052985;Platelet
-4.3780446;3.1319616;Platelet
20.211737;2.8794706;Platelet
20.351028;4.2023926;Platelet
19.680586;5.2486677;Platelet
20.022861;4.621747;Platelet
19.828701;3.3278646;Platelet
20.984228;4.2835817;Platelet
20.297411;3.9310796;Platelet
19.824259;6.1763835;Platelet
19.933678;4.085358;Platelet
19.728443;4.669051;Platelet
20.316504;5.7751756;Platelet
20.308336;5.950719;Platelet
20.463787;3.2314007;Platelet
20.1427;4.987376;Platelet
19.540163;3.1539938;Platelet
19.714417;5.3407583;Platelet
-3.9544947;3.276955;Platelet
20.668497;3.2455163;Platelet
19.602608;3.3473735;Platelet
20.961903;4.888044;Platelet
20.40446;2.9887516;Platelet
-4.505388;3.1337028;Platelet
19.68313;5.4443913;Platelet
19.555143;3.813174;Platelet
20.418697;3.313415;Platelet
20.139395;3.863327;Platelet
-4.018745;2.9021578;Platelet
19.959324;4.0913157;Platelet
-4.5072494;3.1374786;Platelet
-3.9180026;3.123575;Platelet
-4.041517;2.9877195;Platelet
20.127638;3.448519;Platelet
19.891678;3.988589;Platelet
20.17621;4.683436;Platelet
20.197882;3.5955641;Platelet
-1.6130883;-1.9773467;Platelet
20.472721;3.5146832;Platelet
19.77036;5.3893704;Platelet
19.718735;4.231937;Platelet
19.402815;2.836769;Platelet
-3.9741817;3.200412;Platelet
-4.1537113;3.0851676;Platelet
19.835564;5.5981846;Platelet
19.470848;5.114124;Platelet
20.656376;4.7567744;Platelet
20.812012;4.232654;Platelet
-4.039854;3.0898554;Platelet
20.91088;4.1336384;Platelet
19.430023;2.7162187;Platelet
19.711021;5.577321;Platelet
-4.463273;3.1476946;Platelet
19.89837;6.089506;Platelet
20.763512;3.5735674;Platelet
20.397337;4.0782385;Platelet
20.652084;4.0523725;Platelet
20.777855;4.0957127;Platelet
20.959848;4.934259;Platelet
19.698511;3.7320259;Platelet
-4.5349064;3.2408574;Platelet
20.080187;4.377555;Platelet
19.616009;4.1348414;Platelet
20.99656;4.551498;Platelet
21.054325;5.0745344;Platelet
19.709946;4.6264973;Platelet
20.683882;5.1662703;Platelet
19.334639;2.7574794;Platelet
19.496927;4.2036133;Platelet
19.917217;3.7971473;Platelet
-4.102912;3.2677715;Platelet
9.0817375;5.097665;Platelet
20.421045;3.7829735;Platelet
-4.2287445;3.0695062;Platelet
20.547415;3.4081552;Platelet
19.892824;5.230443;Platelet
20.161278;5.9303646;Platelet
-3.9575136;3.412576;Platelet
19.999304;4.7698135;Platelet
19.62936;4.9359937;Platelet
19.439825;4.311703;Platelet
19.57626;4.8871107;Platelet
-4.147693;3.0857086;Platelet
-3.9433835;2.992453;Platelet
-3.8214679;2.9832535;Platelet
-4.0900316;3.2240183;Platelet
19.721119;5.277314;Platelet
-4.044668;3.3162336;Platelet
19.586645;4.2790103;Platelet
-4.0261583;3.1599863;Platelet
-4.1808887;3.1171212;Platelet
20.425755;4.4830604;Platelet
19.989635;3.6964216;Platelet
20.405035;4.1189384;Platelet
19.769567;4.0097914;Platelet
20.349957;3.4052863;Platelet
20.936907;4.032073;Platelet
19.65345;4.3526983;Platelet
20.812017;4.4339757;Platelet
20.100492;4.1956043;Platelet
-3.7550125;2.9362905;Platelet
20.912348;5.035795;Platelet
-4.289114;3.383128;Platelet
19.37758;3.8684464;Platelet
-3.9092784;3.0451114;Platelet
20.09268;3.9720693;Platelet
19.299911;3.9573016;Platelet
20.56101;4.746265;Platelet
20.833729;4.8966784;Platelet
20.910086;5.0088406;Platelet
20.151466;3.989137;Platelet
20.419954;3.5099547;Platelet
20.9702;3.9679453;Platelet
19.632647;3.6000457;Platelet
-4.2807784;3.3309717;Platelet
20.800476;4.9687533;Platelet
19.680414;5.3929486;Platelet
19.896055;5.0019464;Platelet
20.01798;4.5516505;Platelet
20.65862;4.548573;Platelet
20.28056;4.257141;Platelet
20.49436;4.942988;Platelet
19.445305;4.956255;Platelet
19.819065;6.164997;Platelet
20.148676;4.6130695;Platelet
-4.0901346;3.0599353;Platelet
19.797777;4.211923;Platelet
20.379625;4.6395187;Platelet
20.172691;4.1201773;Platelet
19.443819;3.7991502;Platelet
20.298754;3.9522743;Platelet
19.872913;3.887561;Platelet
20.841461;4.6828804;Platelet
20.102133;5.9776564;Platelet
20.337402;3.7800515;Platelet
19.662462;4.7076955;Platelet
20.057291;4.159689;Platelet
19.933582;3.9820147;Platelet
20.640533;3.6089962;Platelet
20.274288;4.9573174;Platelet
19.399712;3.1540618;Platelet
20.408113;4.4105735;Platelet
20.450016;4.4404616;Platelet
20.843712;5.234712;Platelet
20.71716;4.590831;Platelet
19.441828;3.0414388;Platelet
19.943172;4.3456297;Platelet
20.605057;3.9794989;Platelet
19.711472;3.8122096;Platelet
20.731628;4.51865;Platelet
20.631895;5.3367467;Platelet
-4.441873;3.1932495;Platelet
20.323738;3.9223394;Platelet
19.657244;4.967089;Platelet
20.151403;6.0814223;Platelet
19.772192;4.7087407;Platelet
19.850136;6.1133204;Platelet
19.902876;5.809475;Platelet
19.65599;4.6506443;Platelet
13.341984;6.8099155;Platelet
20.65642;4.5528097;Platelet
19.858284;4.3206816;Platelet
19.85534;4.613696;Platelet
19.988443;6.0594754;Platelet
-4.0547996;3.1110208;Platelet
20.440475;3.9510312;Platelet
19.82825;6.153739;Platelet
19.394203;3.9974437;Platelet
-4.1885467;3.0286715;Platelet
19.83242;3.9396064;Platelet
20.627756;3.8605278;Platelet
-4.3896976;3.0997348;Platelet
-1.6130613;-1.9774133;Platelet
20.654825;4.0234113;Platelet
19.402405;2.655111;Platelet
19.527575;2.641399;Platelet
-4.3073316;3.3235722;Platelet
19.547598;3.062512;Platelet
20.704731;4.3437295;Platelet
20.114737;3.3747668;Platelet
20.309938;3.3180847;Platelet
20.23853;5.8398776;Platelet
19.684212;3.720022;Platelet
19.869982;3.7745974;Platelet
20.30889;3.238477;Platelet
-3.9978807;3.4107523;Platelet
-4.541378;3.1146915;Platelet
19.807434;6.1484795;Platelet
20.894316;4.162403;Platelet
20.745111;3.9430997;Platelet
-4.078827;2.9937782;Platelet
-3.8560028;3.002118;Platelet
20.056143;3.934009;Platelet
20.407995;4.6256104;Platelet
20.740011;4.4678264;Platelet
20.024595;3.8343623;Platelet
20.239765;3.3974633;Platelet
20.376879;2.9341378;Platelet
19.431608;3.135535;Platelet
19.844368;6.167702;Platelet
20.67645;4.8595934;Platelet
21.03237;5.0766196;Platelet
20.61856;4.1398425;Platelet
19.339933;2.9759133;Platelet
-4.44003;3.1295228;Platelet
-4.387703;3.209977;Platelet
20.389996;4.6099815;Platelet
19.768524;6.118728;Platelet
19.393032;2.896227;Platelet
20.445454;4.0247464;Platelet
-3.903909;3.0925665;Platelet
19.82656;4.07841;Platelet
-3.9746196;2.969547;Platelet
20.09325;4.9595017;Platelet
20.55131;4.2696314;Platelet
19.899488;4.9952292;Platelet
20.491642;4.527704;Platelet
19.584244;3.7364483;Platelet
19.825941;4.532977;Platelet
20.344212;5.740385;Platelet
19.744234;5.464822;Platelet
19.56786;2.6704676;Platelet
20.495369;5.5266347;Platelet
-3.7991648;2.964758;Platelet
20.214113;4.59197;Platelet
19.898304;6.1096025;Platelet
19.7204;4.4775414;Platelet
19.896444;3.1606495;Platelet
20.631062;3.3809443;Platelet
19.892948;4.8908486;Platelet
-3.7727344;3.0353682;Platelet
20.422287;5.9802957;Platelet
-4.1993723;3.179056;Platelet
20.02628;4.0904255;Platelet
20.170092;5.3177934;Platelet
19.452267;2.7805297;Platelet
-1.6131252;-1.9774264;Platelet
19.732294;5.559925;Platelet
19.60079;3.0559003;Platelet
-3.9541168;3.014415;Platelet
20.338472;3.6848001;Platelet
19.923777;3.6831844;Platelet
19.54036;3.258101;Platelet
19.908796;4.5947084;Platelet
20.293331;4.2316227;Platelet
20.38382;4.658516;Platelet
20.308676;3.3939457;Platelet
-3.876313;3.1147606;Platelet
20.020903;5.058172;Platelet
20.444742;4.1638713;Platelet
20.556623;4.134874;Platelet
-4.0634494;3.5610058;Platelet
19.956991;5.5207405;Platelet
19.45954;2.9738138;Platelet
-4.581968;3.1094742;Platelet
-4.0137477;3.3557148;Platelet
-4.4361825;3.1856968;Platelet
20.180292;4.999945;Platelet
19.669706;4.640552;Platelet
-3.8946018;2.9883413;Platelet
19.739212;3.916593;Platelet
20.091597;6.1165905;Platelet
19.309034;3.8127024;Platelet
19.376545;2.7812908;Platelet
20.209904;4.8416924;Platelet
19.869148;4.7148185;Platelet
19.815887;3.7135303;Platelet
20.40914;4.387172;Platelet
19.555925;4.4751287;Platelet
-4.094094;3.2494893;Platelet
19.693075;3.298175;Platelet
19.435114;3.3939538;Platelet
20.548382;3.5871267;Platelet
20.482208;3.8614573;Platelet
20.605997;4.499145;Platelet
20.230566;3.2037234;Platelet
19.935402;3.5399103;Platelet
19.994175;6.1689305;Platelet
20.899445;3.9355614;Platelet
19.825539;4.757576;Platelet
20.413567;3.299511;Platelet
20.18643;5.736729;Platelet
20.796848;5.227193;Platelet
20.102402;5.32547;Platelet
-3.8954487;3.1663644;Platelet
20.349081;4.203227;Platelet
20.161837;4.9405212;Platelet
19.412184;3.8490639;Platelet
19.533558;4.203389;Platelet
20.213926;3.7571945;Platelet
-1.6131977;-1.9774505;Platelet
20.330809;6.0344663;Platelet
20.855045;5.250147;Platelet
20.542137;4.7167735;Platelet
20.19937;5.3809223;Platelet
20.48808;4.7437997;Platelet
-4.1192017;3.1783478;Platelet
-4.2542353;3.202747;Platelet
19.735016;5.031399;Platelet
-4.5238676;3.1034248;Platelet
19.45473;3.0774298;Platelet
19.864548;4.8242354;Platelet
20.408405;3.4062133;Platelet
19.248842;4.102815;Platelet
20.689922;3.280507;Platelet
19.629444;4.518985;Platelet
19.762552;5.3338213;Platelet
-4.3444834;3.1031365;Platelet
-3.865753;2.9954944;Platelet
20.531815;3.6002429;Platelet
19.39727;2.7474284;Platelet
19.92648;5.0889854;Platelet
-4.467074;3.1651127;Platelet
20.61192;3.6068714;Platelet
20.681383;3.989633;Platelet
19.639067;2.73421;Platelet
20.506088;4.2940955;Platelet
19.794277;6.145862;Platelet
-3.8994536;2.911185;Platelet
20.957094;4.0574117;Platelet
20.508795;3.2109697;Platelet
19.569046;4.8500605;Platelet
20.794207;4.053711;Platelet
19.808361;4.958002;Platelet
-4.4598656;3.1728892;Platelet
20.394583;4.934262;Platelet
-3.8835356;3.0887642;Platelet
-4.082839;3.28857;Platelet
20.261526;4.64262;Platelet
20.242563;3.11941;Platelet
19.8546;4.798401;Platelet
-3.7698114;2.9790027;Platelet
-4.1522655;3.3243384;Platelet
20.541311;5.1933327;Platelet
20.916378;4.077583;Platelet
19.906229;4.76512;Platelet
20.072702;5.0611076;Platelet
19.801863;5.315812;Platelet
19.968628;4.126635;Platelet
20.875237;5.1837516;Platelet
